ISO-10303-21;
HEADER;
FILE_DESCRIPTION (( 'STEP AP214' ),
    '1' );
FILE_NAME ('DR125.STEP',
    '2020-11-23T12:41:46',
    ( '' ),
    ( '' ),
    'SwSTEP 2.0',
    'SolidWorks 2016',
    '' );
FILE_SCHEMA (( 'AUTOMOTIVE_DESIGN' ));
ENDSEC;

DATA;
#1 = CARTESIAN_POINT ( 'NONE',  ( 1.850000000000000100, 0.0000000000000000000, -3.949719055553642600 ) ) ;
#2 = EDGE_LOOP ( 'NONE', ( #4107, #3121, #2061, #1169 ) ) ;
#3 = EDGE_LOOP ( 'NONE', ( #1494, #8114, #7212, #7456 ) ) ;
#4 = EDGE_CURVE ( 'NONE', #7018, #7708, #1813, .T. ) ;
#5 = DIRECTION ( 'NONE',  ( 0.6907124771418919900, -3.491481338843133400E-015, -0.7231295001038965400 ) ) ;
#6 = CARTESIAN_POINT ( 'NONE',  ( -2.253462233519209600, 0.7191252243511374600, 4.527032570061936500 ) ) ;
#7 = CARTESIAN_POINT ( 'NONE',  ( -5.750000000000000000, 0.5371092495122248300, 2.449999999999999300 ) ) ;
#8 = CARTESIAN_POINT ( 'NONE',  ( -4.140508901201028100, 3.163880643471973700, -3.170481851183635700 ) ) ;
#9 = CARTESIAN_POINT ( 'NONE',  ( 4.156066017177984400, -0.2060660171779816200, -2.450000000000001100 ) ) ;
#10 = ADVANCED_FACE ( 'NONE', ( #184 ), #109, .T. ) ;
#11 = EDGE_CURVE ( 'NONE', #1163, #7820, #4362, .T. ) ;
#12 = DIRECTION ( 'NONE',  ( -0.0000000000000000000, 1.000000000000000000, -0.0000000000000000000 ) ) ;
#13 = CIRCLE ( 'NONE', #4363, 0.5000000000000004400 ) ;
#14 = VECTOR ( 'NONE', #1792, 1000.000000000000200 ) ;
#15 = AXIS2_PLACEMENT_3D ( 'NONE', #5499, #6161, #552 ) ;
#16 = DIRECTION ( 'NONE',  ( 0.0000000000000000000, 0.0000000000000000000, -1.000000000000000000 ) ) ;
#17 = ORIENTED_EDGE ( 'NONE', *, *, #3813, .F. ) ;
#18 = CARTESIAN_POINT ( 'NONE',  ( -4.140508901201028100, 3.163880643471973700, -3.170481851183635700 ) ) ;
#19 = EDGE_CURVE ( 'NONE', #5223, #7123, #7015, .T. ) ;
#20 = LINE ( 'NONE', #4545, #2865 ) ;
#21 = DIRECTION ( 'NONE',  ( 0.0000000000000000000, -0.0000000000000000000, 1.000000000000000000 ) ) ;
#22 = VECTOR ( 'NONE', #7988, 1000.000000000000000 ) ;
#23 = ORIENTED_EDGE ( 'NONE', *, *, #331, .T. ) ;
#24 = VERTEX_POINT ( 'NONE', #4491 ) ;
#25 = LINE ( 'NONE', #1440, #1480 ) ;
#26 = ADVANCED_FACE ( 'NONE', ( #2220 ), #6334, .T. ) ;
#27 = CARTESIAN_POINT ( 'NONE',  ( -3.000000000000000000, 5.000000000000000000, -0.0000000000000000000 ) ) ;
#28 = EDGE_LOOP ( 'NONE', ( #6178, #2829, #544, #842 ) ) ;
#29 = CIRCLE ( 'NONE', #3801, 0.1000000000000002600 ) ;
#30 = DIRECTION ( 'NONE',  ( -0.0000000000000000000, 1.000000000000000000, -0.0000000000000000000 ) ) ;
#31 = LINE ( 'NONE', #2355, #7060 ) ;
#32 = DIRECTION ( 'NONE',  ( 1.000000000000000000, 8.340016711426986100E-017, 0.0000000000000000000 ) ) ;
#33 = CARTESIAN_POINT ( 'NONE',  ( -0.9499999999999988500, 0.0000000000000000000, 1.000000000000000000 ) ) ;
#34 = EDGE_CURVE ( 'NONE', #6249, #3070, #3769, .T. ) ;
#35 = DIRECTION ( 'NONE',  ( -0.7231295001038965400, 0.0000000000000000000, -0.6907124771418919900 ) ) ;
#36 = ORIENTED_EDGE ( 'NONE', *, *, #6572, .F. ) ;
#37 = ORIENTED_EDGE ( 'NONE', *, *, #2802, .T. ) ;
#38 = CARTESIAN_POINT ( 'NONE',  ( 1.850000000000001000, 0.0000000000000000000, 3.949719055553578200 ) ) ;
#39 = ORIENTED_EDGE ( 'NONE', *, *, #1446, .T. ) ;
#40 = CARTESIAN_POINT ( 'NONE',  ( -4.262132034355966300, -0.1000000000000001000, -2.450000000000001100 ) ) ;
#41 = PRODUCT_CONTEXT ( 'NONE', #99, 'mechanical' ) ;
#42 = FACE_OUTER_BOUND ( 'NONE', #5666, .T. ) ;
#43 = EDGE_CURVE ( 'NONE', #4706, #3003, #859, .T. ) ;
#44 = LINE ( 'NONE', #7791, #4371 ) ;
#45 = FACE_OUTER_BOUND ( 'NONE', #5321, .T. ) ;
#46 = CARTESIAN_POINT ( 'NONE',  ( 6.000000000000000000, 1.416485055564248300E-015, 2.449999999999999300 ) ) ;
#47 = EDGE_CURVE ( 'NONE', #2282, #2860, #7307, .T. ) ;
#48 = FACE_OUTER_BOUND ( 'NONE', #2622, .T. ) ;
#49 = CIRCLE ( 'NONE', #7822, 0.1000000000000002600 ) ;
#50 = CARTESIAN_POINT ( 'NONE',  ( 5.499999999999998200, -0.2499999999999988100, 0.5000000000000000000 ) ) ;
#51 = ADVANCED_FACE ( 'NONE', ( #5086 ), #2007, .T. ) ;
#52 = CARTESIAN_POINT ( 'NONE',  ( -3.959726526175053600, 3.163880643471973700, -2.997803731898162700 ) ) ;
#53 = CARTESIAN_POINT ( 'NONE',  ( 4.262132034355966300, -0.2499999999999989700, -2.450000000000001100 ) ) ;
#54 = CARTESIAN_POINT ( 'NONE',  ( 3.327817459305188100, 0.2500000000000000000, 2.620710678118654900 ) ) ;
#55 = DIRECTION ( 'NONE',  ( 1.000000000000000000, -0.0000000000000000000, 0.0000000000000000000 ) ) ;
#56 = EDGE_CURVE ( 'NONE', #5367, #5948, #4412, .T. ) ;
#57 = LINE ( 'NONE', #7016, #6502 ) ;
#58 = ORIENTED_EDGE ( 'NONE', *, *, #3978, .F. ) ;
#59 = PLANE ( 'NONE',  #4682 ) ;
#60 = FACE_OUTER_BOUND ( 'NONE', #3494, .T. ) ;
#61 = DIRECTION ( 'NONE',  ( 0.4994745683111421800, 0.6907124771418916600, -0.5229162739205101000 ) ) ;
#62 = AXIS2_PLACEMENT_3D ( 'NONE', #3959, #1553, #259 ) ;
#63 = CARTESIAN_POINT ( 'NONE',  ( 4.055692109183181200, -13.80215859328339600, 2.897334221987268400 ) ) ;
#64 = CARTESIAN_POINT ( 'NONE',  ( 3.320662628199693200, 0.3999999999999998000, 4.028805748864901800 ) ) ;
#65 = CIRCLE ( 'NONE', #4620, 0.4000000000000004100 ) ;
#66 = CLOSED_SHELL ( 'NONE', ( #404, #7260, #3295, #3461, #6395, #5274, #7947, #7039, #1286, #3709 ) ) ;
#67 = ORIENTED_EDGE ( 'NONE', *, *, #6406, .T. ) ;
#69 = CIRCLE ( 'NONE', #6232, 1.000000000000000000 ) ;
#68 = PLANE ( 'NONE',  #7945 ) ;
#70 = DIRECTION ( 'NONE',  ( 0.0000000000000000000, 0.0000000000000000000, 1.000000000000000000 ) ) ;
#71 = ORIENTED_EDGE ( 'NONE', *, *, #4708, .T. ) ;
#72 = ORIENTED_EDGE ( 'NONE', *, *, #7532, .F. ) ;
#73 = VERTEX_POINT ( 'NONE', #5897 ) ;
#74 = EDGE_CURVE ( 'NONE', #5414, #6711, #1060, .T. ) ;
#75 = VERTEX_POINT ( 'NONE', #167 ) ;
#76 = CARTESIAN_POINT ( 'NONE',  ( 3.242819847682089300, 5.000000000000000000, -4.223712162953238400 ) ) ;
#77 = ORIENTED_EDGE ( 'NONE', *, *, #3984, .T. ) ;
#78 = LINE ( 'NONE', #313, #765 ) ;
#79 = CARTESIAN_POINT ( 'NONE',  ( 5.999999999999999100, 5.000000000000000000, -3.000000000000000000 ) ) ;
#80 = AXIS2_PLACEMENT_3D ( 'NONE', #5579, #1210, #3735 ) ;
#81 = CARTESIAN_POINT ( 'NONE',  ( -4.011556637993666500, 0.4000000000000019100, -3.305486196285772200 ) ) ;
#82 = ORIENTED_EDGE ( 'NONE', *, *, #7940, .T. ) ;
#83 = CARTESIAN_POINT ( 'NONE',  ( -6.000000000000000000, 5.000000000000000000, 6.000000000000000000 ) ) ;
#84 = ORIENTED_EDGE ( 'NONE', *, *, #3768, .T. ) ;
#85 = EDGE_LOOP ( 'NONE', ( #37, #4872, #5901, #7896 ) ) ;
#86 = DIRECTION ( 'NONE',  ( 0.0000000000000000000, -1.000000000000000000, 0.0000000000000000000 ) ) ;
#87 = CARTESIAN_POINT ( 'NONE',  ( -4.012700012980800100, 0.2949861872786540600, -3.304289159587813400 ) ) ;
#88 = EDGE_CURVE ( 'NONE', #1105, #3606, #1708, .T. ) ;
#89 = CARTESIAN_POINT ( 'NONE',  ( 5.999999999999999100, 4.400000000000000400, -3.000000000000000000 ) ) ;
#90 = CARTESIAN_POINT ( 'NONE',  ( -3.534314575036434600, -0.1500000000000000200, 2.450000000010277300 ) ) ;
#91 = VERTEX_POINT ( 'NONE', #5257 ) ;
#92 = ORIENTED_EDGE ( 'NONE', *, *, #5656, .T. ) ;
#93 = CARTESIAN_POINT ( 'NONE',  ( -3.407986071760449800, -4.815984494934302700, 3.567932165683050300 ) ) ;
#94 = ORIENTED_EDGE ( 'NONE', *, *, #7792, .F. ) ;
#95 = AXIS2_PLACEMENT_3D ( 'NONE', #510, #4941, #6746 ) ;
#96 = ADVANCED_FACE ( 'NONE', ( #3809 ), #7174, .T. ) ;
#97 = CARTESIAN_POINT ( 'NONE',  ( -3.745358649331324700, 0.2500000000000000000, 3.038251868144763000 ) ) ;
#98 = CARTESIAN_POINT ( 'NONE',  ( -4.156066017177984400, -0.2060660171779828100, 2.449999999999999300 ) ) ;
#99 = APPLICATION_CONTEXT ( 'automotive_design' ) ;
#100 = EDGE_LOOP ( 'NONE', ( #4919, #335, #3132, #2941 ) ) ;
#101 = EDGE_CURVE ( 'NONE', #7545, #4469, #1431, .T. ) ;
#102 = EDGE_LOOP ( 'NONE', ( #6131, #4952, #5947, #1477 ) ) ;
#103 = AXIS2_PLACEMENT_3D ( 'NONE', #2043, #6534, #5295 ) ;
#104 = DIRECTION ( 'NONE',  ( 0.7231295001038959800, 3.491481338843133400E-015, 0.6907124771418926600 ) ) ;
#105 = ORIENTED_EDGE ( 'NONE', *, *, #7889, .F. ) ;
#106 = EDGE_CURVE ( 'NONE', #5414, #6526, #4875, .T. ) ;
#107 = CARTESIAN_POINT ( 'NONE',  ( -3.534314575036434600, -5.421010862427522200E-017, 2.450000000014010300 ) ) ;
#108 = DIRECTION ( 'NONE',  ( -0.4994745683111420100, -0.7231295001038964300, -0.4770837260794872400 ) ) ;
#109 = PLANE ( 'NONE',  #4630 ) ;
#110 = ORIENTED_EDGE ( 'NONE', *, *, #5874, .T. ) ;
#111 = VECTOR ( 'NONE', #7681, 1000.000000000000000 ) ;
#112 = DIRECTION ( 'NONE',  ( 0.0000000000000000000, 0.0000000000000000000, -1.000000000000000000 ) ) ;
#113 = FACE_OUTER_BOUND ( 'NONE', #2039, .T. ) ;
#114 = CARTESIAN_POINT ( 'NONE',  ( -5.000000000000000000, 5.000000000000000000, 6.000000000000000000 ) ) ;
#115 = CARTESIAN_POINT ( 'NONE',  ( 3.067465623966121800, 0.6973362886642217000, 4.328478490218136800 ) ) ;
#116 = DIRECTION ( 'NONE',  ( -0.6907124771418919900, 3.469446951953614200E-015, 0.7231295001038966500 ) ) ;
#117 = CARTESIAN_POINT ( 'NONE',  ( 4.242640687119284800, 0.0000000000000000000, 4.242640687119284800 ) ) ;
#118 = VERTEX_POINT ( 'NONE', #928 ) ;
#119 = LINE ( 'NONE', #6601, #7835 ) ;
#120 = VECTOR ( 'NONE', #5246, 1000.000000000000000 ) ;
#121 = EDGE_CURVE ( 'NONE', #4019, #816, #4606, .T. ) ;
#122 = AXIS2_PLACEMENT_3D ( 'NONE', #1867, #5730, #3822 ) ;
#123 = CARTESIAN_POINT ( 'NONE',  ( -5.000000000000000000, 5.000000000000000000, -6.000000000000000000 ) ) ;
#124 =( REPRESENTATION_RELATIONSHIP ('NONE','NONE', #5360, #7856 ) REPRESENTATION_RELATIONSHIP_WITH_TRANSFORMATION ( #7950 )SHAPE_REPRESENTATION_RELATIONSHIP( ) );
#125 = ORIENTED_EDGE ( 'NONE', *, *, #5906, .F. ) ;
#126 = CIRCLE ( 'NONE', #2140, 0.09999999999999982500 ) ;
#127 = ORIENTED_EDGE ( 'NONE', *, *, #6772, .T. ) ;
#128 = EDGE_LOOP ( 'NONE', ( #6799, #1287, #7107, #1524, #7927, #3112, #4711, #1145, #1917, #1056 ) ) ;
#129 = LINE ( 'NONE', #3456, #7957 ) ;
#130 = AXIS2_PLACEMENT_3D ( 'NONE', #2545, #2517, #5000 ) ;
#131 = DIRECTION ( 'NONE',  ( -0.0000000000000000000, 1.000000000000000000, -0.0000000000000000000 ) ) ;
#132 = FACE_OUTER_BOUND ( 'NONE', #2169, .T. ) ;
#133 = EDGE_LOOP ( 'NONE', ( #4794, #5228, #1711, #971 ) ) ;
#134 = ADVANCED_FACE ( 'NONE', ( #1525 ), #4003, .F. ) ;
#135 = CARTESIAN_POINT ( 'NONE',  ( 3.173667322049290400, 2.784140959757547500, 3.820754841285406700 ) ) ;
#136 = EDGE_CURVE ( 'NONE', #2328, #1049, #6038, .T. ) ;
#137 = VERTEX_POINT ( 'NONE', #7093 ) ;
#138 = ORIENTED_EDGE ( 'NONE', *, *, #4920, .F. ) ;
#139 = VECTOR ( 'NONE', #5317, 1000.000000000000000 ) ;
#140 = FACE_OUTER_BOUND ( 'NONE', #4825, .T. ) ;
#141 = VECTOR ( 'NONE', #4956, 1000.000000000000000 ) ;
#142 = AXIS2_PLACEMENT_3D ( 'NONE', #1127, #3125, #6796 ) ;
#143 = LINE ( 'NONE', #6207, #6583 ) ;
#144 = DIRECTION ( 'NONE',  ( -0.0000000000000000000, -0.0000000000000000000, -1.000000000000000000 ) ) ;
#145 = VERTEX_POINT ( 'NONE', #4595 ) ;
#146 = DIRECTION ( 'NONE',  ( 0.6907124771418927700, 3.491481338843133400E-015, -0.7231295001038959800 ) ) ;
#147 = VECTOR ( 'NONE', #5514, 1000.000000000000000 ) ;
#148 = EDGE_CURVE ( 'NONE', #7489, #2261, #3911, .T. ) ;
#149 = SURFACE_SIDE_STYLE ('',( #1862 ) ) ;
#150 = FACE_OUTER_BOUND ( 'NONE', #2027, .T. ) ;
#151 = AXIS2_PLACEMENT_3D ( 'NONE', #6245, #2528, #2436 ) ;
#152 = VERTEX_POINT ( 'NONE', #6440 ) ;
#153 = CYLINDRICAL_SURFACE ( 'NONE', #985, 0.09999999999999982500 ) ;
#154 = DIRECTION ( 'NONE',  ( 1.000000000000000000, 0.0000000000000000000, -1.204669080539449300E-016 ) ) ;
#155 = DIRECTION ( 'NONE',  ( -0.0000000000000000000, -1.000000000000000000, -0.0000000000000000000 ) ) ;
#156 = EDGE_CURVE ( 'NONE', #6123, #5223, #5466, .T. ) ;
#157 = FACE_OUTER_BOUND ( 'NONE', #7612, .T. ) ;
#158 = EDGE_LOOP ( 'NONE', ( #5669, #2762, #1355, #1074 ) ) ;
#159 = FACE_OUTER_BOUND ( 'NONE', #6585, .T. ) ;
#160 = DIRECTION ( 'NONE',  ( 0.0000000000000000000, 0.0000000000000000000, -1.000000000000000000 ) ) ;
#161 = CARTESIAN_POINT ( 'NONE',  ( -1.749999999999998900, 0.0000000000000000000, 5.099999999999997900 ) ) ;
#162 = FACE_OUTER_BOUND ( 'NONE', #254, .T. ) ;
#163 = VERTEX_POINT ( 'NONE', #273 ) ;
#164 = FACE_OUTER_BOUND ( 'NONE', #2765, .T. ) ;
#165 = VERTEX_POINT ( 'NONE', #7146 ) ;
#166 = CARTESIAN_POINT ( 'NONE',  ( -5.500000000000000000, 0.0000000000000000000, 2.449999999999999300 ) ) ;
#167 = CARTESIAN_POINT ( 'NONE',  ( 2.000000000000000400, 0.2500000000000000000, 1.000000000000000000 ) ) ;
#168 = CARTESIAN_POINT ( 'NONE',  ( -1.935716730070210900, 0.0000000000000000000, -3.998215248062575900 ) ) ;
#169 = ORIENTED_EDGE ( 'NONE', *, *, #1993, .F. ) ;
#170 = ORIENTED_EDGE ( 'NONE', *, *, #4092, .F. ) ;
#171 = LINE ( 'NONE', #2690, #4976 ) ;
#172 = CARTESIAN_POINT ( 'NONE',  ( -0.9499999999999995100, 0.0000000000000000000, 5.099999999999997900 ) ) ;
#173 = DIRECTION ( 'NONE',  ( -0.5150380749100615900, 3.614007241618361800E-015, -0.8571673007021076700 ) ) ;
#174 = AXIS2_PLACEMENT_3D ( 'NONE', #2091, #6995, #7064 ) ;
#175 = DIRECTION ( 'NONE',  ( -0.4994745683111421800, -0.7231295001038965400, -0.4770837260794868500 ) ) ;
#176 = VERTEX_POINT ( 'NONE', #3971 ) ;
#177 = ORIENTED_EDGE ( 'NONE', *, *, #1344, .T. ) ;
#178 = CARTESIAN_POINT ( 'NONE',  ( 3.038251868144765700, 0.2500000000000000000, 3.745358649331330000 ) ) ;
#179 = ADVANCED_FACE ( 'NONE', ( #662 ), #5285, .T. ) ;
#180 = DIRECTION ( 'NONE',  ( 0.0000000000000000000, 0.0000000000000000000, -1.000000000000000000 ) ) ;
#181 = PRODUCT_DEFINITION_CONTEXT ( 'detailed design', #5120, 'design' ) ;
#182 = ORIENTED_EDGE ( 'NONE', *, *, #2433, .F. ) ;
#183 = EDGE_LOOP ( 'NONE', ( #1895, #1774, #3425, #5084 ) ) ;
#184 = FACE_OUTER_BOUND ( 'NONE', #102, .T. ) ;
#185 = DIRECTION ( 'NONE',  ( -0.4994745683111420100, -0.7231295001038964300, -0.4770837260794872400 ) ) ;
#186 = EDGE_CURVE ( 'NONE', #462, #5455, #3308, .T. ) ;
#187 = CARTESIAN_POINT ( 'NONE',  ( 3.344039198394404400, 2.725251141633910000, -3.974731920451523700 ) ) ;
#188 = CARTESIAN_POINT ( 'NONE',  ( 3.801827423606676200, 0.2661659644585281900, -3.092591114224412200 ) ) ;
#189 = ORIENTED_EDGE ( 'NONE', *, *, #7740, .T. ) ;
#190 = ORIENTED_EDGE ( 'NONE', *, *, #3895, .T. ) ;
#191 = ORIENTED_EDGE ( 'NONE', *, *, #6889, .F. ) ;
#192 = DIRECTION ( 'NONE',  ( 0.6907124771418927700, 3.491481338843133400E-015, -0.7231295001038959800 ) ) ;
#193 = AXIS2_PLACEMENT_3D ( 'NONE', #7323, #6636, #5981 ) ;
#194 = ORIENTED_EDGE ( 'NONE', *, *, #934, .F. ) ;
#195 = ORIENTED_EDGE ( 'NONE', *, *, #5715, .T. ) ;
#196 = EDGE_CURVE ( 'NONE', #6526, #6146, #2412, .T. ) ;
#197 = DIRECTION ( 'NONE',  ( 0.0000000000000000000, -1.000000000000000000, 0.0000000000000000000 ) ) ;
#198 = EDGE_LOOP ( 'NONE', ( #5130, #4616, #4605, #7221 ) ) ;
#199 = ORIENTED_EDGE ( 'NONE', *, *, #3837, .T. ) ;
#200 = DIRECTION ( 'NONE',  ( -1.000000000000000000, 0.0000000000000000000, 0.0000000000000000000 ) ) ;
#201 = CARTESIAN_POINT ( 'NONE',  ( 4.242640687119284800, 0.0000000000000000000, 4.242640687119284800 ) ) ;
#202 = EDGE_CURVE ( 'NONE', #961, #5890, #1332, .T. ) ;
#203 = AXIS2_PLACEMENT_3D ( 'NONE', #3267, #5780, #2037 ) ;
#204 = CIRCLE ( 'NONE', #3642, 1.000000000000001800 ) ;
#205 = DIRECTION ( 'NONE',  ( 0.0000000000000000000, 0.0000000000000000000, -1.000000000000000000 ) ) ;
#206 = PLANE ( 'NONE',  #3716 ) ;
#207 = AXIS2_PLACEMENT_3D ( 'NONE', #2857, #4163, #1603 ) ;
#208 = ADVANCED_FACE ( 'NONE', ( #7892 ), #1540, .F. ) ;
#209 = CIRCLE ( 'NONE', #4763, 0.5000000000000016700 ) ;
#210 = FACE_OUTER_BOUND ( 'NONE', #4263, .T. ) ;
#211 =( GEOMETRIC_REPRESENTATION_CONTEXT ( 3 ) GLOBAL_UNCERTAINTY_ASSIGNED_CONTEXT ( ( #4860 ) ) GLOBAL_UNIT_ASSIGNED_CONTEXT ( ( #218, #7717, #2145 ) ) REPRESENTATION_CONTEXT ( 'NONE', 'WORKASPACE' ) );
#212 = DIRECTION ( 'NONE',  ( -0.5150380749100530500, 0.0000000000000000000, 0.8571673007021128900 ) ) ;
#213 = ORIENTED_EDGE ( 'NONE', *, *, #6056, .T. ) ;
#214 = CARTESIAN_POINT ( 'NONE',  ( -2.232323454269456300, 0.2500000000000000000, -4.491851733474571300 ) ) ;
#215 = VECTOR ( 'NONE', #7150, 1000.000000000000100 ) ;
#216 = VECTOR ( 'NONE', #663, 1000.000000000000000 ) ;
#217 = CARTESIAN_POINT ( 'NONE',  ( -2.924227208185359700, 0.3869266385878510900, -4.090089733749824300 ) ) ;
#218 =( LENGTH_UNIT ( ) NAMED_UNIT ( * ) SI_UNIT ( .MILLI., .METRE. ) );
#219 = SHAPE_DEFINITION_REPRESENTATION ( #3862, #5360 ) ;
#220 = CARTESIAN_POINT ( 'NONE',  ( -4.262132034355966300, -0.1000000000000001000, 2.449999999999999300 ) ) ;
#221 = EDGE_LOOP ( 'NONE', ( #6439, #36, #7074, #6400 ) ) ;
#222 = ORIENTED_EDGE ( 'NONE', *, *, #4234, .F. ) ;
#223 = VECTOR ( 'NONE', #5005, 1000.000000000000000 ) ;
#224 = PLANE ( 'NONE',  #6991 ) ;
#225 = EDGE_CURVE ( 'NONE', #5814, #3783, #6325, .T. ) ;
#226 = FACE_OUTER_BOUND ( 'NONE', #2425, .T. ) ;
#227 = DIRECTION ( 'NONE',  ( -1.000000000000000000, 0.0000000000000000000, 0.0000000000000000000 ) ) ;
#228 = CYLINDRICAL_SURFACE ( 'NONE', #2592, 1.000000000000000000 ) ;
#229 = DIRECTION ( 'NONE',  ( -0.4994745683111420100, -0.7231295001038964300, -0.4770837260794872400 ) ) ;
#230 = CARTESIAN_POINT ( 'NONE',  ( 3.130470514038336200, 0.3217020011855075700, 3.842574226663952900 ) ) ;
#231 =( NAMED_UNIT ( * ) SI_UNIT ( $, .STERADIAN. ) SOLID_ANGLE_UNIT ( ) );
#232 = VERTEX_POINT ( 'NONE', #2868 ) ;
#233 = SURFACE_STYLE_FILL_AREA ( #3573 ) ;
#234 = CYLINDRICAL_SURFACE ( 'NONE', #3293, 4.924999999999998900 ) ;
#235 = LINE ( 'NONE', #6253, #8070 ) ;
#236 = DIRECTION ( 'NONE',  ( -0.7071067811865460200, -0.0000000000000000000, -0.7071067811865489100 ) ) ;
#237 = EDGE_CURVE ( 'NONE', #8065, #7352, #2510, .T. ) ;
#238 = VECTOR ( 'NONE', #1239, 1000.000000000000000 ) ;
#239 = UNCERTAINTY_MEASURE_WITH_UNIT (LENGTH_MEASURE( 1.000000000000000100E-005 ), #745, 'distance_accuracy_value', 'NONE');
#240 = DIRECTION ( 'NONE',  ( 0.7071067811715988600, -0.7071067812014962800, -0.0000000000000000000 ) ) ;
#241 = CARTESIAN_POINT ( 'NONE',  ( 2.847265478254240400, 0.4000000000000009700, 3.962003905699266000 ) ) ;
#242 = CYLINDRICAL_SURFACE ( 'NONE', #1738, 0.09999999999999982500 ) ;
#243 = AXIS2_PLACEMENT_3D ( 'NONE', #7685, #7061, #6494 ) ;
#244 = CIRCLE ( 'NONE', #1938, 5.325000000000001100 ) ;
#245 = CARTESIAN_POINT ( 'NONE',  ( -6.010407640085669600, 0.2500000000000000000, 6.717514421272200700 ) ) ;
#246 = CARTESIAN_POINT ( 'NONE',  ( -6.000000000000000000, 4.400000000000000400, -3.000000000000000000 ) ) ;
#247 = ORIENTED_EDGE ( 'NONE', *, *, #4696, .T. ) ;
#248 = CARTESIAN_POINT ( 'NONE',  ( -3.856127629579424900, 0.4000000000000008500, 3.139880253173717300 ) ) ;
#249 = EDGE_CURVE ( 'NONE', #5413, #7890, #7009, .T. ) ;
#250 = DIRECTION ( 'NONE',  ( 0.0000000000000000000, 0.0000000000000000000, -1.000000000000000000 ) ) ;
#251 = AXIS2_PLACEMENT_3D ( 'NONE', #6490, #192, #5251 ) ;
#252 = ADVANCED_FACE ( 'NONE', ( #4511 ), #3697, .F. ) ;
#253 = CYLINDRICAL_SURFACE ( 'NONE', #712, 0.3999999999999999100 ) ;
#254 = EDGE_LOOP ( 'NONE', ( #3552, #1336, #2965, #2330 ) ) ;
#256 = LINE ( 'NONE', #5507, #5449 ) ;
#255 = DIRECTION ( 'NONE',  ( 0.0000000000000000000, 1.000000000000000000, -0.0000000000000000000 ) ) ;
#257 = DIRECTION ( 'NONE',  ( 0.0000000000000000000, 0.0000000000000000000, -1.000000000000000000 ) ) ;
#258 = AXIS2_PLACEMENT_3D ( 'NONE', #1357, #2035, #6412 ) ;
#259 = DIRECTION ( 'NONE',  ( -1.000000000000000000, 0.0000000000000000000, 0.0000000000000000000 ) ) ;
#260 = CARTESIAN_POINT ( 'NONE',  ( 5.999999999999999100, 5.000000000000000000, 6.000000000000000000 ) ) ;
#261 = VECTOR ( 'NONE', #7581, 1000.000000000000000 ) ;
#262 = FILL_AREA_STYLE ('',( #7080 ) ) ;
#263 = ORIENTED_EDGE ( 'NONE', *, *, #7428, .F. ) ;
#264 = CARTESIAN_POINT ( 'NONE',  ( -3.640380592212174400, -0.04393398281977561200, 2.450000000014010300 ) ) ;
#265 = VERTEX_POINT ( 'NONE', #5331 ) ;
#266 = VECTOR ( 'NONE', #4855, 1000.000000000000000 ) ;
#267 = ORIENTED_EDGE ( 'NONE', *, *, #707, .T. ) ;
#268 = EDGE_LOOP ( 'NONE', ( #2782, #7306, #3916, #2074 ) ) ;
#269 = EDGE_CURVE ( 'NONE', #3324, #6249, #1052, .T. ) ;
#270 = ORIENTED_EDGE ( 'NONE', *, *, #5438, .F. ) ;
#271 = ORIENTED_EDGE ( 'NONE', *, *, #2996, .F. ) ;
#272 = ORIENTED_EDGE ( 'NONE', *, *, #4582, .T. ) ;
#273 = CARTESIAN_POINT ( 'NONE',  ( -1.750000000000000200, 0.0000000000000000000, -5.100000000000001400 ) ) ;
#274 = VERTEX_POINT ( 'NONE', #2249 ) ;
#275 = VERTEX_POINT ( 'NONE', #1009 ) ;
#276 = DIRECTION ( 'NONE',  ( 9.334688547309180300E-012, 0.0000000000000000000, -1.000000000000000000 ) ) ;
#277 = EDGE_CURVE ( 'NONE', #232, #531, #4308, .T. ) ;
#278 = AXIS2_PLACEMENT_3D ( 'NONE', #7179, #2202, #6546 ) ;
#279 = VERTEX_POINT ( 'NONE', #3495 ) ;
#280 = ORIENTED_EDGE ( 'NONE', *, *, #6758, .T. ) ;
#281 = DIRECTION ( 'NONE',  ( 1.204669080539449300E-016, 0.0000000000000000000, 1.000000000000000000 ) ) ;
#282 = ORIENTED_EDGE ( 'NONE', *, *, #1684, .T. ) ;
#283 = CARTESIAN_POINT ( 'NONE',  ( -4.200000000000002000, -0.2500000000000000000, -2.450000000000001100 ) ) ;
#284 = AXIS2_PLACEMENT_3D ( 'NONE', #7898, #4839, #4118 ) ;
#285 = DIRECTION ( 'NONE',  ( -0.0000000000000000000, 1.000000000000000000, -0.0000000000000000000 ) ) ;
#286 = VERTEX_POINT ( 'NONE', #956 ) ;
#287 = ORIENTED_EDGE ( 'NONE', *, *, #6852, .T. ) ;
#288 = ORIENTED_EDGE ( 'NONE', *, *, #7118, .T. ) ;
#289 = DIRECTION ( 'NONE',  ( 0.0000000000000000000, 0.0000000000000000000, -1.000000000000000000 ) ) ;
#290 = CARTESIAN_POINT ( 'NONE',  ( -2.238493367623640500, 0.3869266385878501500, 4.502120193677885900 ) ) ;
#291 = EDGE_CURVE ( 'NONE', #562, #7708, #6611, .T. ) ;
#292 = DIRECTION ( 'NONE',  ( 1.000000000000000000, -0.0000000000000000000, 0.0000000000000000000 ) ) ;
#293 = ORIENTED_EDGE ( 'NONE', *, *, #3536, .F. ) ;
#294 = ORIENTED_EDGE ( 'NONE', *, *, #5461, .F. ) ;
#295 = CARTESIAN_POINT ( 'NONE',  ( 4.999999999999999100, 0.0000000000000000000, -5.000000000000000000 ) ) ;
#296 = CARTESIAN_POINT ( 'NONE',  ( 3.321806003186826400, 0.2949861872786510600, 4.027608712166943900 ) ) ;
#297 = AXIS2_PLACEMENT_3D ( 'NONE', #1859, #2566, #6881 ) ;
#298 = DIRECTION ( 'NONE',  ( 0.5150380749100538200, -0.0000000000000000000, -0.8571673007021124400 ) ) ;
#299 = EDGE_CURVE ( 'NONE', #5838, #4212, #7509, .T. ) ;
#300 = ORIENTED_EDGE ( 'NONE', *, *, #4033, .F. ) ;
#301 = CARTESIAN_POINT ( 'NONE',  ( 1.935716730070210900, 0.0000000000000000000, 3.998215248062571400 ) ) ;
#302 = CARTESIAN_POINT ( 'NONE',  ( -3.951485589396468400, 4.193111900177109800, -3.368376543254082200 ) ) ;
#303 = EDGE_CURVE ( 'NONE', #5521, #4803, #3140, .T. ) ;
#304 = LINE ( 'NONE', #4730, #6744 ) ;
#305 = LINE ( 'NONE', #908, #5500 ) ;
#306 = CARTESIAN_POINT ( 'NONE',  ( 3.000000000000000000, 4.400000000000000400, -4.399502812818740300 ) ) ;
#307 =( LENGTH_UNIT ( ) NAMED_UNIT ( * ) SI_UNIT ( .MILLI., .METRE. ) );
#308 = CARTESIAN_POINT ( 'NONE',  ( 2.161531637692554400, 0.2500000000000013900, 4.374034365627314200 ) ) ;
#309 = CARTESIAN_POINT ( 'NONE',  ( 0.0000000000000000000, 0.0000000000000000000, 0.0000000000000000000 ) ) ;
#310 = VECTOR ( 'NONE', #7930, 1000.000000000000000 ) ;
#311 = LINE ( 'NONE', #4021, #120 ) ;
#312 = AXIS2_PLACEMENT_3D ( 'NONE', #5681, #6262, #6917 ) ;
#313 = CARTESIAN_POINT ( 'NONE',  ( -2.709629837789672400, 0.3651377029009344500, 4.509581343798133800 ) ) ;
#314 = ORIENTED_EDGE ( 'NONE', *, *, #4136, .T. ) ;
#315 = CARTESIAN_POINT ( 'NONE',  ( -5.500000000000000000, 0.0000000000000000000, -2.450000000000001100 ) ) ;
#316 = FACE_OUTER_BOUND ( 'NONE', #183, .T. ) ;
#317 = VECTOR ( 'NONE', #7967, 1000.000000000000000 ) ;
#318 = LINE ( 'NONE', #3005, #4464 ) ;
#319 = AXIS2_PLACEMENT_3D ( 'NONE', #5782, #1361, #6967 ) ;
#320 = DIRECTION ( 'NONE',  ( 0.5150380749100538200, 0.0000000000000000000, -0.8571673007021124400 ) ) ;
#321 = CARTESIAN_POINT ( 'NONE',  ( -4.027608712166939500, 0.2949861872786535000, 3.321806003186825500 ) ) ;
#322 = ORIENTED_EDGE ( 'NONE', *, *, #5546, .F. ) ;
#323 = ORIENTED_EDGE ( 'NONE', *, *, #3574, .F. ) ;
#324 = ORIENTED_EDGE ( 'NONE', *, *, #3837, .F. ) ;
#325 = CARTESIAN_POINT ( 'NONE',  ( 3.000000000000000000, 4.400000000000000400, 0.0000000000000000000 ) ) ;
#326 = FACE_OUTER_BOUND ( 'NONE', #8093, .T. ) ;
#327 = CARTESIAN_POINT ( 'NONE',  ( 3.050356997080818200, 0.2500000000000005600, -3.756402933671640900 ) ) ;
#328 = LINE ( 'NONE', #922, #2171 ) ;
#329 = CIRCLE ( 'NONE', #503, 0.1499999999999999700 ) ;
#330 = DIRECTION ( 'NONE',  ( 0.0000000000000000000, 0.0000000000000000000, 1.000000000000000000 ) ) ;
#331 = EDGE_CURVE ( 'NONE', #7057, #2828, #8106, .T. ) ;
#332 = CYLINDRICAL_SURFACE ( 'NONE', #6108, 0.09999999999999982500 ) ;
#333 = CARTESIAN_POINT ( 'NONE',  ( -3.038251868144764800, 0.0000000000000000000, -3.745358649331325600 ) ) ;
#334 = CARTESIAN_POINT ( 'NONE',  ( -3.729145877938738100, 0.0000000000000000000, -3.022039096752199900 ) ) ;
#335 = ORIENTED_EDGE ( 'NONE', *, *, #4186, .F. ) ;
#336 = DIRECTION ( 'NONE',  ( -1.000000000000000000, 0.0000000000000000000, -0.0000000000000000000 ) ) ;
#337 = CIRCLE ( 'NONE', #6104, 0.1000000000000002600 ) ;
#338 = DIRECTION ( 'NONE',  ( -1.000000000000000000, 0.0000000000000000000, 0.0000000000000000000 ) ) ;
#339 = FACE_OUTER_BOUND ( 'NONE', #1059, .T. ) ;
#340 = AXIS2_PLACEMENT_3D ( 'NONE', #4291, #7377, #5621 ) ;
#341 = DIRECTION ( 'NONE',  ( 0.0000000000000000000, 1.000000000000000000, 0.0000000000000000000 ) ) ;
#342 = ADVANCED_FACE ( 'NONE', ( #954 ), #6629, .F. ) ;
#343 = ORIENTED_EDGE ( 'NONE', *, *, #2583, .F. ) ;
#344 = CIRCLE ( 'NONE', #7369, 1.000000000000001800 ) ;
#345 = MANIFOLD_SOLID_BREP ( 'Revolve1', #66 ) ;
#346 = DIRECTION ( 'NONE',  ( -0.0000000000000000000, 1.000000000000000000, -0.0000000000000000000 ) ) ;
#347 = LINE ( 'NONE', #351, #2997 ) ;
#348 = EDGE_CURVE ( 'NONE', #6732, #368, #7617, .T. ) ;
#349 = ORIENTED_EDGE ( 'NONE', *, *, #406, .T. ) ;
#350 = VECTOR ( 'NONE', #8103, 1000.000000000000000 ) ;
#351 = CARTESIAN_POINT ( 'NONE',  ( 2.918057294831113000, 0.2500000000000000000, -4.079821273546540900 ) ) ;
#352 = AXIS2_PLACEMENT_3D ( 'NONE', #1030, #7806, #3487 ) ;
#353 = VECTOR ( 'NONE', #8110, 1000.000000000000000 ) ;
#354 = ORIENTED_EDGE ( 'NONE', *, *, #7285, .F. ) ;
#355 = VECTOR ( 'NONE', #7777, 1000.000000000000000 ) ;
#356 = CARTESIAN_POINT ( 'NONE',  ( -6.717514421272220200, 0.0000000000000000000, 6.010407640085649200 ) ) ;
#357 = CARTESIAN_POINT ( 'NONE',  ( -3.949999999999999700, 0.0000000000000000000, -2.450000000000001100 ) ) ;
#358 = DIRECTION ( 'NONE',  ( 0.0000000000000000000, -1.000000000000000000, 0.0000000000000000000 ) ) ;
#359 = EDGE_CURVE ( 'NONE', #2010, #771, #171, .T. ) ;
#360 = VERTEX_POINT ( 'NONE', #3304 ) ;
#361 = MECHANICAL_DESIGN_GEOMETRIC_PRESENTATION_REPRESENTATION (  '', ( #4150 ), #2289 ) ;
#362 = CARTESIAN_POINT ( 'NONE',  ( 6.031385485800714100E-016, 1.499999999999997100, 4.924999999999999800 ) ) ;
#363 = ORIENTED_EDGE ( 'NONE', *, *, #3395, .F. ) ;
#364 = ORIENTED_EDGE ( 'NONE', *, *, #1958, .F. ) ;
#365 = DIRECTION ( 'NONE',  ( -0.8571673007021130000, 8.511960079772419000E-017, -0.5150380749100530500 ) ) ;
#366 = EDGE_CURVE ( 'NONE', #6244, #5414, #6416, .T. ) ;
#367 = DIRECTION ( 'NONE',  ( 0.0000000000000000000, 0.0000000000000000000, -1.000000000000000000 ) ) ;
#368 = VERTEX_POINT ( 'NONE', #7029 ) ;
#369 = EDGE_CURVE ( 'NONE', #6982, #7578, #5035, .T. ) ;
#370 = CARTESIAN_POINT ( 'NONE',  ( -4.223712162953238400, 0.0000000000000000000, -3.242819847682089300 ) ) ;
#371 = CARTESIAN_POINT ( 'NONE',  ( 0.0000000000000000000, 5.000000000000000000, -3.000000000000000000 ) ) ;
#372 = DIRECTION ( 'NONE',  ( -0.0000000000000000000, 1.000000000000000000, -0.0000000000000000000 ) ) ;
#373 = ORIENTED_EDGE ( 'NONE', *, *, #546, .F. ) ;
#374 = VERTEX_POINT ( 'NONE', #5770 ) ;
#375 = ORIENTED_EDGE ( 'NONE', *, *, #5214, .F. ) ;
#376 = PRODUCT ( '13008901', '13008901', '', ( #7542 ) ) ;
#377 = EDGE_LOOP ( 'NONE', ( #213, #4647, #1448, #5653 ) ) ;
#378 = DIRECTION ( 'NONE',  ( -0.5150380749100522700, 0.0000000000000000000, 0.8571673007021133300 ) ) ;
#379 = VERTEX_POINT ( 'NONE', #4633 ) ;
#380 = ORIENTED_EDGE ( 'NONE', *, *, #2388, .T. ) ;
#381 = DIRECTION ( 'NONE',  ( 0.0000000000000000000, 0.0000000000000000000, -1.000000000000000000 ) ) ;
#382 = CARTESIAN_POINT ( 'NONE',  ( 3.979289321881348300, -0.3828427124746195400, -2.450000000000001100 ) ) ;
#383 = DIRECTION ( 'NONE',  ( 8.340016711426986100E-017, -1.000000000000000000, -0.0000000000000000000 ) ) ;
#384 = EDGE_CURVE ( 'NONE', #3113, #622, #4197, .T. ) ;
#385 = CARTESIAN_POINT ( 'NONE',  ( 3.830774262967691500, 0.3999999999999989100, 3.132808077000306400 ) ) ;
#386 = CARTESIAN_POINT ( 'NONE',  ( -3.918637921533636900, 4.170189603414792500, 3.080172222182913500 ) ) ;
#387 = ORIENTED_EDGE ( 'NONE', *, *, #1950, .F. ) ;
#388 = EDGE_LOOP ( 'NONE', ( #4452, #575, #2029, #6932 ) ) ;
#389 = ORIENTED_EDGE ( 'NONE', *, *, #1657, .T. ) ;
#390 = CARTESIAN_POINT ( 'NONE',  ( 6.000000000000000000, 8.673617379884035500E-016, -0.5000000000000001100 ) ) ;
#391 = CARTESIAN_POINT ( 'NONE',  ( -2.918057294831113400, 0.2500000000000001700, 4.079821273546540900 ) ) ;
#392 = AXIS2_PLACEMENT_3D ( 'NONE', #8018, #3608, #4290 ) ;
#393 = CARTESIAN_POINT ( 'NONE',  ( 2.672719032437968200, -0.4540103489807834100, 4.448151447774164600 ) ) ;
#394 = ORIENTED_EDGE ( 'NONE', *, *, #7213, .F. ) ;
#395 = ORIENTED_EDGE ( 'NONE', *, *, #3984, .F. ) ;
#396 = ORIENTED_EDGE ( 'NONE', *, *, #3908, .F. ) ;
#397 = EDGE_CURVE ( 'NONE', #6856, #1400, #7410, .T. ) ;
#398 = CARTESIAN_POINT ( 'NONE',  ( 4.242640687119284800, 0.0000000000000000000, 3.242640687119283000 ) ) ;
#399 = DIRECTION ( 'NONE',  ( -0.0000000000000000000, 0.0000000000000000000, 1.000000000000000000 ) ) ;
#400 = CARTESIAN_POINT ( 'NONE',  ( -5.750000000000000000, 0.5371092495122248300, 2.449999999999999300 ) ) ;
#401 = DIRECTION ( 'NONE',  ( -0.01657578899896300400, -0.9997372496366935300, -0.01583271637848216200 ) ) ;
#402 = AXIS2_PLACEMENT_3D ( 'NONE', #1521, #3427, #4095 ) ;
#403 = LINE ( 'NONE', #6638, #6507 ) ;
#404 = ADVANCED_FACE ( 'NONE', ( #7300 ), #2306, .T. ) ;
#405 = CARTESIAN_POINT ( 'NONE',  ( 1.850000000000000100, 0.0000000000000000000, -3.949719055553642600 ) ) ;
#406 = EDGE_CURVE ( 'NONE', #6482, #3307, #8005, .T. ) ;
#407 = DIRECTION ( 'NONE',  ( 0.0000000000000000000, 0.0000000000000000000, -1.000000000000000000 ) ) ;
#408 = AXIS2_PLACEMENT_3D ( 'NONE', #5014, #3691, #8072 ) ;
#409 = VERTEX_POINT ( 'NONE', #7113 ) ;
#410 = CYLINDRICAL_SURFACE ( 'NONE', #5037, 0.2500000000000002200 ) ;
#411 = DIRECTION ( 'NONE',  ( 0.0000000000000000000, 0.0000000000000000000, -1.000000000000000000 ) ) ;
#412 = VECTOR ( 'NONE', #1838, 1000.000000000000000 ) ;
#413 = DIRECTION ( 'NONE',  ( 1.000000000000000000, 0.0000000000000000000, 0.0000000000000000000 ) ) ;
#414 = PLANE ( 'NONE',  #1196 ) ;
#415 = ORIENTED_EDGE ( 'NONE', *, *, #7889, .T. ) ;
#416 = PRESENTATION_LAYER_ASSIGNMENT (  '', '', ( #6794 ) ) ;
#417 = DIRECTION ( 'NONE',  ( -0.01657578899896300400, -0.9997372496366935300, -0.01583271637848216200 ) ) ;
#418 = VERTEX_POINT ( 'NONE', #187 ) ;
#419 = CARTESIAN_POINT ( 'NONE',  ( -2.238493367623640000, 0.3869266385878502600, 4.502120193677885000 ) ) ;
#420 = FACE_OUTER_BOUND ( 'NONE', #2129, .T. ) ;
#421 = CARTESIAN_POINT ( 'NONE',  ( 4.242640687119284800, 0.0000000000000000000, -4.242640687119284800 ) ) ;
#422 = LINE ( 'NONE', #6737, #22 ) ;
#423 = EDGE_CURVE ( 'NONE', #4796, #3838, #3903, .T. ) ;
#424 = CARTESIAN_POINT ( 'NONE',  ( -2.381731783404436700, 0.6973362886642218200, -4.740508950146189400 ) ) ;
#425 = ADVANCED_FACE ( 'NONE', ( #567 ), #7749, .F. ) ;
#426 = ORIENTED_EDGE ( 'NONE', *, *, #4816, .T. ) ;
#427 = CYLINDRICAL_SURFACE ( 'NONE', #1115, 5.325000000000001100 ) ;
#428 = FACE_OUTER_BOUND ( 'NONE', #4873, .T. ) ;
#429 = PLANE ( 'NONE',  #4454 ) ;
#430 = DIRECTION ( 'NONE',  ( 0.0000000000000000000, 1.000000000000000000, 0.0000000000000000000 ) ) ;
#431 = B_SPLINE_CURVE_WITH_KNOTS ( 'NONE', 3,
 ( #7924, #3591, #2302, #4222 ),
 .UNSPECIFIED., .F., .F.,
 ( 4, 4 ),
 ( 0.0000000000000000000, 1.000000000000000000 ),
 .UNSPECIFIED. ) ;
#432 = ORIENTED_EDGE ( 'NONE', *, *, #5961, .F. ) ;
#433 = CIRCLE ( 'NONE', #780, 0.5000000000000004400 ) ;
#434 = EDGE_CURVE ( 'NONE', #516, #6725, #7800, .T. ) ;
#435 = AXIS2_PLACEMENT_3D ( 'NONE', #5501, #2281, #1690 ) ;
#436 = FACE_OUTER_BOUND ( 'NONE', #1406, .T. ) ;
#437 = CIRCLE ( 'NONE', #6033, 0.1499999999999998000 ) ;
#438 = PLANE ( 'NONE',  #1517 ) ;
#439 = AXIS2_PLACEMENT_3D ( 'NONE', #7605, #3869, #108 ) ;
#440 = ORIENTED_EDGE ( 'NONE', *, *, #2122, .T. ) ;
#441 = FACE_OUTER_BOUND ( 'NONE', #5773, .T. ) ;
#442 = DIRECTION ( 'NONE',  ( 0.0000000000000000000, -0.0000000000000000000, 1.000000000000000000 ) ) ;
#443 = CARTESIAN_POINT ( 'NONE',  ( 3.260954597208886300, 4.170189603414773800, 4.091316040819109800 ) ) ;
#444 = ORIENTED_EDGE ( 'NONE', *, *, #601, .T. ) ;
#445 = LINE ( 'NONE', #7030, #7688 ) ;
#447 = CIRCLE ( 'NONE', #1418, 5.325000000000001100 ) ;
#446 = CARTESIAN_POINT ( 'NONE',  ( 0.9500000000000005100, 0.0000000000000000000, -5.100000000000001400 ) ) ;
#448 = EDGE_CURVE ( 'NONE', #6809, #3113, #2813, .T. ) ;
#449 = ADVANCED_FACE ( 'NONE', ( #7204 ), #1529, .T. ) ;
#450 = DIRECTION ( 'NONE',  ( -8.031127203596331800E-017, -6.697973508958929100E-033, 1.000000000000000000 ) ) ;
#451 = DIRECTION ( 'NONE',  ( -0.0000000000000000000, 1.000000000000000000, -0.0000000000000000000 ) ) ;
#452 = CIRCLE ( 'NONE', #5802, 0.5000000000000004400 ) ;
#453 = AXIS2_PLACEMENT_3D ( 'NONE', #220, #250, #1098 ) ;
#454 = CARTESIAN_POINT ( 'NONE',  ( 0.0000000000000000000, 0.0000000000000000000, 0.0000000000000000000 ) ) ;
#455 = VERTEX_POINT ( 'NONE', #6375 ) ;
#456 = DIRECTION ( 'NONE',  ( -0.0000000000000000000, 1.000000000000000000, -0.0000000000000000000 ) ) ;
#457 = VECTOR ( 'NONE', #6993, 1000.000000000000000 ) ;
#458 = DIRECTION ( 'NONE',  ( 0.8571673007021084500, 7.521652571618187000E-016, -0.5150380749100605900 ) ) ;
#459 = CARTESIAN_POINT ( 'NONE',  ( 0.0000000000000000000, 0.0000000000000000000, 1.000000000000000000 ) ) ;
#460 = EDGE_CURVE ( 'NONE', #1023, #3515, #3107, .T. ) ;
#461 = EDGE_LOOP ( 'NONE', ( #4470, #6522, #5094, #3918 ) ) ;
#462 = VERTEX_POINT ( 'NONE', #4077 ) ;
#463 = VECTOR ( 'NONE', #2949, 1000.000000000000000 ) ;
#464 = DIRECTION ( 'NONE',  ( 0.0000000000000000000, 0.0000000000000000000, -1.000000000000000000 ) ) ;
#465 = EDGE_CURVE ( 'NONE', #2010, #6627, #4099, .T. ) ;
#466 = VERTEX_POINT ( 'NONE', #398 ) ;
#467 = DIRECTION ( 'NONE',  ( -0.0000000000000000000, -0.0000000000000000000, -1.000000000000000000 ) ) ;
#468 = ORIENTED_EDGE ( 'NONE', *, *, #4971, .T. ) ;
#469 = ORIENTED_EDGE ( 'NONE', *, *, #3143, .T. ) ;
#470 = ADVANCED_FACE ( 'NONE', ( #5563 ), #3408, .T. ) ;
#471 = ORIENTED_EDGE ( 'NONE', *, *, #3414, .T. ) ;
#472 = ORIENTED_EDGE ( 'NONE', *, *, #3170, .F. ) ;
#473 = CARTESIAN_POINT ( 'NONE',  ( 0.0000000000000000000, 0.2500000000000000000, -1.000000000000000000 ) ) ;
#474 = ORIENTED_EDGE ( 'NONE', *, *, #11, .F. ) ;
#475 = EDGE_CURVE ( 'NONE', #4802, #852, #2402, .T. ) ;
#476 = DIRECTION ( 'NONE',  ( -0.5150380749100542700, 0.0000000000000000000, 0.8571673007021122200 ) ) ;
#477 = DIRECTION ( 'NONE',  ( 0.04488852596211080600, -0.9961946980917452100, -0.07470705275170173900 ) ) ;
#478 = AXIS2_PLACEMENT_3D ( 'NONE', #1408, #7017, #2036 ) ;
#479 = VERTEX_POINT ( 'NONE', #6616 ) ;
#480 = ORIENTED_EDGE ( 'NONE', *, *, #1435, .T. ) ;
#481 = ORIENTED_EDGE ( 'NONE', *, *, #7244, .F. ) ;
#482 = PLANE ( 'NONE',  #3955 ) ;
#483 = CARTESIAN_POINT ( 'NONE',  ( 3.070012341272744500, -13.80215859328339600, -4.236474484209154000 ) ) ;
#484 = CARTESIAN_POINT ( 'NONE',  ( 4.223712162953238400, 2.500000000000000000, 3.242819847682089300 ) ) ;
#485 = EDGE_CURVE ( 'NONE', #5846, #7578, #5608, .T. ) ;
#486 = CARTESIAN_POINT ( 'NONE',  ( -6.000000000000000000, 0.0000000000000000000, 2.449999999999999300 ) ) ;
#487 = ORIENTED_EDGE ( 'NONE', *, *, #4459, .T. ) ;
#488 = ORIENTED_EDGE ( 'NONE', *, *, #2215, .T. ) ;
#489 = AXIS2_PLACEMENT_3D ( 'NONE', #5261, #3423, #6445 ) ;
#490 = VERTEX_POINT ( 'NONE', #5299 ) ;
#491 = ORIENTED_EDGE ( 'NONE', *, *, #6477, .T. ) ;
#492 = ORIENTED_EDGE ( 'NONE', *, *, #5062, .T. ) ;
#493 = B_SPLINE_CURVE_WITH_KNOTS ( 'NONE', 3,
 ( #7228, #3415, #3465, #3491, #296, #923 ),
 .UNSPECIFIED., .F., .F.,
 ( 4, 2, 4 ),
 ( 0.0000000000000000000, 0.5000000000000000000, 1.000000000000000000 ),
 .UNSPECIFIED. ) ;
#494 = CARTESIAN_POINT ( 'NONE',  ( 0.0000000000000000000, 0.0000000000000000000, 1.000000000000000000 ) ) ;
#495 = DIRECTION ( 'NONE',  ( 1.000000000000000000, 0.0000000000000000000, 0.0000000000000000000 ) ) ;
#496 = ORIENTED_EDGE ( 'NONE', *, *, #5250, .F. ) ;
#497 = CARTESIAN_POINT ( 'NONE',  ( 3.242819847682089300, 0.0000000000000000000, -4.223712162953238400 ) ) ;
#498 = EDGE_CURVE ( 'NONE', #368, #6925, #5750, .T. ) ;
#499 = CARTESIAN_POINT ( 'NONE',  ( 2.000000000000000000, 0.0000000000000000000, -2.500000000000000000 ) ) ;
#500 = DIRECTION ( 'NONE',  ( -0.6907124771418919900, 3.491481338843133400E-015, 0.7231295001038965400 ) ) ;
#501 = MANIFOLD_SOLID_BREP ( 'Cut-Extrude5', #7298 ) ;
#502 = DIRECTION ( 'NONE',  ( 0.0000000000000000000, 0.0000000000000000000, 1.000000000000000000 ) ) ;
#503 = AXIS2_PLACEMENT_3D ( 'NONE', #6277, #5698, #1941 ) ;
#504 = DIRECTION ( 'NONE',  ( -0.0000000000000000000, 1.000000000000000000, -0.0000000000000000000 ) ) ;
#505 = CARTESIAN_POINT ( 'NONE',  ( -2.161531637692523800, 0.2499999999999992500, 4.374034365627325700 ) ) ;
#506 = DIRECTION ( 'NONE',  ( -0.0000000000000000000, -1.000000000000000000, 0.0000000000000000000 ) ) ;
#507 = EDGE_CURVE ( 'NONE', #4676, #2052, #5354, .T. ) ;
#508 = CIRCLE ( 'NONE', #1911, 0.5000000000000004400 ) ;
#509 = DIRECTION ( 'NONE',  ( 0.0000000000000000000, -1.000000000000000000, 0.0000000000000000000 ) ) ;
#510 = CARTESIAN_POINT ( 'NONE',  ( 3.398528137423872900, 0.0000000000000000000, -2.550000000000001200 ) ) ;
#511 = ADVANCED_FACE ( 'NONE', ( #1323 ), #7853, .T. ) ;
#512 = VECTOR ( 'NONE', #2207, 1000.000000000000000 ) ;
#513 = DIRECTION ( 'NONE',  ( -0.7229394975650260700, 0.02292229676231420700, -0.6905309921875832900 ) ) ;
#514 = CARTESIAN_POINT ( 'NONE',  ( 2.653085534590163200, 0.0000000000000000000, -3.638834209575227500 ) ) ;
#515 = AXIS2_PLACEMENT_3D ( 'NONE', #3677, #7387, #538 ) ;
#516 = VERTEX_POINT ( 'NONE', #5969 ) ;
#517 = LINE ( 'NONE', #4145, #6364 ) ;
#518 = LINE ( 'NONE', #3407, #4813 ) ;
#519 = EDGE_CURVE ( 'NONE', #6861, #7497, #6801, .T. ) ;
#520 = CARTESIAN_POINT ( 'NONE',  ( 2.161531637692523300, 0.4000000000000004700, -4.374034365627328400 ) ) ;
#521 = CARTESIAN_POINT ( 'NONE',  ( 3.792951838837774300, -13.82508089004571200, -3.545943492021567800 ) ) ;
#522 = AXIS2_PLACEMENT_3D ( 'NONE', #5910, #257, #227 ) ;
#523 = LINE ( 'NONE', #4645, #5132 ) ;
#524 = DIRECTION ( 'NONE',  ( 0.0000000000000000000, 0.0000000000000000000, 1.000000000000000000 ) ) ;
#525 = ORIENTED_EDGE ( 'NONE', *, *, #767, .F. ) ;
#526 = CIRCLE ( 'NONE', #4225, 0.09999999999999982500 ) ;
#527 = PLANE ( 'NONE',  #1455 ) ;
#528 = FACE_OUTER_BOUND ( 'NONE', #1932, .T. ) ;
#529 = EDGE_CURVE ( 'NONE', #6050, #961, #948, .T. ) ;
#530 = DIRECTION ( 'NONE',  ( -0.5150380749100537100, 0.0000000000000000000, 0.8571673007021124400 ) ) ;
#531 = VERTEX_POINT ( 'NONE', #1577 ) ;
#532 = CARTESIAN_POINT ( 'NONE',  ( -2.809512942779155000, 0.0000000000000000000, -3.516619723965713500 ) ) ;
#533 = CARTESIAN_POINT ( 'NONE',  ( 4.650000000000000400, 7.589415207398531000E-016, 0.5000000000000001100 ) ) ;
#534 = LINE ( 'NONE', #7510, #5525 ) ;
#535 = DIRECTION ( 'NONE',  ( 6.938893903907218900E-015, -1.000000000000000000, 4.336808689942011800E-016 ) ) ;
#536 = FACE_OUTER_BOUND ( 'NONE', #5115, .T. ) ;
#537 = CARTESIAN_POINT ( 'NONE',  ( -3.534314575036434600, 0.2500000000000000000, 26.95000000001028100 ) ) ;
#538 = DIRECTION ( 'NONE',  ( 0.0000000000000000000, 0.0000000000000000000, 1.000000000000000000 ) ) ;
#539 = LINE ( 'NONE', #3674, #5530 ) ;
#540 = DIRECTION ( 'NONE',  ( -1.000000000000000000, -8.340016711426986100E-017, -8.031127203596331800E-017 ) ) ;
#541 = ORIENTED_EDGE ( 'NONE', *, *, #5868, .F. ) ;
#542 = CARTESIAN_POINT ( 'NONE',  ( 2.161531637692554900, 0.4000000000000010200, 4.374034365627314200 ) ) ;
#543 = FACE_OUTER_BOUND ( 'NONE', #2193, .T. ) ;
#544 = ORIENTED_EDGE ( 'NONE', *, *, #34, .T. ) ;
#545 = VECTOR ( 'NONE', #4690, 1000.000000000000100 ) ;
#546 = EDGE_CURVE ( 'NONE', #5884, #4125, #6318, .T. ) ;
#547 = CARTESIAN_POINT ( 'NONE',  ( 4.242640687119284800, 0.0000000000000000000, -4.242640687119284800 ) ) ;
#548 = VERTEX_POINT ( 'NONE', #3512 ) ;
#549 = LINE ( 'NONE', #3362, #7781 ) ;
#550 = EDGE_LOOP ( 'NONE', ( #7131, #6713, #2002, #7092 ) ) ;
#551 = VECTOR ( 'NONE', #4967, 1000.000000000000000 ) ;
#552 = DIRECTION ( 'NONE',  ( 0.0000000000000000000, 0.0000000000000000000, -1.000000000000000000 ) ) ;
#553 = ADVANCED_FACE ( 'NONE', ( #7995 ), #7790, .F. ) ;
#554 = DIRECTION ( 'NONE',  ( 1.668003342285397200E-016, -1.000000000000000000, -0.0000000000000000000 ) ) ;
#555 = AXIS2_PLACEMENT_3D ( 'NONE', #6417, #2677, #6964 ) ;
#556 = DIRECTION ( 'NONE',  ( -1.000000000000000000, -0.0000000000000000000, -0.0000000000000000000 ) ) ;
#557 = CARTESIAN_POINT ( 'NONE',  ( -4.223712162953236600, 0.0000000000000000000, 3.242819847682089800 ) ) ;
#558 = LINE ( 'NONE', #3067, #4679 ) ;
#559 = EDGE_CURVE ( 'NONE', #3906, #2468, #1142, .T. ) ;
#560 = ORIENTED_EDGE ( 'NONE', *, *, #1828, .F. ) ;
#561 = CIRCLE ( 'NONE', #8025, 0.2500000000000002200 ) ;
#562 = VERTEX_POINT ( 'NONE', #6644 ) ;
#563 = CARTESIAN_POINT ( 'NONE',  ( 0.0000000000000000000, 2.599999999999997400, 0.0000000000000000000 ) ) ;
#564 = VERTEX_POINT ( 'NONE', #8030 ) ;
#565 = ORIENTED_EDGE ( 'NONE', *, *, #485, .F. ) ;
#567 = FACE_OUTER_BOUND ( 'NONE', #1817, .T. ) ;
#566 = CARTESIAN_POINT ( 'NONE',  ( -3.344039198394404400, 2.725251141633912700, 3.974731920451523700 ) ) ;
#568 = PLANE ( 'NONE',  #1795 ) ;
#569 = EDGE_CURVE ( 'NONE', #6856, #7197, #6121, .T. ) ;
#570 = VERTEX_POINT ( 'NONE', #4826 ) ;
#571 = AXIS2_PLACEMENT_3D ( 'NONE', #7250, #7810, #4892 ) ;
#572 = ADVANCED_FACE ( 'NONE', ( #164 ), #7354, .F. ) ;
#573 = ORIENTED_EDGE ( 'NONE', *, *, #2637, .T. ) ;
#574 = DIRECTION ( 'NONE',  ( 0.0000000000000000000, 1.000000000000000000, 0.0000000000000000000 ) ) ;
#575 = ORIENTED_EDGE ( 'NONE', *, *, #7691, .T. ) ;
#576 = VECTOR ( 'NONE', #1327, 1000.000000000000000 ) ;
#577 = EDGE_CURVE ( 'NONE', #531, #2328, #3488, .T. ) ;
#578 = DIRECTION ( 'NONE',  ( 0.0000000000000000000, 0.0000000000000000000, 1.000000000000000000 ) ) ;
#579 = DIRECTION ( 'NONE',  ( -0.8571673007021085600, 7.589415207398532000E-016, 0.5150380749100605900 ) ) ;
#580 = CARTESIAN_POINT ( 'NONE',  ( 3.022039096752203900, 0.0000000000000000000, -3.729145877938742500 ) ) ;
#581 = CARTESIAN_POINT ( 'NONE',  ( -3.951485589396468400, 4.193111900177109800, -3.368376543254082200 ) ) ;
#582 = ORIENTED_EDGE ( 'NONE', *, *, #4128, .T. ) ;
#583 = DIRECTION ( 'NONE',  ( 0.8571673007021085600, -6.776263578034412600E-017, -0.5150380749100604800 ) ) ;
#584 = VERTEX_POINT ( 'NONE', #5462 ) ;
#585 = ORIENTED_EDGE ( 'NONE', *, *, #3506, .F. ) ;
#586 = CARTESIAN_POINT ( 'NONE',  ( 5.750000000000000000, 1.355252715606880500E-015, 2.449999999999999300 ) ) ;
#587 = ORIENTED_EDGE ( 'NONE', *, *, #7554, .F. ) ;
#588 = DIRECTION ( 'NONE',  ( 1.000000000000000000, 0.0000000000000000000, 0.0000000000000000000 ) ) ;
#589 = ORIENTED_EDGE ( 'NONE', *, *, #2441, .T. ) ;
#590 = CARTESIAN_POINT ( 'NONE',  ( 2.379457550551451500, 0.3999999999999999700, 4.435071983487120000 ) ) ;
#591 = ADVANCED_FACE ( 'NONE', ( #4766 ), #3392, .T. ) ;
#592 = CARTESIAN_POINT ( 'NONE',  ( 0.0000000000000000000, -1.500000000000002400, 0.0000000000000000000 ) ) ;
#593 = AXIS2_PLACEMENT_3D ( 'NONE', #3947, #3880, #173 ) ;
#594 = ORIENTED_EDGE ( 'NONE', *, *, #569, .F. ) ;
#595 = AXIS2_PLACEMENT_3D ( 'NONE', #7191, #450, #972 ) ;
#596 = CARTESIAN_POINT ( 'NONE',  ( -6.010407640085669600, 0.0000000000000000000, 6.717514421272200700 ) ) ;
#597 = CARTESIAN_POINT ( 'NONE',  ( 2.847265478254240400, 0.2500000000000013300, 3.962003905699266000 ) ) ;
#598 = VECTOR ( 'NONE', #1211, 1000.000000000000100 ) ;
#599 = CARTESIAN_POINT ( 'NONE',  ( 5.750000000000000000, 1.355252715606880500E-015, 0.5000000000000002200 ) ) ;
#600 = LINE ( 'NONE', #1693, #4543 ) ;
#601 = EDGE_CURVE ( 'NONE', #2542, #1730, #5553, .T. ) ;
#602 = CARTESIAN_POINT ( 'NONE',  ( 3.729145877938736300, 0.0000000000000000000, 3.022039096752205700 ) ) ;
#603 = DIRECTION ( 'NONE',  ( 1.000000000000000000, -0.0000000000000000000, 0.0000000000000000000 ) ) ;
#604 = CARTESIAN_POINT ( 'NONE',  ( -3.095770484169035000, 1.430431461867744300E-016, 3.803941088848799400 ) ) ;
#605 = ORIENTED_EDGE ( 'NONE', *, *, #2333, .F. ) ;
#606 = FACE_OUTER_BOUND ( 'NONE', #1164, .T. ) ;
#607 = AXIS2_PLACEMENT_3D ( 'NONE', #5647, #4457, #2593 ) ;
#608 = ADVANCED_FACE ( 'NONE', ( #7607, #2805 ), #6745, .T. ) ;
#609 = DIRECTION ( 'NONE',  ( 0.0000000000000000000, 1.000000000000000000, -0.0000000000000000000 ) ) ;
#610 = VECTOR ( 'NONE', #2522, 1000.000000000000000 ) ;
#611 = CARTESIAN_POINT ( 'NONE',  ( 3.398528137423872900, 0.2500000000000000000, -2.550000000000001200 ) ) ;
#612 = ORIENTED_EDGE ( 'NONE', *, *, #47, .F. ) ;
#613 = ORIENTED_EDGE ( 'NONE', *, *, #2597, .F. ) ;
#614 = EDGE_CURVE ( 'NONE', #5952, #7163, #69, .T. ) ;
#615 = CARTESIAN_POINT ( 'NONE',  ( -2.253462233519209600, 0.7191252243511374600, 4.527032570061936500 ) ) ;
#616 = EDGE_LOOP ( 'NONE', ( #1825, #2945, #7355, #6912 ) ) ;
#617 = VECTOR ( 'NONE', #5001, 1000.000000000000200 ) ;
#618 = PLANE ( 'NONE',  #7540 ) ;
#619 = LINE ( 'NONE', #6039, #1007 ) ;
#620 = CARTESIAN_POINT ( 'NONE',  ( -1.850000000000000100, 0.0000000000000000000, -4.049719055553581800 ) ) ;
#621 = AXIS2_PLACEMENT_3D ( 'NONE', #1739, #8010, #1063 ) ;
#622 = VERTEX_POINT ( 'NONE', #2266 ) ;
#623 = CIRCLE ( 'NONE', #5002, 1.000000000000001800 ) ;
#624 = ORIENTED_EDGE ( 'NONE', *, *, #577, .F. ) ;
#625 = FACE_OUTER_BOUND ( 'NONE', #7667, .T. ) ;
#626 = FACE_OUTER_BOUND ( 'NONE', #461, .T. ) ;
#627 = EDGE_CURVE ( 'NONE', #2727, #6351, #2200, .T. ) ;
#628 = DIRECTION ( 'NONE',  ( 0.5130781995407750500, -0.08715574274766141300, -0.8539055203370571300 ) ) ;
#629 = CARTESIAN_POINT ( 'NONE',  ( -3.534314575036434600, 0.2500000000000000000, -2.450000000010277300 ) ) ;
#630 = ADVANCED_FACE ( 'NONE', ( #5164 ), #7916, .F. ) ;
#631 = CARTESIAN_POINT ( 'NONE',  ( 3.078507871027550200, 0.2661659644585289100, -3.783485124018389500 ) ) ;
#632 = CYLINDRICAL_SURFACE ( 'NONE', #7907, 0.5000000000000016700 ) ;
#633 = CARTESIAN_POINT ( 'NONE',  ( 3.729145877938736800, 0.2500000000000000000, 3.022039096752206600 ) ) ;
#634 = DIRECTION ( 'NONE',  ( 0.0000000000000000000, 1.000000000000000000, -0.0000000000000000000 ) ) ;
#635 = CARTESIAN_POINT ( 'NONE',  ( -4.262132034355966300, -0.5000000000000000000, -2.450000000000001100 ) ) ;
#636 = VECTOR ( 'NONE', #804, 1000.000000000000000 ) ;
#638 = LINE ( 'NONE', #2054, #5334 ) ;
#637 = CARTESIAN_POINT ( 'NONE',  ( -6.010407640085669600, 0.0000000000000000000, 6.717514421272200700 ) ) ;
#639 = CARTESIAN_POINT ( 'NONE',  ( -2.809512942779034200, 0.0000000000000000000, 3.516619723965575900 ) ) ;
#640 = CYLINDRICAL_SURFACE ( 'NONE', #2336, 0.1000000000000002600 ) ;
#641 = DIRECTION ( 'NONE',  ( -0.04488852596211266600, -0.9961946980917453200, -0.07470705275169993400 ) ) ;
#642 = AXIS2_PLACEMENT_3D ( 'NONE', #3064, #7437, #3014 ) ;
#643 = FACE_OUTER_BOUND ( 'NONE', #6421, .T. ) ;
#644 = CARTESIAN_POINT ( 'NONE',  ( 3.038251868144764800, 0.2500000000000000000, 3.745358649331330000 ) ) ;
#645 = CYLINDRICAL_SURFACE ( 'NONE', #5208, 0.09999999999999982500 ) ;
#646 = CARTESIAN_POINT ( 'NONE',  ( -3.050436394436107700, 0.2500000000000000600, 3.756479356644852400 ) ) ;
#647 = CARTESIAN_POINT ( 'NONE',  ( 3.534314575036435100, -0.1500000000000000200, 2.450000000010273700 ) ) ;
#648 = DIRECTION ( 'NONE',  ( 0.0000000000000000000, 0.0000000000000000000, -1.000000000000000000 ) ) ;
#649 = ORIENTED_EDGE ( 'NONE', *, *, #5736, .T. ) ;
#650 = LINE ( 'NONE', #6626, #6306 ) ;
#651 = EDGE_LOOP ( 'NONE', ( #7332, #1910, #6776, #5612 ) ) ;
#652 = ADVANCED_FACE ( 'NONE', ( #7002 ), #7396, .T. ) ;
#653 = CIRCLE ( 'NONE', #1555, 0.1499999999999999700 ) ;
#654 = EDGE_CURVE ( 'NONE', #1730, #7715, #4865, .T. ) ;
#655 = CARTESIAN_POINT ( 'NONE',  ( 0.0000000000000000000, 0.0000000000000000000, 5.099999999999997900 ) ) ;
#656 = DIRECTION ( 'NONE',  ( -0.01583271637848232900, 0.9997372496366935300, 0.01657578899896328500 ) ) ;
#657 = CARTESIAN_POINT ( 'NONE',  ( 5.999999999999999100, 5.000000000000000000, -4.999999999999999100 ) ) ;
#658 = DIRECTION ( 'NONE',  ( 0.6907124771418929900, 0.0000000000000000000, -0.7231295001038955400 ) ) ;
#659 = ORIENTED_EDGE ( 'NONE', *, *, #269, .T. ) ;
#660 = ORIENTED_EDGE ( 'NONE', *, *, #5951, .F. ) ;
#661 = DIRECTION ( 'NONE',  ( -0.0000000000000000000, 1.000000000000000000, -0.0000000000000000000 ) ) ;
#662 = FACE_OUTER_BOUND ( 'NONE', #7048, .T. ) ;
#663 = DIRECTION ( 'NONE',  ( -0.0000000000000000000, -0.0000000000000000000, -1.000000000000000000 ) ) ;
#664 = ORIENTED_EDGE ( 'NONE', *, *, #1262, .F. ) ;
#665 = ORIENTED_EDGE ( 'NONE', *, *, #2955, .F. ) ;
#666 = ORIENTED_EDGE ( 'NONE', *, *, #849, .T. ) ;
#667 = DIRECTION ( 'NONE',  ( 0.7071067811865463500, -0.0000000000000000000, 0.7071067811865487900 ) ) ;
#668 = EDGE_CURVE ( 'NONE', #2401, #5535, #3299, .T. ) ;
#669 = ORIENTED_EDGE ( 'NONE', *, *, #7218, .T. ) ;
#670 = ORIENTED_EDGE ( 'NONE', *, *, #6844, .F. ) ;
#671 = ORIENTED_EDGE ( 'NONE', *, *, #6026, .T. ) ;
#672 = DIRECTION ( 'NONE',  ( 0.0000000000000000000, 0.0000000000000000000, -1.000000000000000000 ) ) ;
#673 = PLANE ( 'NONE',  #7565 ) ;
#674 = CARTESIAN_POINT ( 'NONE',  ( 2.738802264660374700, 0.0000000000000000000, -3.587330402084222000 ) ) ;
#675 = AXIS2_PLACEMENT_3D ( 'NONE', #4695, #3451, #330 ) ;
#676 = ORIENTED_EDGE ( 'NONE', *, *, #4245, .F. ) ;
#677 = DIRECTION ( 'NONE',  ( 0.5150380749100542700, 0.0000000000000000000, -0.8571673007021122200 ) ) ;
#678 = ADVANCED_FACE ( 'NONE', ( #1798 ), #3899, .F. ) ;
#679 = EDGE_LOOP ( 'NONE', ( #1970, #2033, #5267, #5362 ) ) ;
#680 = EDGE_LOOP ( 'NONE', ( #6899, #7632, #4300, #5955 ) ) ;
#681 = DIRECTION ( 'NONE',  ( -0.0000000000000000000, -0.0000000000000000000, 1.000000000000000000 ) ) ;
#682 = ORIENTED_EDGE ( 'NONE', *, *, #4558, .F. ) ;
#683 =( REPRESENTATION_RELATIONSHIP ('NONE','NONE', #5360, #5391 ) REPRESENTATION_RELATIONSHIP_WITH_TRANSFORMATION ( #2668 )SHAPE_REPRESENTATION_RELATIONSHIP( ) );
#684 = EDGE_CURVE ( 'NONE', #5849, #1613, #561, .T. ) ;
#685 = VERTEX_POINT ( 'NONE', #6266 ) ;
#686 = EDGE_CURVE ( 'NONE', #1715, #6332, #8094, .T. ) ;
#687 = ORIENTED_EDGE ( 'NONE', *, *, #498, .F. ) ;
#688 = VERTEX_POINT ( 'NONE', #1078 ) ;
#689 = VERTEX_POINT ( 'NONE', #2367 ) ;
#690 = PLANE ( 'NONE',  #4022 ) ;
#691 = CARTESIAN_POINT ( 'NONE',  ( -2.161531637692554900, 0.4000000000000004700, -4.374034365627315100 ) ) ;
#692 = DIRECTION ( 'NONE',  ( -0.0000000000000000000, -1.000000000000000000, -0.0000000000000000000 ) ) ;
#693 = VERTEX_POINT ( 'NONE', #3044 ) ;
#694 = DIRECTION ( 'NONE',  ( 0.5150380749100598200, 0.0000000000000000000, 0.8571673007021088900 ) ) ;
#695 = CARTESIAN_POINT ( 'NONE',  ( 3.974731920451517500, 2.725251141633903800, 3.344039198394408900 ) ) ;
#696 = CLOSED_SHELL ( 'NONE', ( #1920, #2530, #7328, #6261, #3572, #3840, #678, #5582, #3772, #1998, #6661, #2842, #7644, #919, #208, #2505, #2237, #4434, #6073, #3218, #1254, #834, #6218, #134, #3951, #6485, #6723, #2300, #7994, #449, #4008, #786, #1843, #3531, #5869, #1646, #2908, #3155, #2590, #8056, #7560, #4217 ) ) ;
#697 = CARTESIAN_POINT ( 'NONE',  ( -3.168643545554899400, 0.04310923855607504800, 3.877851111921486900 ) ) ;
#698 = EDGE_CURVE ( 'NONE', #6809, #5849, #7887, .T. ) ;
#699 = AXIS2_PLACEMENT_3D ( 'NONE', #1013, #5397, #1617 ) ;
#700 = SURFACE_SIDE_STYLE ('',( #3670 ) ) ;
#701 = VECTOR ( 'NONE', #6514, 1000.000000000000100 ) ;
#702 = LINE ( 'NONE', #391, #1368 ) ;
#703 = DIRECTION ( 'NONE',  ( 1.204669080539449300E-016, 0.0000000000000000000, 1.000000000000000000 ) ) ;
#704 = PLANE ( 'NONE',  #1077 ) ;
#705 = ADVANCED_FACE ( 'NONE', ( #4968 ), #2400, .T. ) ;
#706 = CARTESIAN_POINT ( 'NONE',  ( 3.358394252755277300, 3.591048996928859300, -3.961020385856843800 ) ) ;
#707 = EDGE_CURVE ( 'NONE', #8021, #6217, #7187, .T. ) ;
#708 = LINE ( 'NONE', #6114, #1186 ) ;
#709 = VECTOR ( 'NONE', #583, 1000.000000000000200 ) ;
#710 = ORIENTED_EDGE ( 'NONE', *, *, #3739, .F. ) ;
#711 = CARTESIAN_POINT ( 'NONE',  ( -3.368376543254079100, 4.193111900177108000, 3.951485589396473800 ) ) ;
#712 = AXIS2_PLACEMENT_3D ( 'NONE', #3316, #4567, #5177 ) ;
#713 = VECTOR ( 'NONE', #7621, 1000.000000000000000 ) ;
#714 = CIRCLE ( 'NONE', #6336, 0.1499999999999999700 ) ;
#715 = CARTESIAN_POINT ( 'NONE',  ( -6.000000000000000000, 0.5371092495122248300, 2.449999999999999300 ) ) ;
#716 = LINE ( 'NONE', #615, #6464 ) ;
#717 = CARTESIAN_POINT ( 'NONE',  ( -4.262132034355966300, -0.1000000000000001000, -2.450000000000001100 ) ) ;
#718 = EDGE_CURVE ( 'NONE', #688, #1064, #256, .T. ) ;
#719 = CARTESIAN_POINT ( 'NONE',  ( -3.132808077000298400, 0.4000000000000001900, 3.830774262967694200 ) ) ;
#720 = VERTEX_POINT ( 'NONE', #7381 ) ;
#721 = PRESENTATION_STYLE_ASSIGNMENT (( #777 ) ) ;
#722 = ORIENTED_EDGE ( 'NONE', *, *, #6784, .F. ) ;
#723 = DIRECTION ( 'NONE',  ( 0.7231295001038959800, 3.491481338843133400E-015, 0.6907124771418926600 ) ) ;
#724 = VECTOR ( 'NONE', #2132, 1000.000000000000000 ) ;
#725 = DIRECTION ( 'NONE',  ( 0.0000000000000000000, 0.0000000000000000000, -1.000000000000000000 ) ) ;
#726 = APPLICATION_PROTOCOL_DEFINITION ( 'draft international standard', 'automotive_design', 1998, #99 ) ;
#727 = VECTOR ( 'NONE', #4890, 1000.000000000000000 ) ;
#728 = EDGE_CURVE ( 'NONE', #1155, #3003, #653, .T. ) ;
#729 = FACE_OUTER_BOUND ( 'NONE', #6907, .T. ) ;
#730 = ORIENTED_EDGE ( 'NONE', *, *, #6634, .F. ) ;
#731 = LINE ( 'NONE', #2373, #6877 ) ;
#732 = DIRECTION ( 'NONE',  ( -1.000000000000000000, 0.0000000000000000000, -0.0000000000000000000 ) ) ;
#733 = ORIENTED_EDGE ( 'NONE', *, *, #348, .T. ) ;
#734 = LINE ( 'NONE', #833, #6880 ) ;
#735 = ORIENTED_EDGE ( 'NONE', *, *, #7514, .T. ) ;
#736 = LINE ( 'NONE', #6205, #5437 ) ;
#737 = ORIENTED_EDGE ( 'NONE', *, *, #5494, .T. ) ;
#738 = EDGE_LOOP ( 'NONE', ( #17, #2692, #1151, #4220 ) ) ;
#739 = LINE ( 'NONE', #7734, #7496 ) ;
#740 = EDGE_LOOP ( 'NONE', ( #394, #2706, #3695, #5943 ) ) ;
#741 = CARTESIAN_POINT ( 'NONE',  ( -1.750000000000000000, 0.0000000000000000000, -4.049719055553581800 ) ) ;
#742 = VECTOR ( 'NONE', #2189, 1000.000000000000000 ) ;
#743 = CARTESIAN_POINT ( 'NONE',  ( 1.750000000000000900, 0.2500000000000000000, 4.049719055553578300 ) ) ;
#744 = DIRECTION ( 'NONE',  ( 0.0000000000000000000, 0.0000000000000000000, 1.000000000000000000 ) ) ;
#745 =( LENGTH_UNIT ( ) NAMED_UNIT ( * ) SI_UNIT ( .MILLI., .METRE. ) );
#746 = CARTESIAN_POINT ( 'NONE',  ( 3.065508923877664500, 0.2500000000000000000, 3.773676549659945600 ) ) ;
#747 = ADVANCED_FACE ( 'NONE', ( #2194 ), #6670, .F. ) ;
#748 = VECTOR ( 'NONE', #1153, 1000.000000000000000 ) ;
#749 = ORIENTED_EDGE ( 'NONE', *, *, #4920, .T. ) ;
#750 = EDGE_LOOP ( 'NONE', ( #2507, #4531, #5366, #1152 ) ) ;
#752 = VECTOR ( 'NONE', #2345, 1000.000000000000000 ) ;
#751 = CARTESIAN_POINT ( 'NONE',  ( 1.749999999999999800, 0.0000000000000000000, -5.100000000000001400 ) ) ;
#753 = VERTEX_POINT ( 'NONE', #1728 ) ;
#754 = ORIENTED_EDGE ( 'NONE', *, *, #277, .F. ) ;
#755 = VERTEX_POINT ( 'NONE', #4262 ) ;
#756 = EDGE_CURVE ( 'NONE', #1619, #7480, #4593, .T. ) ;
#757 = ORIENTED_EDGE ( 'NONE', *, *, #291, .T. ) ;
#758 = DIRECTION ( 'NONE',  ( -0.5150380749100536000, 0.0000000000000000000, 0.8571673007021126700 ) ) ;
#759 = ORIENTED_EDGE ( 'NONE', *, *, #3055, .F. ) ;
#760 = SURFACE_STYLE_FILL_AREA ( #262 ) ;
#761 = ORIENTED_EDGE ( 'NONE', *, *, #7532, .T. ) ;
#762 = AXIS2_PLACEMENT_3D ( 'NONE', #4518, #1892, #3179 ) ;
#763 = ORIENTED_EDGE ( 'NONE', *, *, #5452, .T. ) ;
#764 = ORIENTED_EDGE ( 'NONE', *, *, #828, .T. ) ;
#765 = VECTOR ( 'NONE', #4707, 1000.000000000000000 ) ;
#766 = DIRECTION ( 'NONE',  ( -0.0000000000000000000, 1.000000000000000000, -0.0000000000000000000 ) ) ;
#767 = EDGE_CURVE ( 'NONE', #7352, #835, #6693, .T. ) ;
#768 = DIRECTION ( 'NONE',  ( -0.0000000000000000000, 0.0000000000000000000, -1.000000000000000000 ) ) ;
#769 = CARTESIAN_POINT ( 'NONE',  ( -2.918057294831143200, 0.0000000000000000000, -4.079821273546523100 ) ) ;
#770 = CARTESIAN_POINT ( 'NONE',  ( -3.080172222182910400, 4.170189603414794300, -3.918637921533638700 ) ) ;
#771 = VERTEX_POINT ( 'NONE', #1178 ) ;
#772 = ORIENTED_EDGE ( 'NONE', *, *, #1269, .F. ) ;
#773 =( NAMED_UNIT ( * ) PLANE_ANGLE_UNIT ( ) SI_UNIT ( $, .RADIAN. ) );
#774 = ORIENTED_EDGE ( 'NONE', *, *, #1942, .F. ) ;
#775 = AXIS2_PLACEMENT_3D ( 'NONE', #4805, #2858, #976 ) ;
#776 = VERTEX_POINT ( 'NONE', #2943 ) ;
#777 = SURFACE_STYLE_USAGE ( .BOTH. , #2951 ) ;
#778 = EDGE_CURVE ( 'NONE', #6381, #6819, #7090, .T. ) ;
#779 = ORIENTED_EDGE ( 'NONE', *, *, #156, .T. ) ;
#780 = AXIS2_PLACEMENT_3D ( 'NONE', #5544, #7384, #2407 ) ;
#781 = SURFACE_STYLE_USAGE ( .BOTH. , #2045 ) ;
#782 = DIRECTION ( 'NONE',  ( -0.8571673007021126700, 0.0000000000000000000, -0.5150380749100537100 ) ) ;
#783 = AXIS2_PLACEMENT_3D ( 'NONE', #5798, #4177, #7294 ) ;
#784 = EDGE_LOOP ( 'NONE', ( #3953, #373, #1241, #92, #4936, #1822, #3952, #364 ) ) ;
#785 = DIRECTION ( 'NONE',  ( 0.0000000000000000000, 0.0000000000000000000, -1.000000000000000000 ) ) ;
#786 = ADVANCED_FACE ( 'NONE', ( #2392 ), #59, .T. ) ;
#787 = DIRECTION ( 'NONE',  ( -0.01657578899896300400, -0.9997372496366935300, -0.01583271637848216200 ) ) ;
#788 = FACE_OUTER_BOUND ( 'NONE', #4103, .T. ) ;
#789 = DIRECTION ( 'NONE',  ( 0.0000000000000000000, -1.000000000000000000, -0.0000000000000000000 ) ) ;
#790 = CIRCLE ( 'NONE', #5028, 0.1000000000000002600 ) ;
#791 = CARTESIAN_POINT ( 'NONE',  ( -3.022039096752198200, 0.0000000000000000000, 3.729145877938738500 ) ) ;
#792 = CARTESIAN_POINT ( 'NONE',  ( -3.022039096752198600, 0.2500000000000000000, 3.729145877938738500 ) ) ;
#793 = LINE ( 'NONE', #2621, #5127 ) ;
#794 = CARTESIAN_POINT ( 'NONE',  ( 4.005153813375542000, 3.491061948380444600, -3.343254275959457500 ) ) ;
#795 = VECTOR ( 'NONE', #7390, 1000.000000000000000 ) ;
#796 = EDGE_CURVE ( 'NONE', #6542, #3419, #3982, .T. ) ;
#797 = CARTESIAN_POINT ( 'NONE',  ( 3.000000000000000000, 4.400000000000000400, 0.0000000000000000000 ) ) ;
#798 = EDGE_LOOP ( 'NONE', ( #4820, #2455, #1802, #5340 ) ) ;
#799 = ORIENTED_EDGE ( 'NONE', *, *, #5195, .F. ) ;
#800 = VECTOR ( 'NONE', #7374, 1000.000000000000100 ) ;
#801 = LINE ( 'NONE', #2678, #3944 ) ;
#802 = AXIS2_PLACEMENT_3D ( 'NONE', #6117, #4877, #5504 ) ;
#803 = DIRECTION ( 'NONE',  ( -0.0000000000000000000, -1.000000000000000000, -0.0000000000000000000 ) ) ;
#804 = DIRECTION ( 'NONE',  ( -0.0000000000000000000, -0.0000000000000000000, 1.000000000000000000 ) ) ;
#805 = VECTOR ( 'NONE', #5080, 1000.000000000000000 ) ;
#806 = CONTEXT_DEPENDENT_SHAPE_REPRESENTATION ( #683, #7371 ) ;
#807 = EDGE_LOOP ( 'NONE', ( #8008, #772, #3225, #7704, #6185, #3817 ) ) ;
#808 = CARTESIAN_POINT ( 'NONE',  ( 3.327817459305188100, 0.0000000000000000000, 2.620710678118654900 ) ) ;
#809 = EDGE_CURVE ( 'NONE', #7108, #4125, #7697, .T. ) ;
#810 = VECTOR ( 'NONE', #6857, 1000.000000000000200 ) ;
#811 = LINE ( 'NONE', #597, #7265 ) ;
#813 = CIRCLE ( 'NONE', #1472, 1.000000000000001800 ) ;
#812 = DIRECTION ( 'NONE',  ( -0.01657578899896346900, 0.9997372496366935300, -0.01583271637848250600 ) ) ;
#814 = DIRECTION ( 'NONE',  ( -0.8571673007021085600, -0.0000000000000000000, 0.5150380749100604800 ) ) ;
#815 = AXIS2_PLACEMENT_3D ( 'NONE', #637, #667, #5051 ) ;
#816 = VERTEX_POINT ( 'NONE', #3789 ) ;
#817 = CIRCLE ( 'NONE', #5716, 0.5000000000000004400 ) ;
#818 = DIRECTION ( 'NONE',  ( 0.0000000000000000000, 0.0000000000000000000, 1.000000000000000000 ) ) ;
#819 = DIRECTION ( 'NONE',  ( -0.0000000000000000000, 1.000000000000000000, -0.0000000000000000000 ) ) ;
#820 = CARTESIAN_POINT ( 'NONE',  ( -3.321806003186827300, 0.2949861872786520000, -4.027608712166937700 ) ) ;
#821 = VECTOR ( 'NONE', #1181, 1000.000000000000000 ) ;
#822 = EDGE_CURVE ( 'NONE', #1064, #2794, #3790, .T. ) ;
#823 = FILL_AREA_STYLE ('',( #3828 ) ) ;
#824 = CYLINDRICAL_SURFACE ( 'NONE', #6554, 0.09999999999999982500 ) ;
#825 = AXIS2_PLACEMENT_3D ( 'NONE', #6958, #4435, #5745 ) ;
#826 = ADVANCED_FACE ( 'NONE', ( #6021 ), #6310, .F. ) ;
#827 = VECTOR ( 'NONE', #6269, 1000.000000000000100 ) ;
#828 = EDGE_CURVE ( 'NONE', #6141, #7058, #7290, .T. ) ;
#829 = ORIENTED_EDGE ( 'NONE', *, *, #4215, .F. ) ;
#830 = FACE_OUTER_BOUND ( 'NONE', #4478, .T. ) ;
#831 = DIRECTION ( 'NONE',  ( 0.0000000000000000000, 0.0000000000000000000, -1.000000000000000000 ) ) ;
#832 = FACE_OUTER_BOUND ( 'NONE', #2308, .T. ) ;
#833 = CARTESIAN_POINT ( 'NONE',  ( -3.459462740667453900, 0.2500000000000000000, -3.304379200189150500 ) ) ;
#834 = ADVANCED_FACE ( 'NONE', ( #5927, #2696 ), #5704, .T. ) ;
#835 = VERTEX_POINT ( 'NONE', #639 ) ;
#836 = DIRECTION ( 'NONE',  ( -1.000000000000000000, 0.0000000000000000000, 0.0000000000000000000 ) ) ;
#837 = EDGE_CURVE ( 'NONE', #3330, #7819, #5254, .T. ) ;
#838 = CARTESIAN_POINT ( 'NONE',  ( 3.398528137423843600, 0.2500000000000000000, 2.449999999999999300 ) ) ;
#839 = CIRCLE ( 'NONE', #621, 0.4999999999999997200 ) ;
#840 = ORIENTED_EDGE ( 'NONE', *, *, #5250, .T. ) ;
#841 = FACE_OUTER_BOUND ( 'NONE', #2461, .T. ) ;
#842 = ORIENTED_EDGE ( 'NONE', *, *, #3584, .F. ) ;
#843 = DIRECTION ( 'NONE',  ( -0.0000000000000000000, -1.000000000000000000, -0.0000000000000000000 ) ) ;
#844 = PLANE ( 'NONE',  #4082 ) ;
#845 = EDGE_LOOP ( 'NONE', ( #6614, #2708, #7116, #322 ) ) ;
#846 = ORIENTED_EDGE ( 'NONE', *, *, #4475, .T. ) ;
#847 = VECTOR ( 'NONE', #7205, 1000.000000000000000 ) ;
#848 = DIRECTION ( 'NONE',  ( -0.5130781995407750500, 0.08715574274766199600, 0.8539055203370569100 ) ) ;
#849 = EDGE_CURVE ( 'NONE', #3230, #7018, #7599, .T. ) ;
#850 = AXIS2_PLACEMENT_3D ( 'NONE', #5057, #7536, #32 ) ;
#851 = CARTESIAN_POINT ( 'NONE',  ( -3.065508923877665800, 0.2500000000000001700, -3.773676549659941600 ) ) ;
#852 = VERTEX_POINT ( 'NONE', #3156 ) ;
#853 = ORIENTED_EDGE ( 'NONE', *, *, #3827, .F. ) ;
#854 = CARTESIAN_POINT ( 'NONE',  ( 4.066978695959433000, 2.702328844871582100, -3.284200928263937100 ) ) ;
#855 = CARTESIAN_POINT ( 'NONE',  ( -3.949999999999999700, 0.2500000000000000000, 2.449999999999999300 ) ) ;
#856 = AXIS2_PLACEMENT_3D ( 'NONE', #7955, #3627, #8071 ) ;
#857 = ORIENTED_EDGE ( 'NONE', *, *, #7881, .T. ) ;
#858 = EDGE_LOOP ( 'NONE', ( #7286, #4974, #6035, #195, #991, #138, #2142, #1140 ) ) ;
#859 = LINE ( 'NONE', #3921, #6518 ) ;
#860 = DIRECTION ( 'NONE',  ( 0.0000000000000000000, 0.0000000000000000000, -1.000000000000000000 ) ) ;
#861 = CARTESIAN_POINT ( 'NONE',  ( -3.534314575036434600, -0.1500000000000000200, 2.450000000014010300 ) ) ;
#862 = ORIENTED_EDGE ( 'NONE', *, *, #7297, .T. ) ;
#863 = DIRECTION ( 'NONE',  ( -0.0000000000000000000, 1.000000000000000000, -0.0000000000000000000 ) ) ;
#864 = EDGE_CURVE ( 'NONE', #7312, #1163, #6840, .T. ) ;
#865 = DIRECTION ( 'NONE',  ( 1.000000000000000000, 0.0000000000000000000, 0.0000000000000000000 ) ) ;
#866 = CARTESIAN_POINT ( 'NONE',  ( 3.891963098134028100, 0.04310923855607525600, -3.186957102127510900 ) ) ;
#867 = VERTEX_POINT ( 'NONE', #3213 ) ;
#868 = ORIENTED_EDGE ( 'NONE', *, *, #369, .T. ) ;
#869 = EDGE_LOOP ( 'NONE', ( #3898, #3673, #191, #1339 ) ) ;
#870 = ADVANCED_FACE ( 'NONE', ( #6505 ), #2627, .T. ) ;
#871 = AXIS2_PLACEMENT_3D ( 'NONE', #1150, #8107, #8076 ) ;
#872 = ORIENTED_EDGE ( 'NONE', *, *, #8080, .T. ) ;
#873 = ORIENTED_EDGE ( 'NONE', *, *, #3024, .F. ) ;
#874 = DIRECTION ( 'NONE',  ( 0.5130781995407737200, 0.08715574274766198200, -0.8539055203370578000 ) ) ;
#875 = ORIENTED_EDGE ( 'NONE', *, *, #2365, .F. ) ;
#876 = VERTEX_POINT ( 'NONE', #932 ) ;
#877 = CARTESIAN_POINT ( 'NONE',  ( -4.156066017177984400, -0.2060660171779828100, -2.450000000000001100 ) ) ;
#878 = EDGE_CURVE ( 'NONE', #7013, #6331, #1688, .T. ) ;
#879 = CARTESIAN_POINT ( 'NONE',  ( 4.200000000000002000, -0.4999999999999989500, 2.449999999999999300 ) ) ;
#880 = CARTESIAN_POINT ( 'NONE',  ( -3.951485589396468400, 4.193111900177109800, -3.368376543254082200 ) ) ;
#881 = EDGE_CURVE ( 'NONE', #5170, #6732, #7499, .T. ) ;
#882 = ORIENTED_EDGE ( 'NONE', *, *, #4635, .T. ) ;
#883 = EDGE_LOOP ( 'NONE', ( #6228, #6887, #5081, #3596 ) ) ;
#884 = DIRECTION ( 'NONE',  ( 0.0000000000000000000, 0.0000000000000000000, -1.000000000000000000 ) ) ;
#885 = CARTESIAN_POINT ( 'NONE',  ( 0.0000000000000000000, 5.000000000000000000, 0.0000000000000000000 ) ) ;
#886 = EDGE_CURVE ( 'NONE', #409, #5543, #6900, .T. ) ;
#887 = CARTESIAN_POINT ( 'NONE',  ( -4.200000000000002000, -0.2500000000000000000, 2.449999999999999300 ) ) ;
#888 = ORIENTED_EDGE ( 'NONE', *, *, #74, .T. ) ;
#889 = CARTESIAN_POINT ( 'NONE',  ( 3.745358649331326500, 0.2500000000000000000, -3.038251868144762100 ) ) ;
#890 = CARTESIAN_POINT ( 'NONE',  ( 0.0000000000000000000, 0.2500000000000000000, -1.000000000000000000 ) ) ;
#891 = AXIS2_PLACEMENT_3D ( 'NONE', #3523, #7839, #1565 ) ;
#892 = CARTESIAN_POINT ( 'NONE',  ( 3.242819847682089300, 5.000000000000000000, 4.223712162953238400 ) ) ;
#893 = EDGE_CURVE ( 'NONE', #5100, #6824, #3571, .T. ) ;
#894 = CARTESIAN_POINT ( 'NONE',  ( -1.849999999999999200, 0.0000000000000000000, 4.049719055553636000 ) ) ;
#895 = VECTOR ( 'NONE', #4831, 1000.000000000000000 ) ;
#896 = LINE ( 'NONE', #7797, #6955 ) ;
#897 = STYLED_ITEM ( 'NONE', ( #7356 ), #5574 ) ;
#898 = CARTESIAN_POINT ( 'NONE',  ( 0.0000000000000000000, -0.0000000000000000000, -1.000000000000000000 ) ) ;
#899 = CARTESIAN_POINT ( 'NONE',  ( 2.381731783404436300, 0.6973362886642217000, 4.740508950146185000 ) ) ;
#900 = LINE ( 'NONE', #5337, #1572 ) ;
#901 = CARTESIAN_POINT ( 'NONE',  ( -4.254891097531117200, 3.129497198328496900, 3.104712412919713200 ) ) ;
#902 = LINE ( 'NONE', #5399, #6863 ) ;
#903 = DIRECTION ( 'NONE',  ( -0.7231295001038959800, -3.491481338843133000E-015, -0.6907124771418926600 ) ) ;
#904 = DIRECTION ( 'NONE',  ( 0.0000000000000000000, 0.0000000000000000000, -1.000000000000000000 ) ) ;
#905 = DIRECTION ( 'NONE',  ( 0.6907124771418916600, 0.0000000000000000000, -0.7231295001038967600 ) ) ;
#906 = EDGE_LOOP ( 'NONE', ( #471, #4659, #7209, #6044 ) ) ;
#907 = CIRCLE ( 'NONE', #489, 0.1500000000000007700 ) ;
#908 = CARTESIAN_POINT ( 'NONE',  ( 3.242819847682089300, 2.500000000000000000, -4.223712162953238400 ) ) ;
#909 = EDGE_CURVE ( 'NONE', #2567, #2657, #1039, .T. ) ;
#910 = CIRCLE ( 'NONE', #6973, 0.4000000000000001900 ) ;
#911 = CARTESIAN_POINT ( 'NONE',  ( -3.260954597208884900, 4.170189603414796100, -4.091316040819111600 ) ) ;
#912 = CARTESIAN_POINT ( 'NONE',  ( 4.650000000000000400, -0.2499999999999989200, -0.5000000000000001100 ) ) ;
#913 = LINE ( 'NONE', #2759, #6286 ) ;
#914 = DIRECTION ( 'NONE',  ( 0.0000000000000000000, -1.000000000000000000, 0.0000000000000000000 ) ) ;
#915 = DIRECTION ( 'NONE',  ( -0.7229394975650266200, -0.02292229676231499100, -0.6905309921875825200 ) ) ;
#916 = CARTESIAN_POINT ( 'NONE',  ( 3.756402933671637800, 0.2499999999999998300, 3.050356997080823100 ) ) ;
#917 = CARTESIAN_POINT ( 'NONE',  ( 4.254891097531113600, 3.129497198328496900, -3.104712412919713700 ) ) ;
#918 = VERTEX_POINT ( 'NONE', #1544 ) ;
#919 = ADVANCED_FACE ( 'NONE', ( #4285 ), #6994, .F. ) ;
#920 = FACE_OUTER_BOUND ( 'NONE', #6782, .T. ) ;
#921 = VECTOR ( 'NONE', #3723, 999.9999999999998900 ) ;
#922 = CARTESIAN_POINT ( 'NONE',  ( -4.091316040819109800, 4.170189603414794300, 3.260954597208887600 ) ) ;
#923 = CARTESIAN_POINT ( 'NONE',  ( 3.320662628199690500, 0.4000000000000028000, 4.028805748864900100 ) ) ;
#924 = EDGE_CURVE ( 'NONE', #5587, #7545, #1242, .T. ) ;
#925 = VECTOR ( 'NONE', #1786, 1000.000000000000000 ) ;
#926 = VERTEX_POINT ( 'NONE', #741 ) ;
#927 = DIRECTION ( 'NONE',  ( -1.000000000000000000, 0.0000000000000000000, 0.0000000000000000000 ) ) ;
#928 = CARTESIAN_POINT ( 'NONE',  ( 1.850000000000000100, 0.2500000000000000000, -3.949719055553642600 ) ) ;
#929 = CIRCLE ( 'NONE', #3191, 0.5000000000000015500 ) ;
#930 = LINE ( 'NONE', #1333, #2588 ) ;
#931 = DIRECTION ( 'NONE',  ( -1.000000000000000000, 0.0000000000000000000, -9.334688547309180300E-012 ) ) ;
#932 = CARTESIAN_POINT ( 'NONE',  ( 3.961020385856838500, 3.591048996928875700, 3.358394252755281700 ) ) ;
#933 = DIRECTION ( 'NONE',  ( 0.7231295001038967600, -3.491481338843133000E-015, 0.6907124771418916600 ) ) ;
#934 = EDGE_CURVE ( 'NONE', #2219, #3913, #5548, .T. ) ;
#935 = DIRECTION ( 'NONE',  ( -0.0000000000000000000, 1.000000000000000000, -0.0000000000000000000 ) ) ;
#936 = VERTEX_POINT ( 'NONE', #6944 ) ;
#937 = PRESENTATION_LAYER_ASSIGNMENT (  '', '', ( #4150 ) ) ;
#938 = VECTOR ( 'NONE', #927, 1000.000000000000000 ) ;
#939 = VERTEX_POINT ( 'NONE', #3288 ) ;
#941 = VECTOR ( 'NONE', #1719, 1000.000000000000000 ) ;
#940 = CARTESIAN_POINT ( 'NONE',  ( 1.750000000000000700, 0.2500000000000000000, 5.099999999999997900 ) ) ;
#942 = CARTESIAN_POINT ( 'NONE',  ( -3.327817459305214300, 0.0000000000000000000, 2.620710678118654400 ) ) ;
#943 = AXIS2_PLACEMENT_3D ( 'NONE', #877, #3339, #2730 ) ;
#944 = LINE ( 'NONE', #7440, #2896 ) ;
#945 = VERTEX_POINT ( 'NONE', #5179 ) ;
#946 = CARTESIAN_POINT ( 'NONE',  ( -2.847265478254242600, 0.2499999999999998300, -3.962003905699266900 ) ) ;
#947 = ORIENTED_EDGE ( 'NONE', *, *, #2725, .F. ) ;
#948 = LINE ( 'NONE', #998, #1905 ) ;
#949 = EDGE_LOOP ( 'NONE', ( #5298, #3612, #7686, #6043 ) ) ;
#950 = EDGE_LOOP ( 'NONE', ( #585, #7789, #5102, #1349 ) ) ;
#951 = DIRECTION ( 'NONE',  ( 0.8571673007021122200, -8.511960079772363500E-017, 0.5150380749100543800 ) ) ;
#952 = ORIENTED_EDGE ( 'NONE', *, *, #7321, .T. ) ;
#953 = ORIENTED_EDGE ( 'NONE', *, *, #1692, .T. ) ;
#954 = FACE_OUTER_BOUND ( 'NONE', #2110, .T. ) ;
#955 = CARTESIAN_POINT ( 'NONE',  ( 2.161531637692523800, 0.4000000000000004700, -4.374034365627328400 ) ) ;
#956 = CARTESIAN_POINT ( 'NONE',  ( 0.9500000000000005100, 0.2500000000000000000, 1.000000000000000000 ) ) ;
#957 = ORIENTED_EDGE ( 'NONE', *, *, #3600, .F. ) ;
#958 = DIRECTION ( 'NONE',  ( 0.0000000000000000000, -1.000000000000000000, 0.0000000000000000000 ) ) ;
#959 = EDGE_CURVE ( 'NONE', #3811, #7000, #1897, .T. ) ;
#960 = DIRECTION ( 'NONE',  ( 0.0000000000000000000, 0.0000000000000000000, 1.000000000000000000 ) ) ;
#961 = VERTEX_POINT ( 'NONE', #1358 ) ;
#962 = EDGE_LOOP ( 'NONE', ( #2500, #6914, #3335, #2258 ) ) ;
#963 = ORIENTED_EDGE ( 'NONE', *, *, #837, .T. ) ;
#964 = CARTESIAN_POINT ( 'NONE',  ( 2.738802264660374700, 0.2500000000000000000, -3.587330402084222000 ) ) ;
#965 = CARTESIAN_POINT ( 'NONE',  ( 4.200000000000002000, -0.2499999999999989700, -0.5000000000000000000 ) ) ;
#966 = AXIS2_PLACEMENT_3D ( 'NONE', #3441, #7763, #5956 ) ;
#967 = DIRECTION ( 'NONE',  ( -1.000000000000000000, -0.0000000000000000000, -0.0000000000000000000 ) ) ;
#968 = EDGE_LOOP ( 'NONE', ( #199, #4785, #5342, #169 ) ) ;
#969 = VERTEX_POINT ( 'NONE', #3237 ) ;
#970 = EDGE_LOOP ( 'NONE', ( #6826, #1644 ) ) ;
#971 = ORIENTED_EDGE ( 'NONE', *, *, #7915, .F. ) ;
#972 = DIRECTION ( 'NONE',  ( 1.000000000000000000, 0.0000000000000000000, 8.031127203596331800E-017 ) ) ;
#973 = CARTESIAN_POINT ( 'NONE',  ( -3.534314575036434600, -5.421010862427522200E-017, 26.95000000000126800 ) ) ;
#974 = CARTESIAN_POINT ( 'NONE',  ( -3.819090036748161100, -3.340847660330098800E-016, 3.113047079054823500 ) ) ;
#975 = EDGE_CURVE ( 'NONE', #7207, #584, #4396, .T. ) ;
#976 = DIRECTION ( 'NONE',  ( -0.4994745683111426700, -0.7231295001038960900, -0.4770837260794870100 ) ) ;
#977 = ORIENTED_EDGE ( 'NONE', *, *, #2982, .F. ) ;
#978 = EDGE_LOOP ( 'NONE', ( #560, #7027, #1249, #3490 ) ) ;
#979 = ORIENTED_EDGE ( 'NONE', *, *, #5053, .F. ) ;
#980 = CARTESIAN_POINT ( 'NONE',  ( -3.270489393669255000, 3.568126700166510500, -4.081333750320308900 ) ) ;
#981 = AXIS2_PLACEMENT_3D ( 'NONE', #3151, #4490, #3785 ) ;
#982 = CARTESIAN_POINT ( 'NONE',  ( -1.750000000000000400, 0.0000000000000000000, -7.199999999999999300 ) ) ;
#983 = CARTESIAN_POINT ( 'NONE',  ( 5.999999999999999100, 5.000000000000000000, 6.000000000000000000 ) ) ;
#984 = EDGE_CURVE ( 'NONE', #7324, #5394, #1840, .T. ) ;
#985 = AXIS2_PLACEMENT_3D ( 'NONE', #5634, #6865, #7511 ) ;
#986 = DIRECTION ( 'NONE',  ( -1.000000000000000000, 0.0000000000000000000, -0.0000000000000000000 ) ) ;
#987 = CARTESIAN_POINT ( 'NONE',  ( 3.891035054643015900, 0.4000000000000021900, 3.190367450095462000 ) ) ;
#988 = CARTESIAN_POINT ( 'NONE',  ( 3.000000000000000000, 4.400000000000000400, 4.399502812818740300 ) ) ;
#989 = EDGE_CURVE ( 'NONE', #852, #2188, #2599, .T. ) ;
#990 = DIRECTION ( 'NONE',  ( 0.0000000000000000000, 0.0000000000000000000, -1.000000000000000000 ) ) ;
#991 = ORIENTED_EDGE ( 'NONE', *, *, #3143, .F. ) ;
#992 = VECTOR ( 'NONE', #5200, 1000.000000000000000 ) ;
#993 = DIRECTION ( 'NONE',  ( 0.0000000000000000000, -1.000000000000000000, 0.0000000000000000000 ) ) ;
#994 = FACE_OUTER_BOUND ( 'NONE', #4592, .T. ) ;
#995 = CARTESIAN_POINT ( 'NONE',  ( 2.897334221987271100, -13.80215859328339600, -4.055692109183181200 ) ) ;
#996 = CARTESIAN_POINT ( 'NONE',  ( -4.081333750320308900, 3.568126700166564200, 3.270489393669257200 ) ) ;
#997 = CYLINDRICAL_SURFACE ( 'NONE', #2060, 0.1500000000000008500 ) ;
#998 = CARTESIAN_POINT ( 'NONE',  ( 1.750000000000000000, 0.0000000000000000000, -4.049719055553643100 ) ) ;
#999 = CARTESIAN_POINT ( 'NONE',  ( 5.999999999999999100, 0.0000000000000000000, -4.999999999999999100 ) ) ;
#1000 = ADVANCED_FACE ( 'NONE', ( #5834 ), #414, .T. ) ;
#1001 = LINE ( 'NONE', #260, #3442 ) ;
#1002 = CARTESIAN_POINT ( 'NONE',  ( 3.534314575036435100, 0.2499999999999999400, -2.450000000010273700 ) ) ;
#1003 = CARTESIAN_POINT ( 'NONE',  ( 4.156066017177984400, -0.2060660171779816200, 2.449999999999999300 ) ) ;
#1004 = PRODUCT ( '40014700A', '40014700A', '', ( #41 ) ) ;
#1005 = LINE ( 'NONE', #2231, #2864 ) ;
#1006 = LINE ( 'NONE', #7587, #617 ) ;
#1007 = VECTOR ( 'NONE', #1669, 1000.000000000000000 ) ;
#1008 = DIRECTION ( 'NONE',  ( 0.6907124771418927700, 3.491481338843133400E-015, -0.7231295001038959800 ) ) ;
#1009 = CARTESIAN_POINT ( 'NONE',  ( 3.067465623966092500, 0.6973362886642219300, -4.328478490218159000 ) ) ;
#1010 = VERTEX_POINT ( 'NONE', #4713 ) ;
#1011 = ORIENTED_EDGE ( 'NONE', *, *, #3134, .T. ) ;
#1012 = PLANE ( 'NONE',  #7721 ) ;
#1013 = CARTESIAN_POINT ( 'NONE',  ( -3.959726526175053600, 3.163880643471973700, -2.997803731898162700 ) ) ;
#1014 = FACE_OUTER_BOUND ( 'NONE', #869, .T. ) ;
#1015 = AXIS2_PLACEMENT_3D ( 'NONE', #6005, #7340, #2931 ) ;
#1016 = CARTESIAN_POINT ( 'NONE',  ( 3.918637921533633300, 4.170189603414772100, -3.080172222182916200 ) ) ;
#1017 = FACE_OUTER_BOUND ( 'NONE', #6036, .T. ) ;
#1018 = CYLINDRICAL_SURFACE ( 'NONE', #3331, 0.2500000000000002200 ) ;
#1019 = DIRECTION ( 'NONE',  ( 0.0000000000000000000, 1.000000000000000000, 0.0000000000000000000 ) ) ;
#1020 = EDGE_CURVE ( 'NONE', #5850, #5846, #2952, .T. ) ;
#1021 = LINE ( 'NONE', #2518, #3080 ) ;
#1022 = ADVANCED_FACE ( 'NONE', ( #2501 ), #5742, .F. ) ;
#1023 = VERTEX_POINT ( 'NONE', #6602 ) ;
#1024 = DIRECTION ( 'NONE',  ( -0.0000000000000000000, -0.0000000000000000000, -1.000000000000000000 ) ) ;
#1025 = FACE_OUTER_BOUND ( 'NONE', #5756, .T. ) ;
#1026 = DIRECTION ( 'NONE',  ( -0.0000000000000000000, 1.000000000000000000, -0.0000000000000000000 ) ) ;
#1027 = VECTOR ( 'NONE', #1203, 1000.000000000000000 ) ;
#1028 = AXIS2_PLACEMENT_3D ( 'NONE', #4307, #7448, #8089 ) ;
#1029 = DIRECTION ( 'NONE',  ( -0.0000000000000000000, 1.000000000000000000, -0.0000000000000000000 ) ) ;
#1030 = CARTESIAN_POINT ( 'NONE',  ( 0.0000000000000000000, -2.600000000000000100, 0.0000000000000000000 ) ) ;
#1031 = LINE ( 'NONE', #7044, #5440 ) ;
#1032 = ORIENTED_EDGE ( 'NONE', *, *, #4186, .T. ) ;
#1033 = LINE ( 'NONE', #4480, #1221 ) ;
#1034 = EDGE_CURVE ( 'NONE', #8113, #2282, #2795, .T. ) ;
#1035 = LINE ( 'NONE', #4487, #7077 ) ;
#1036 = ORIENTED_EDGE ( 'NONE', *, *, #196, .T. ) ;
#1037 = FACE_OUTER_BOUND ( 'NONE', #4073, .T. ) ;
#1038 = ORIENTED_EDGE ( 'NONE', *, *, #1684, .F. ) ;
#1039 = LINE ( 'NONE', #168, #5651 ) ;
#1040 = DIRECTION ( 'NONE',  ( 0.0000000000000000000, -1.000000000000000000, 0.0000000000000000000 ) ) ;
#1041 = ADVANCED_FACE ( 'NONE', ( #60 ), #2844, .F. ) ;
#1042 = CARTESIAN_POINT ( 'NONE',  ( -3.949999999999999700, 0.2500000000000000000, -2.450000000000001100 ) ) ;
#1043 = CARTESIAN_POINT ( 'NONE',  ( 3.000000000000000000, 4.400000000000000400, 6.000000000000000000 ) ) ;
#1044 = DIRECTION ( 'NONE',  ( 0.7229394975650266200, 0.02292229676231477200, 0.6905309921875825200 ) ) ;
#1045 = EDGE_CURVE ( 'NONE', #688, #7108, #4190, .T. ) ;
#1046 = CARTESIAN_POINT ( 'NONE',  ( -3.046326844716306800, 0.2282110643130846600, 4.293297653630805400 ) ) ;
#1047 = AXIS2_PLACEMENT_3D ( 'NONE', #3640, #7969, #5940 ) ;
#1048 = CARTESIAN_POINT ( 'NONE',  ( -5.500000000000000000, 0.0000000000000000000, 2.449999999999999300 ) ) ;
#1049 = VERTEX_POINT ( 'NONE', #1641 ) ;
#1050 = EDGE_LOOP ( 'NONE', ( #5959, #2535, #4264, #2927, #3684, #8012, #7412, #3542 ) ) ;
#1051 = CARTESIAN_POINT ( 'NONE',  ( -3.067465623966091100, 0.6973362886642219300, 4.328478490218159900 ) ) ;
#1052 = LINE ( 'NONE', #3438, #6025 ) ;
#1053 = AXIS2_PLACEMENT_3D ( 'NONE', #5841, #4586, #2073 ) ;
#1054 = DIRECTION ( 'NONE',  ( 0.04488852596211356100, 0.9961946980917452100, -0.07470705275169987900 ) ) ;
#1055 = CARTESIAN_POINT ( 'NONE',  ( 2.847265478254212800, 0.4000000000000004100, -3.962003905699285100 ) ) ;
#1056 = ORIENTED_EDGE ( 'NONE', *, *, #6059, .F. ) ;
#1057 = EDGE_CURVE ( 'NONE', #6984, #6705, #3200, .T. ) ;
#1058 = ORIENTED_EDGE ( 'NONE', *, *, #5484, .F. ) ;
#1059 = EDGE_LOOP ( 'NONE', ( #2978, #7918, #3314, #3058 ) ) ;
#1060 = CIRCLE ( 'NONE', #4039, 0.3999999999999998000 ) ;
#1061 = ADVANCED_FACE ( 'NONE', ( #4858 ), #4203, .T. ) ;
#1062 = ORIENTED_EDGE ( 'NONE', *, *, #1496, .T. ) ;
#1063 = DIRECTION ( 'NONE',  ( 0.4994745683111421200, 0.6907124771418918800, -0.5229162739205098800 ) ) ;
#1064 = VERTEX_POINT ( 'NONE', #1043 ) ;
#1065 = ORIENTED_EDGE ( 'NONE', *, *, #6852, .F. ) ;
#1066 = CARTESIAN_POINT ( 'NONE',  ( -1.935716730070210900, 0.0000000000000000000, -3.998215248062575900 ) ) ;
#1067 = CARTESIAN_POINT ( 'NONE',  ( 3.344039198394404900, 2.725251141633910900, -3.974731920451522800 ) ) ;
#1068 = DIRECTION ( 'NONE',  ( -0.8571673007021086700, 0.0000000000000000000, 0.5150380749100603700 ) ) ;
#1069 = EDGE_CURVE ( 'NONE', #1155, #4658, #1230, .T. ) ;
#1070 = CARTESIAN_POINT ( 'NONE',  ( 3.022039096752202200, 0.2500000000000000000, -3.729145877938739900 ) ) ;
#1071 = DIRECTION ( 'NONE',  ( -0.5150380749100536000, 0.0000000000000000000, 0.8571673007021126700 ) ) ;
#1072 = VERTEX_POINT ( 'NONE', #2284 ) ;
#1073 = ORIENTED_EDGE ( 'NONE', *, *, #2469, .T. ) ;
#1074 = ORIENTED_EDGE ( 'NONE', *, *, #7032, .T. ) ;
#1075 = ORIENTED_EDGE ( 'NONE', *, *, #6042, .T. ) ;
#1076 = CARTESIAN_POINT ( 'NONE',  ( 2.000000000000000000, 0.05000000000000000300, -1.850000000000000100 ) ) ;
#1077 = AXIS2_PLACEMENT_3D ( 'NONE', #3231, #3780, #656 ) ;
#1078 = CARTESIAN_POINT ( 'NONE',  ( -3.000000000000000000, 4.400000000000000400, 6.000000000000000000 ) ) ;
#1079 = ORIENTED_EDGE ( 'NONE', *, *, #5696, .F. ) ;
#1080 = EDGE_CURVE ( 'NONE', #7885, #1832, #1315, .T. ) ;
#1081 = CARTESIAN_POINT ( 'NONE',  ( -4.262132034355966300, -0.2500000000000000000, 2.449999999999999300 ) ) ;
#1082 = DIRECTION ( 'NONE',  ( -0.6907124771418919900, 3.491481338843133400E-015, 0.7231295001038965400 ) ) ;
#1083 = ADVANCED_FACE ( 'NONE', ( #841 ), #1665, .F. ) ;
#1084 = DIRECTION ( 'NONE',  ( -0.5150380749100605900, 0.0000000000000000000, -0.8571673007021084500 ) ) ;
#1085 = CARTESIAN_POINT ( 'NONE',  ( -2.253462233519241100, 0.7191252243511373500, -4.527032570061925800 ) ) ;
#1086 = AXIS2_PLACEMENT_3D ( 'NONE', #5823, #3969, #212 ) ;
#1087 = CARTESIAN_POINT ( 'NONE',  ( -3.000000000000000000, 4.400000000000000400, 0.0000000000000000000 ) ) ;
#1088 = EDGE_CURVE ( 'NONE', #7935, #7119, #7985, .T. ) ;
#1089 = AXIS2_PLACEMENT_3D ( 'NONE', #3649, #2976, #5441 ) ;
#1090 = LINE ( 'NONE', #3165, #5703 ) ;
#1091 = DIRECTION ( 'NONE',  ( 0.0000000000000000000, 0.0000000000000000000, -1.000000000000000000 ) ) ;
#1092 = LINE ( 'NONE', #3372, #3733 ) ;
#1093 = DIRECTION ( 'NONE',  ( 0.0000000000000000000, 1.000000000000000000, 0.0000000000000000000 ) ) ;
#1094 = DIRECTION ( 'NONE',  ( 0.0000000000000000000, 0.0000000000000000000, -1.000000000000000000 ) ) ;
#1095 = CARTESIAN_POINT ( 'NONE',  ( 3.095770484169040800, 1.403388419474067800E-015, -3.803941088848803000 ) ) ;
#1096 = EDGE_CURVE ( 'NONE', #4212, #5394, #4832, .T. ) ;
#1097 = UNCERTAINTY_MEASURE_WITH_UNIT (LENGTH_MEASURE( 1.000000000000000100E-005 ), #7692, 'distance_accuracy_value', 'NONE');
#1098 = DIRECTION ( 'NONE',  ( -1.000000000000000000, 0.0000000000000000000, 0.0000000000000000000 ) ) ;
#1099 = FACE_OUTER_BOUND ( 'NONE', #6173, .T. ) ;
#1100 = ADVANCED_FACE ( 'NONE', ( #2299 ), #2421, .T. ) ;
#1101 = LINE ( 'NONE', #1747, #4359 ) ;
#1102 = CARTESIAN_POINT ( 'NONE',  ( -2.924227208185360200, 0.3869266385878509800, -4.090089733749825200 ) ) ;
#1103 = CARTESIAN_POINT ( 'NONE',  ( -2.738802264660379100, 0.0000000000000000000, 3.587330402084230900 ) ) ;
#1104 = CARTESIAN_POINT ( 'NONE',  ( 6.000000000000000000, 8.673617379884035500E-016, -0.5000000000000001100 ) ) ;
#1105 = VERTEX_POINT ( 'NONE', #6164 ) ;
#1106 = LINE ( 'NONE', #2016, #1961 ) ;
#1107 = DIRECTION ( 'NONE',  ( 0.0000000000000000000, 0.0000000000000000000, -1.000000000000000000 ) ) ;
#1108 = VERTEX_POINT ( 'NONE', #6760 ) ;
#1109 = LINE ( 'NONE', #5383, #6668 ) ;
#1110 = LINE ( 'NONE', #2095, #7573 ) ;
#1111 = CARTESIAN_POINT ( 'NONE',  ( -2.653085534590167600, 0.0000000000000000000, 3.638834209575234600 ) ) ;
#1112 = ORIENTED_EDGE ( 'NONE', *, *, #5769, .T. ) ;
#1113 = VECTOR ( 'NONE', #6945, 1000.000000000000100 ) ;
#1114 = EDGE_CURVE ( 'NONE', #2102, #2205, #4084, .T. ) ;
#1115 = AXIS2_PLACEMENT_3D ( 'NONE', #7301, #5349, #367 ) ;
#1116 = VECTOR ( 'NONE', #5485, 1000.000000000000100 ) ;
#1117 = LINE ( 'NONE', #2835, #5812 ) ;
#1118 = CARTESIAN_POINT ( 'NONE',  ( -4.242640687119284800, 0.0000000000000000000, -4.242640687119284800 ) ) ;
#1119 = ADVANCED_FACE ( 'NONE', ( #7784 ), #4928, .T. ) ;
#1120 = PLANE ( 'NONE',  #435 ) ;
#1121 = AXIS2_PLACEMENT_3D ( 'NONE', #3008, #6137, #6845 ) ;
#1122 = LINE ( 'NONE', #5210, #1978 ) ;
#1123 = CARTESIAN_POINT ( 'NONE',  ( 1.850000000000000100, 0.2500000000000000000, -4.049719055553643100 ) ) ;
#1124 = PLANE ( 'NONE',  #802 ) ;
#1125 = DIRECTION ( 'NONE',  ( 0.0000000000000000000, 1.000000000000000000, -0.0000000000000000000 ) ) ;
#1126 = VECTOR ( 'NONE', #2025, 1000.000000000000000 ) ;
#1128 = VECTOR ( 'NONE', #1947, 1000.000000000000000 ) ;
#1127 = CARTESIAN_POINT ( 'NONE',  ( 4.242640687119284800, 5.000000000000000000, 4.242640687119284800 ) ) ;
#1129 = EDGE_CURVE ( 'NONE', #6053, #2722, #5061, .T. ) ;
#1130 = DIRECTION ( 'NONE',  ( 0.0000000000000000000, 0.0000000000000000000, -1.000000000000000000 ) ) ;
#1131 = ORIENTED_EDGE ( 'NONE', *, *, #7514, .F. ) ;
#1132 = DIRECTION ( 'NONE',  ( -0.4994745683111421800, -0.7231295001038965400, -0.4770837260794868500 ) ) ;
#1133 = CARTESIAN_POINT ( 'NONE',  ( -2.161531637692524200, 0.3999999999999994700, 4.374034365627326600 ) ) ;
#1134 = LINE ( 'NONE', #3032, #5158 ) ;
#1135 = ORIENTED_EDGE ( 'NONE', *, *, #6133, .T. ) ;
#1136 = VECTOR ( 'NONE', #3579, 1000.000000000000000 ) ;
#1137 = DIRECTION ( 'NONE',  ( -0.5150380749100597100, 0.0000000000000000000, -0.8571673007021091100 ) ) ;
#1138 = EDGE_CURVE ( 'NONE', #118, #6050, #49, .T. ) ;
#1139 = VECTOR ( 'NONE', #4441, 1000.000000000000000 ) ;
#1140 = ORIENTED_EDGE ( 'NONE', *, *, #6675, .T. ) ;
#1141 = ADVANCED_FACE ( 'NONE', ( #1599 ), #7958, .F. ) ;
#1142 = LINE ( 'NONE', #1081, #266 ) ;
#1143 = EDGE_CURVE ( 'NONE', #2364, #7715, #3974, .T. ) ;
#1144 = ORIENTED_EDGE ( 'NONE', *, *, #7276, .T. ) ;
#1145 = ORIENTED_EDGE ( 'NONE', *, *, #3496, .F. ) ;
#1146 = ORIENTED_EDGE ( 'NONE', *, *, #4656, .T. ) ;
#1147 = PLANE ( 'NONE',  #3243 ) ;
#1148 = VERTEX_POINT ( 'NONE', #6302 ) ;
#1149 = ORIENTED_EDGE ( 'NONE', *, *, #2716, .T. ) ;
#1150 = CARTESIAN_POINT ( 'NONE',  ( -6.010407640085648300, 0.0000000000000000000, -6.717514421272221100 ) ) ;
#1151 = ORIENTED_EDGE ( 'NONE', *, *, #8052, .T. ) ;
#1152 = ORIENTED_EDGE ( 'NONE', *, *, #7713, .F. ) ;
#1153 = DIRECTION ( 'NONE',  ( -0.0000000000000000000, -0.0000000000000000000, -1.000000000000000000 ) ) ;
#1154 = ORIENTED_EDGE ( 'NONE', *, *, #3428, .F. ) ;
#1155 = VERTEX_POINT ( 'NONE', #6793 ) ;
#1156 = VERTEX_POINT ( 'NONE', #3119 ) ;
#1157 = PLANE ( 'NONE',  #2961 ) ;
#1158 = CARTESIAN_POINT ( 'NONE',  ( -6.500000000000000000, -0.5000000000000002200, 5.099999999999997900 ) ) ;
#1159 = DIRECTION ( 'NONE',  ( 0.5150380749100530500, 0.0000000000000000000, -0.8571673007021130000 ) ) ;
#1160 = ADVANCED_FACE ( 'NONE', ( #4180 ), #1992, .F. ) ;
#1161 = DIRECTION ( 'NONE',  ( -0.7071067812014962800, -0.7071067811715988600, 0.0000000000000000000 ) ) ;
#1162 = ORIENTED_EDGE ( 'NONE', *, *, #5390, .T. ) ;
#1163 = VERTEX_POINT ( 'NONE', #81 ) ;
#1164 = EDGE_LOOP ( 'NONE', ( #7794, #7220, #5580, #3788 ) ) ;
#1165 = DIRECTION ( 'NONE',  ( -0.0000000000000000000, 1.000000000000000000, -0.0000000000000000000 ) ) ;
#1166 = CARTESIAN_POINT ( 'NONE',  ( 2.381731783404436300, 0.6973362886642217000, 4.740508950146185000 ) ) ;
#1167 = ORIENTED_EDGE ( 'NONE', *, *, #2138, .F. ) ;
#1168 = CARTESIAN_POINT ( 'NONE',  ( -6.000000000000000000, 0.0000000000000000000, 0.5000000000000002200 ) ) ;
#1169 = ORIENTED_EDGE ( 'NONE', *, *, #1299, .F. ) ;
#1170 = DIRECTION ( 'NONE',  ( 0.0000000000000000000, -1.000000000000000000, 0.0000000000000000000 ) ) ;
#1171 = CARTESIAN_POINT ( 'NONE',  ( 3.168643545554903400, 0.04310923855607704000, -3.877851111921489100 ) ) ;
#1172 = EDGE_CURVE ( 'NONE', #4676, #1535, #244, .T. ) ;
#1173 = DIRECTION ( 'NONE',  ( -0.0000000000000000000, -1.000000000000000000, 0.0000000000000000000 ) ) ;
#1174 = CARTESIAN_POINT ( 'NONE',  ( 3.951485589396470200, 4.193111900177088500, 3.368376543254082200 ) ) ;
#1175 = ORIENTED_EDGE ( 'NONE', *, *, #5613, .T. ) ;
#1176 = DIRECTION ( 'NONE',  ( 1.000000000000000000, 0.0000000000000000000, 0.0000000000000000000 ) ) ;
#1177 = ADVANCED_FACE ( 'NONE', ( #2688 ), #6256, .T. ) ;
#1178 = CARTESIAN_POINT ( 'NONE',  ( -3.534314575036434600, -5.421010862427522200E-017, -2.450000000010277300 ) ) ;
#1179 = EDGE_CURVE ( 'NONE', #5814, #5174, #1035, .T. ) ;
#1180 = VECTOR ( 'NONE', #236, 1000.000000000000100 ) ;
#1181 = DIRECTION ( 'NONE',  ( 0.0000000000000000000, 1.000000000000000000, 0.0000000000000000000 ) ) ;
#1182 = CIRCLE ( 'NONE', #2923, 0.4000000000000001300 ) ;
#1183 = DIRECTION ( 'NONE',  ( -0.7071067811715988600, 0.7071067812014962800, 0.0000000000000000000 ) ) ;
#1184 = AXIS2_PLACEMENT_3D ( 'NONE', #2440, #4918, #8125 ) ;
#1185 = ORIENTED_EDGE ( 'NONE', *, *, #1328, .T. ) ;
#1186 = VECTOR ( 'NONE', #6706, 999.9999999999998900 ) ;
#1187 = FACE_OUTER_BOUND ( 'NONE', #4948, .T. ) ;
#1188 = CARTESIAN_POINT ( 'NONE',  ( -6.010407640085669600, 0.0000000000000000000, 6.717514421272200700 ) ) ;
#1189 = EDGE_CURVE ( 'NONE', #3429, #622, #7775, .T. ) ;
#1190 = ORIENTED_EDGE ( 'NONE', *, *, #1138, .F. ) ;
#1191 = LINE ( 'NONE', #7526, #4354 ) ;
#1192 = ADVANCED_FACE ( 'NONE', ( #6498 ), #3958, .F. ) ;
#1193 = DIRECTION ( 'NONE',  ( 0.7231295001038959800, 3.491481338843133400E-015, 0.6907124771418926600 ) ) ;
#1194 = CYLINDRICAL_SURFACE ( 'NONE', #7865, 0.5000000000000016700 ) ;
#1195 = LINE ( 'NONE', #6197, #5217 ) ;
#1196 = AXIS2_PLACEMENT_3D ( 'NONE', #5451, #7235, #5958 ) ;
#1197 = CARTESIAN_POINT ( 'NONE',  ( -3.067465623966091100, 0.6973362886642219300, 4.328478490218159900 ) ) ;
#1198 = CARTESIAN_POINT ( 'NONE',  ( -3.273322737776065400, 0.1912053364946881800, 3.982663422528963000 ) ) ;
#1199 = EDGE_LOOP ( 'NONE', ( #5167, #2423, #2329, #7117, #272, #4461 ) ) ;
#1200 = SHAPE_REPRESENTATION_RELATIONSHIP ( 'NONE' , 'NONE' ,  #7856, #6052 ) ;
#1201 = CIRCLE ( 'NONE', #642, 0.2500000000000002200 ) ;
#1202 = ORIENTED_EDGE ( 'NONE', *, *, #3728, .T. ) ;
#1203 = DIRECTION ( 'NONE',  ( 0.0000000000000000000, -0.0000000000000000000, -1.000000000000000000 ) ) ;
#1204 = LINE ( 'NONE', #6076, #2981 ) ;
#1205 = CARTESIAN_POINT ( 'NONE',  ( 2.939196074080926600, 0.7191252243511372400, 4.115002110133874100 ) ) ;
#1206 = LINE ( 'NONE', #7574, #7672 ) ;
#1207 = CYLINDRICAL_SURFACE ( 'NONE', #5400, 0.1499999999999999400 ) ;
#1208 = DIRECTION ( 'NONE',  ( -0.01657578899896300400, -0.9997372496366935300, -0.01583271637848216200 ) ) ;
#1209 = VERTEX_POINT ( 'NONE', #1855 ) ;
#1210 = DIRECTION ( 'NONE',  ( -0.8571673007021086700, 0.0000000000000000000, 0.5150380749100603700 ) ) ;
#1211 = DIRECTION ( 'NONE',  ( -0.7231295001038958700, -1.498801083243960700E-015, -0.6907124771418927700 ) ) ;
#1212 = LINE ( 'NONE', #2298, #3556 ) ;
#1213 = FACE_OUTER_BOUND ( 'NONE', #3253, .T. ) ;
#1214 = ADVANCED_FACE ( 'NONE', ( #4849 ), #2506, .F. ) ;
#1215 = EDGE_CURVE ( 'NONE', #5394, #7885, #8088, .T. ) ;
#1216 = PRODUCT_DEFINITION_CONTEXT ( 'detailed design', #4473, 'design' ) ;
#1217 = LINE ( 'NONE', #5693, #3774 ) ;
#1218 = DIRECTION ( 'NONE',  ( 0.7071067811865463500, -0.0000000000000000000, 0.7071067811865487900 ) ) ;
#1219 = DIRECTION ( 'NONE',  ( -0.0000000000000000000, 0.0000000000000000000, 1.000000000000000000 ) ) ;
#1220 = ORIENTED_EDGE ( 'NONE', *, *, #1799, .T. ) ;
#1221 = VECTOR ( 'NONE', #6349, 1000.000000000000000 ) ;
#1222 = VECTOR ( 'NONE', #3671, 1000.000000000000000 ) ;
#1223 = DIRECTION ( 'NONE',  ( -0.01657578899896361400, 0.9997372496366935300, -0.01583271637848265900 ) ) ;
#1224 = CARTESIAN_POINT ( 'NONE',  ( 2.918057294831113400, 0.2500000000000000600, -4.079821273546540900 ) ) ;
#1225 = CARTESIAN_POINT ( 'NONE',  ( -5.750000000000000000, 0.0000000000000000000, -2.450000000000001100 ) ) ;
#1226 = CARTESIAN_POINT ( 'NONE',  ( 4.999999999999999100, 0.0000000000000000000, -6.000000000000000000 ) ) ;
#1227 = LINE ( 'NONE', #7495, #2397 ) ;
#1228 = EDGE_CURVE ( 'NONE', #8029, #1812, #3192, .T. ) ;
#1229 = ORIENTED_EDGE ( 'NONE', *, *, #4450, .F. ) ;
#1230 = LINE ( 'NONE', #357, #941 ) ;
#1231 = DIRECTION ( 'NONE',  ( 0.0000000000000000000, -1.000000000000000000, 0.0000000000000000000 ) ) ;
#1232 = CARTESIAN_POINT ( 'NONE',  ( -4.399502812818740300, 5.000000000000000000, -3.000000000000000000 ) ) ;
#1233 = AXIS2_PLACEMENT_3D ( 'NONE', #7215, #3480, #6473 ) ;
#1234 = CARTESIAN_POINT ( 'NONE',  ( 3.000000000000000000, 4.400000000000000400, -6.000000000000000000 ) ) ;
#1235 = ADVANCED_FACE ( 'NONE', ( #832 ), #4516, .T. ) ;
#1236 = VERTEX_POINT ( 'NONE', #5047 ) ;
#1237 = ORIENTED_EDGE ( 'NONE', *, *, #3623, .F. ) ;
#1238 = CARTESIAN_POINT ( 'NONE',  ( -3.305486196285770500, 0.4000000000000023000, 4.011556637993666500 ) ) ;
#1239 = DIRECTION ( 'NONE',  ( 1.000000000000000000, 0.0000000000000000000, 0.0000000000000000000 ) ) ;
#1240 = EDGE_CURVE ( 'NONE', #3721, #3229, #6790, .T. ) ;
#1241 = ORIENTED_EDGE ( 'NONE', *, *, #5848, .F. ) ;
#1242 = B_SPLINE_CURVE_WITH_KNOTS ( 'NONE', 3,
 ( #2649, #1977, #7034, #7640 ),
 .UNSPECIFIED., .F., .F.,
 ( 4, 4 ),
 ( 0.0000000000000000000, 1.000000000000000000 ),
 .UNSPECIFIED. ) ;
#1243 = ORIENTED_EDGE ( 'NONE', *, *, #1468, .F. ) ;
#1244 = ORIENTED_EDGE ( 'NONE', *, *, #3485, .F. ) ;
#1245 = ORIENTED_EDGE ( 'NONE', *, *, #3152, .T. ) ;
#1246 = VECTOR ( 'NONE', #6496, 1000.000000000000000 ) ;
#1247 = EDGE_CURVE ( 'NONE', #5543, #5793, #7491, .T. ) ;
#1248 = PLANE ( 'NONE',  #4830 ) ;
#1249 = ORIENTED_EDGE ( 'NONE', *, *, #7308, .T. ) ;
#1250 = EDGE_LOOP ( 'NONE', ( #7124, #5926, #6491, #952 ) ) ;
#1251 = ORIENTED_EDGE ( 'NONE', *, *, #7596, .F. ) ;
#1252 = DIRECTION ( 'NONE',  ( -0.6907124771418929900, 0.0000000000000000000, 0.7231295001038955400 ) ) ;
#1253 = EDGE_CURVE ( 'NONE', #6542, #6705, #6402, .T. ) ;
#1254 = ADVANCED_FACE ( 'NONE', ( #4758 ), #6046, .F. ) ;
#1255 = ORIENTED_EDGE ( 'NONE', *, *, #7475, .F. ) ;
#1256 = ORIENTED_EDGE ( 'NONE', *, *, #3301, .F. ) ;
#1257 = ORIENTED_EDGE ( 'NONE', *, *, #2310, .F. ) ;
#1258 = ORIENTED_EDGE ( 'NONE', *, *, #299, .F. ) ;
#1259 = DIRECTION ( 'NONE',  ( 0.6907124771418925400, 0.0000000000000000000, -0.7231295001038959800 ) ) ;
#1260 = CARTESIAN_POINT ( 'NONE',  ( 3.139880253173719100, 0.3999999999999999100, 3.856127629579428900 ) ) ;
#1261 = CARTESIAN_POINT ( 'NONE',  ( -3.304289159587812100, 0.2949861872786545000, 4.012700012980800100 ) ) ;
#1262 = EDGE_CURVE ( 'NONE', #5238, #3285, #3678, .T. ) ;
#1263 = CARTESIAN_POINT ( 'NONE',  ( -2.924227208185329600, 0.3869266385878502600, 4.090089733749843900 ) ) ;
#1264 = APPLICATION_CONTEXT ( 'automotive_design' ) ;
#1265 = ORIENTED_EDGE ( 'NONE', *, *, #3365, .T. ) ;
#1266 = AXIS2_PLACEMENT_3D ( 'NONE', #2447, #3177, #4455 ) ;
#1267 = DIRECTION ( 'NONE',  ( 0.0000000000000000000, 1.000000000000000000, 0.0000000000000000000 ) ) ;
#1268 = ADVANCED_FACE ( 'NONE', ( #3092 ), #4183, .F. ) ;
#1269 = EDGE_CURVE ( 'NONE', #6818, #685, #447, .T. ) ;
#1270 = CARTESIAN_POINT ( 'NONE',  ( -3.398528137423850300, 0.2500000000000000000, -2.450000000000001100 ) ) ;
#1271 = LINE ( 'NONE', #5924, #4811 ) ;
#1272 = DIRECTION ( 'NONE',  ( -1.000000000000000000, 0.0000000000000000000, 0.0000000000000000000 ) ) ;
#1273 = FACE_OUTER_BOUND ( 'NONE', #1199, .T. ) ;
#1274 = CARTESIAN_POINT ( 'NONE',  ( 4.399502812818740300, 4.400000000000000400, -3.000000000000000000 ) ) ;
#1275 = CARTESIAN_POINT ( 'NONE',  ( -3.748714540709025700, -4.815984494934300000, -3.580664191045919600 ) ) ;
#1276 = EDGE_CURVE ( 'NONE', #5159, #5728, #4955, .T. ) ;
#1277 = PLANE ( 'NONE',  #6922 ) ;
#1278 = ORIENTED_EDGE ( 'NONE', *, *, #6358, .F. ) ;
#1279 = VECTOR ( 'NONE', #1591, 1000.000000000000000 ) ;
#1280 = CARTESIAN_POINT ( 'NONE',  ( -3.773676549659941600, 0.2499999999999998900, 3.065508923877663600 ) ) ;
#1281 = CYLINDRICAL_SURFACE ( 'NONE', #2107, 0.4000000000000002400 ) ;
#1282 = DIRECTION ( 'NONE',  ( -0.6907124771418919900, 3.491481338843133400E-015, 0.7231295001038965400 ) ) ;
#1283 =( REPRESENTATION_RELATIONSHIP ('NONE','NONE', #5360, #8058 ) REPRESENTATION_RELATIONSHIP_WITH_TRANSFORMATION ( #3167 )SHAPE_REPRESENTATION_RELATIONSHIP( ) );
#1284 = EDGE_CURVE ( 'NONE', #1627, #3991, #3567, .T. ) ;
#1285 = SHAPE_DEFINITION_REPRESENTATION ( #7234, #5391 ) ;
#1286 = ADVANCED_FACE ( 'NONE', ( #6211, #1409 ), #6639, .F. ) ;
#1287 = ORIENTED_EDGE ( 'NONE', *, *, #2987, .T. ) ;
#1288 = FACE_OUTER_BOUND ( 'NONE', #6470, .T. ) ;
#1289 = CARTESIAN_POINT ( 'NONE',  ( 2.232323454269423000, 0.0000000000000000000, -4.491851733474584700 ) ) ;
#1290 = VECTOR ( 'NONE', #3144, 1000.000000000000000 ) ;
#1291 = EDGE_CURVE ( 'NONE', #3007, #7058, #2894, .T. ) ;
#1292 = DIRECTION ( 'NONE',  ( -0.0000000000000000000, -1.000000000000000000, -0.0000000000000000000 ) ) ;
#1293 = VERTEX_POINT ( 'NONE', #5941 ) ;
#1294 = ORIENTED_EDGE ( 'NONE', *, *, #5144, .T. ) ;
#1295 = AXIS2_PLACEMENT_3D ( 'NONE', #4146, #3501, #3546 ) ;
#1296 = CARTESIAN_POINT ( 'NONE',  ( 3.817157287505073900, 0.1328427124805988100, 2.450000000007637200 ) ) ;
#1297 = CIRCLE ( 'NONE', #6937, 0.4999999999999997800 ) ;
#1298 = VECTOR ( 'NONE', #3659, 1000.000000000000000 ) ;
#1299 = EDGE_CURVE ( 'NONE', #3783, #5259, #4389, .T. ) ;
#1300 = ORIENTED_EDGE ( 'NONE', *, *, #3034, .F. ) ;
#1301 = LINE ( 'NONE', #3375, #7771 ) ;
#1302 = DIRECTION ( 'NONE',  ( -1.000000000000000000, -1.668003342285397200E-016, 0.0000000000000000000 ) ) ;
#1303 = CARTESIAN_POINT ( 'NONE',  ( 0.0000000000000000000, 0.2500000000000000000, 1.000000000000000000 ) ) ;
#1304 = EDGE_LOOP ( 'NONE', ( #6613, #1073, #1698, #6347, #82, #6236, #7424, #2915, #2097, #8051, #1696, #1421, #963, #3036, #2937, #5095, #5741 ) ) ;
#1305 = PRESENTATION_LAYER_ASSIGNMENT (  '', '', ( #897 ) ) ;
#1306 = FACE_OUTER_BOUND ( 'NONE', #1823, .T. ) ;
#1307 = CARTESIAN_POINT ( 'NONE',  ( -3.022039096752198200, 0.0000000000000000000, 3.729145877938738500 ) ) ;
#1308 = LINE ( 'NONE', #5541, #5344 ) ;
#1309 = ADVANCED_FACE ( 'NONE', ( #3289 ), #7849, .T. ) ;
#1310 = CARTESIAN_POINT ( 'NONE',  ( 2.653085534590163200, 0.0000000000000000000, -3.638834209575227500 ) ) ;
#1311 = CARTESIAN_POINT ( 'NONE',  ( 3.745358649331326500, 0.2500000000000000000, -3.038251868144762100 ) ) ;
#1312 = APPLICATION_CONTEXT ( 'automotive_design' ) ;
#1313 = VECTOR ( 'NONE', #6544, 1000.000000000000000 ) ;
#1314 = ORIENTED_EDGE ( 'NONE', *, *, #6320, .T. ) ;
#1315 = CIRCLE ( 'NONE', #7608, 0.09999999999999982500 ) ;
#1316 = EDGE_CURVE ( 'NONE', #6827, #3109, #2291, .T. ) ;
#1317 = ORIENTED_EDGE ( 'NONE', *, *, #6506, .F. ) ;
#1318 = CARTESIAN_POINT ( 'NONE',  ( -4.200000000000002000, -0.2500000000000000000, 2.449999999999999300 ) ) ;
#1319 = VECTOR ( 'NONE', #3257, 1000.000000000000000 ) ;
#1320 = AXIS2_PLACEMENT_3D ( 'NONE', #4182, #5986, #2798 ) ;
#1321 = DIRECTION ( 'NONE',  ( -0.0000000000000000000, -1.000000000000000000, -0.0000000000000000000 ) ) ;
#1322 = ORIENTED_EDGE ( 'NONE', *, *, #4175, .F. ) ;
#1323 = FACE_OUTER_BOUND ( 'NONE', #3033, .T. ) ;
#1324 = DIRECTION ( 'NONE',  ( 0.8571673007021121100, -1.876871259657991300E-017, 0.5150380749100543800 ) ) ;
#1325 = ORIENTED_EDGE ( 'NONE', *, *, #8040, .T. ) ;
#1326 = DIRECTION ( 'NONE',  ( 0.0000000000000000000, -0.0000000000000000000, -1.000000000000000000 ) ) ;
#1327 = DIRECTION ( 'NONE',  ( 0.01657578899896361400, -0.9997372496366935300, 0.01583271637848265900 ) ) ;
#1328 = EDGE_CURVE ( 'NONE', #5139, #137, #7979, .T. ) ;
#1329 = DIRECTION ( 'NONE',  ( 0.7231295001038959800, 3.491481338843133400E-015, 0.6907124771418926600 ) ) ;
#1330 = ORIENTED_EDGE ( 'NONE', *, *, #4635, .F. ) ;
#1331 = ORIENTED_EDGE ( 'NONE', *, *, #7970, .T. ) ;
#1332 = CIRCLE ( 'NONE', #7375, 0.1000000000000002600 ) ;
#1333 = CARTESIAN_POINT ( 'NONE',  ( -3.949999999999999700, 0.0000000000000000000, 2.449999999999999300 ) ) ;
#1334 = DIRECTION ( 'NONE',  ( -1.000000000000000000, 9.035018104045872900E-016, 0.0000000000000000000 ) ) ;
#1335 = AXIS2_PLACEMENT_3D ( 'NONE', #2195, #7785, #4709 ) ;
#1336 = ORIENTED_EDGE ( 'NONE', *, *, #6064, .T. ) ;
#1337 = CARTESIAN_POINT ( 'NONE',  ( 3.459462740667452100, 0.2500000000000000000, 3.304379200189157700 ) ) ;
#1338 = DIRECTION ( 'NONE',  ( 0.0000000000000000000, 0.0000000000000000000, -1.000000000000000000 ) ) ;
#1339 = ORIENTED_EDGE ( 'NONE', *, *, #5452, .F. ) ;
#1340 = ORIENTED_EDGE ( 'NONE', *, *, #3692, .T. ) ;
#1341 = ORIENTED_EDGE ( 'NONE', *, *, #2150, .F. ) ;
#1342 = DIRECTION ( 'NONE',  ( 0.0000000000000000000, 0.0000000000000000000, 1.000000000000000000 ) ) ;
#1343 = DIRECTION ( 'NONE',  ( 0.0000000000000000000, 0.0000000000000000000, 1.000000000000000200 ) ) ;
#1344 = EDGE_CURVE ( 'NONE', #1613, #3397, #1790, .T. ) ;
#1345 = STYLED_ITEM ( 'NONE', ( #1405 ), #1928 ) ;
#1346 = ORIENTED_EDGE ( 'NONE', *, *, #6652, .T. ) ;
#1347 = AXIS2_PLACEMENT_3D ( 'NONE', #7867, #4736, #5365 ) ;
#1348 = ORIENTED_EDGE ( 'NONE', *, *, #2557, .T. ) ;
#1349 = ORIENTED_EDGE ( 'NONE', *, *, #7218, .F. ) ;
#1350 = ORIENTED_EDGE ( 'NONE', *, *, #5567, .F. ) ;
#1351 = ADVANCED_FACE ( 'NONE', ( #159 ), #482, .F. ) ;
#1352 = CARTESIAN_POINT ( 'NONE',  ( 0.0000000000000000000, 0.0000000000000000000, -4.924999999999998900 ) ) ;
#1353 = ORIENTED_EDGE ( 'NONE', *, *, #6082, .T. ) ;
#1354 = ORIENTED_EDGE ( 'NONE', *, *, #249, .T. ) ;
#1355 = ORIENTED_EDGE ( 'NONE', *, *, #291, .F. ) ;
#1356 = DIRECTION ( 'NONE',  ( 0.0000000000000000000, 0.0000000000000000000, -1.000000000000000000 ) ) ;
#1357 = CARTESIAN_POINT ( 'NONE',  ( -2.923930037893679200, 3.129497198328488500, -4.082212978245704200 ) ) ;
#1358 = CARTESIAN_POINT ( 'NONE',  ( 1.750000000000000000, 0.0000000000000000000, -4.049719055553643100 ) ) ;
#1359 = DIRECTION ( 'NONE',  ( -1.204669080539449300E-016, -0.0000000000000000000, -1.000000000000000000 ) ) ;
#1360 = FILL_AREA_STYLE_COLOUR ( '', #6184 ) ;
#1361 = DIRECTION ( 'NONE',  ( -0.0000000000000000000, -1.000000000000000000, 0.0000000000000000000 ) ) ;
#1362 = DIRECTION ( 'NONE',  ( 0.0000000000000000000, 1.000000000000000000, 0.0000000000000000000 ) ) ;
#1363 = EDGE_CURVE ( 'NONE', #1531, #2887, #5245, .T. ) ;
#1364 = CARTESIAN_POINT ( 'NONE',  ( -3.961020385856837600, 3.591048996928918300, -3.358394252755281300 ) ) ;
#1365 = CARTESIAN_POINT ( 'NONE',  ( 2.738802264660508400, 0.0000000000000000000, 3.587330402084381900 ) ) ;
#1366 =( NAMED_UNIT ( * ) SI_UNIT ( $, .STERADIAN. ) SOLID_ANGLE_UNIT ( ) );
#1367 = VECTOR ( 'NONE', #4192, 1000.000000000000000 ) ;
#1368 = VECTOR ( 'NONE', #477, 1000.000000000000000 ) ;
#1369 = AXIS2_PLACEMENT_3D ( 'NONE', #3603, #6084, #3693 ) ;
#1370 = CARTESIAN_POINT ( 'NONE',  ( 2.232323454269423000, 0.0000000000000000000, -4.491851733474584700 ) ) ;
#1371 = DIRECTION ( 'NONE',  ( -0.0000000000000000000, -1.000000000000000000, -0.0000000000000000000 ) ) ;
#1372 = DIRECTION ( 'NONE',  ( -0.0000000000000000000, 1.000000000000000000, -0.0000000000000000000 ) ) ;
#1373 = EDGE_CURVE ( 'NONE', #3384, #5960, #6012, .T. ) ;
#1374 = VECTOR ( 'NONE', #6327, 1000.000000000000000 ) ;
#1375 = CIRCLE ( 'NONE', #1378, 0.09999999999999982500 ) ;
#1376 = EDGE_LOOP ( 'NONE', ( #2413, #2014, #5194, #4982 ) ) ;
#1377 = CARTESIAN_POINT ( 'NONE',  ( 2.918057294831113000, 0.0000000000000000000, -4.079821273546540900 ) ) ;
#1378 = AXIS2_PLACEMENT_3D ( 'NONE', #5092, #6893, #3163 ) ;
#1379 = VECTOR ( 'NONE', #1691, 1000.000000000000000 ) ;
#1380 = CARTESIAN_POINT ( 'NONE',  ( 3.398528137423843600, 0.2500000000000000000, 2.549999999999999400 ) ) ;
#1381 = ORIENTED_EDGE ( 'NONE', *, *, #3845, .F. ) ;
#1382 = CIRCLE ( 'NONE', #1412, 2.450000000000000200 ) ;
#1383 = DIRECTION ( 'NONE',  ( 0.0000000000000000000, 1.000000000000000000, 0.0000000000000000000 ) ) ;
#1384 = FACE_OUTER_BOUND ( 'NONE', #377, .T. ) ;
#1385 = CARTESIAN_POINT ( 'NONE',  ( -3.022039096752198600, 0.08333333333333332900, 3.729145877938739400 ) ) ;
#1386 =( NAMED_UNIT ( * ) SI_UNIT ( $, .STERADIAN. ) SOLID_ANGLE_UNIT ( ) );
#1387 = EDGE_CURVE ( 'NONE', #2321, #4299, #1681, .T. ) ;
#1388 = AXIS2_PLACEMENT_3D ( 'NONE', #6380, #2031, #6404 ) ;
#1389 = ORIENTED_EDGE ( 'NONE', *, *, #6987, .T. ) ;
#1390 = ADVANCED_FACE ( 'NONE', ( #6686 ), #645, .F. ) ;
#1391 = FACE_OUTER_BOUND ( 'NONE', #1820, .T. ) ;
#1392 = DIRECTION ( 'NONE',  ( -0.01657578899896361400, 0.9997372496366935300, -0.01583271637848265900 ) ) ;
#1393 = VECTOR ( 'NONE', #5531, 1000.000000000000000 ) ;
#1394 = LINE ( 'NONE', #400, #727 ) ;
#1395 = EDGE_CURVE ( 'NONE', #835, #7798, #3779, .T. ) ;
#1396 = LINE ( 'NONE', #4286, #1298 ) ;
#1397 = DIRECTION ( 'NONE',  ( -0.0000000000000000000, 1.000000000000000000, -0.0000000000000000000 ) ) ;
#1398 = VECTOR ( 'NONE', #5269, 1000.000000000000100 ) ;
#1399 = DIRECTION ( 'NONE',  ( 3.633292013170003700E-011, -0.0000000000000000000, 1.000000000000000000 ) ) ;
#1400 = VERTEX_POINT ( 'NONE', #4237 ) ;
#1401 = LINE ( 'NONE', #4024, #5732 ) ;
#1402 = LINE ( 'NONE', #3128, #2482 ) ;
#1403 = DIRECTION ( 'NONE',  ( 0.0000000000000000000, 0.0000000000000000000, -1.000000000000000000 ) ) ;
#1404 = ORIENTED_EDGE ( 'NONE', *, *, #6714, .F. ) ;
#1405 = PRESENTATION_STYLE_ASSIGNMENT (( #5097 ) ) ;
#1406 = EDGE_LOOP ( 'NONE', ( #4423, #5892, #7199, #481 ) ) ;
#1407 = LINE ( 'NONE', #1166, #4483 ) ;
#1408 = CARTESIAN_POINT ( 'NONE',  ( 5.500000000000000000, 1.355252715606880500E-015, -0.5000000000000000000 ) ) ;
#1409 = FACE_OUTER_BOUND ( 'NONE', #4458, .T. ) ;
#1410 = CARTESIAN_POINT ( 'NONE',  ( -2.379457550551450600, 0.3999999999999999700, -4.435071983487119100 ) ) ;
#1411 = CARTESIAN_POINT ( 'NONE',  ( -3.022039096752198600, 0.1666666666666666900, 3.729145877938739400 ) ) ;
#1412 = AXIS2_PLACEMENT_3D ( 'NONE', #7099, #2117, #2843 ) ;
#1413 = PLANE ( 'NONE',  #2023 ) ;
#1414 = DIRECTION ( 'NONE',  ( -1.668003342285397200E-016, 1.000000000000000000, 0.0000000000000000000 ) ) ;
#1415 = CYLINDRICAL_SURFACE ( 'NONE', #5753, 0.1500000000000001600 ) ;
#1416 = ORIENTED_EDGE ( 'NONE', *, *, #4667, .F. ) ;
#1417 = PLANE ( 'NONE',  #3761 ) ;
#1418 = AXIS2_PLACEMENT_3D ( 'NONE', #4801, #6663, #5382 ) ;
#1419 = DIRECTION ( 'NONE',  ( -0.01657578899896361400, 0.9997372496366935300, -0.01583271637848265900 ) ) ;
#1420 = EDGE_CURVE ( 'NONE', #5650, #1832, #5642, .T. ) ;
#1421 = ORIENTED_EDGE ( 'NONE', *, *, #7488, .T. ) ;
#1422 = ORIENTED_EDGE ( 'NONE', *, *, #369, .F. ) ;
#1423 = VECTOR ( 'NONE', #160, 1000.000000000000000 ) ;
#1424 = ORIENTED_EDGE ( 'NONE', *, *, #6260, .F. ) ;
#1425 = EDGE_LOOP ( 'NONE', ( #1011, #2114, #5196, #4983 ) ) ;
#1426 = CARTESIAN_POINT ( 'NONE',  ( -3.344039198394404900, 2.725251141633911800, 3.974731920451522800 ) ) ;
#1427 = ADVANCED_FACE ( 'NONE', ( #5444 ), #1157, .T. ) ;
#1428 = AXIS2_PLACEMENT_3D ( 'NONE', #2362, #1125, #4961 ) ;
#1429 = ORIENTED_EDGE ( 'NONE', *, *, #3860, .T. ) ;
#1430 = ORIENTED_EDGE ( 'NONE', *, *, #7314, .F. ) ;
#1431 = LINE ( 'NONE', #7711, #6237 ) ;
#1432 = ADVANCED_BREP_SHAPE_REPRESENTATION ( '', ( #345, #3038 ), #3303 ) ;
#1433 = PLANE ( 'NONE',  #1086 ) ;
#1434 = DIRECTION ( 'NONE',  ( 0.8571673007021084500, -8.454845150946368200E-017, -0.5150380749100610400 ) ) ;
#1435 = EDGE_CURVE ( 'NONE', #6711, #720, #1308, .T. ) ;
#1436 = PLANE ( 'NONE',  #555 ) ;
#1437 = PLANE ( 'NONE',  #7981 ) ;
#1438 = VERTEX_POINT ( 'NONE', #3704 ) ;
#1439 = ORIENTED_EDGE ( 'NONE', *, *, #1618, .F. ) ;
#1440 = CARTESIAN_POINT ( 'NONE',  ( -3.974731920451519200, 2.725251141633875400, -3.344039198394405800 ) ) ;
#1441 = ORIENTED_EDGE ( 'NONE', *, *, #106, .T. ) ;
#1442 = CARTESIAN_POINT ( 'NONE',  ( -3.304379200189151900, 0.2500000000000000000, 3.459462740667452100 ) ) ;
#1443 = CARTESIAN_POINT ( 'NONE',  ( 0.0000000000000000000, 0.0000000000000000000, 0.0000000000000000000 ) ) ;
#1444 = DIRECTION ( 'NONE',  ( 0.0000000000000000000, -0.0000000000000000000, -1.000000000000000000 ) ) ;
#1445 = VERTEX_POINT ( 'NONE', #4348 ) ;
#1446 = EDGE_CURVE ( 'NONE', #4706, #8120, #2991, .T. ) ;
#1447 = ORIENTED_EDGE ( 'NONE', *, *, #3403, .F. ) ;
#1448 = ORIENTED_EDGE ( 'NONE', *, *, #397, .F. ) ;
#1449 = AXIS2_PLACEMENT_3D ( 'NONE', #6858, #8085, #7504 ) ;
#1450 = DIRECTION ( 'NONE',  ( 0.0000000000000000000, -1.000000000000000000, 0.0000000000000000000 ) ) ;
#1451 = PRESENTATION_LAYER_ASSIGNMENT (  '', '', ( #7166 ) ) ;
#1452 = ORIENTED_EDGE ( 'NONE', *, *, #2977, .T. ) ;
#1453 = CARTESIAN_POINT ( 'NONE',  ( 2.847265478254212400, 0.2500000000000002200, -3.962003905699284200 ) ) ;
#1454 = EDGE_CURVE ( 'NONE', #7119, #2052, #4484, .T. ) ;
#1455 = AXIS2_PLACEMENT_3D ( 'NONE', #6761, #634, #1890 ) ;
#1456 = CARTESIAN_POINT ( 'NONE',  ( -4.091316040819109800, 4.170189603414794300, 3.260954597208887600 ) ) ;
#1457 = DIRECTION ( 'NONE',  ( -0.01583271637848321400, -0.9997372496366935300, 0.01657578899896422500 ) ) ;
#1458 = ORIENTED_EDGE ( 'NONE', *, *, #2815, .F. ) ;
#1459 = ORIENTED_EDGE ( 'NONE', *, *, #1571, .F. ) ;
#1460 = CARTESIAN_POINT ( 'NONE',  ( -3.022039096752198600, 0.2500000000000000000, 3.729145877938738500 ) ) ;
#1461 = CARTESIAN_POINT ( 'NONE',  ( 3.856127629579426700, 0.4000000000000001900, -3.139880253173717800 ) ) ;
#1462 = DIRECTION ( 'NONE',  ( -0.01583271637848321400, -0.9997372496366935300, 0.01657578899896422500 ) ) ;
#1463 = CARTESIAN_POINT ( 'NONE',  ( -3.089707018643280500, 3.568126700166510500, -3.908655631034835900 ) ) ;
#1464 = ADVANCED_FACE ( 'NONE', ( #339 ), #5636, .T. ) ;
#1465 = CYLINDRICAL_SURFACE ( 'NONE', #6842, 0.1000000000000002600 ) ;
#1466 = CARTESIAN_POINT ( 'NONE',  ( -4.262132034355966300, -0.2500000000000000000, 2.449999999999999300 ) ) ;
#1467 = VECTOR ( 'NONE', #3829, 1000.000000000000000 ) ;
#1468 = EDGE_CURVE ( 'NONE', #1533, #5687, #3086, .T. ) ;
#1469 = CARTESIAN_POINT ( 'NONE',  ( 3.534314575036435100, 0.2499999999999999400, 2.450000000006540700 ) ) ;
#1470 = ORIENTED_EDGE ( 'NONE', *, *, #3202, .F. ) ;
#1471 = LINE ( 'NONE', #2788, #1279 ) ;
#1472 = AXIS2_PLACEMENT_3D ( 'NONE', #1608, #7200, #7827 ) ;
#1473 = DIRECTION ( 'NONE',  ( 1.000000000000000000, 0.0000000000000000000, -0.0000000000000000000 ) ) ;
#1474 = CARTESIAN_POINT ( 'NONE',  ( 4.254891097531113600, 3.129497198328496900, -3.104712412919713700 ) ) ;
#1475 = LINE ( 'NONE', #4439, #3065 ) ;
#1476 = SHAPE_DEFINITION_REPRESENTATION ( #5293, #8058 ) ;
#1477 = ORIENTED_EDGE ( 'NONE', *, *, #6283, .F. ) ;
#1478 = DIRECTION ( 'NONE',  ( -0.7229394975650260700, 0.02292229676231366500, -0.6905309921875832900 ) ) ;
#1479 = EDGE_CURVE ( 'NONE', #7935, #4676, #5734, .T. ) ;
#1480 = VECTOR ( 'NONE', #5933, 1000.000000000000100 ) ;
#1481 = CIRCLE ( 'NONE', #6749, 2.450000000000000200 ) ;
#1482 = FACE_OUTER_BOUND ( 'NONE', #7302, .T. ) ;
#1483 = DIRECTION ( 'NONE',  ( 0.0000000000000000000, 0.0000000000000000000, 1.000000000000000000 ) ) ;
#1484 = AXIS2_PLACEMENT_3D ( 'NONE', #1188, #1218, #4367 ) ;
#1485 = ORIENTED_EDGE ( 'NONE', *, *, #6009, .F. ) ;
#1486 = PLANE ( 'NONE',  #966 ) ;
#1487 = CARTESIAN_POINT ( 'NONE',  ( 2.923930037893719600, 3.129497198328494300, 4.082212978245660700 ) ) ;
#1488 = ORIENTED_EDGE ( 'NONE', *, *, #8095, .T. ) ;
#1489 = CARTESIAN_POINT ( 'NONE',  ( -3.842574226663948900, 0.3217020011855079600, 3.130470514038335800 ) ) ;
#1490 = VECTOR ( 'NONE', #3108, 1000.000000000000200 ) ;
#1491 = EDGE_CURVE ( 'NONE', #2226, #6482, #7380, .T. ) ;
#1492 = FACE_OUTER_BOUND ( 'NONE', #6346, .T. ) ;
#1493 = AXIS2_PLACEMENT_3D ( 'NONE', #894, #5790, #5278 ) ;
#1494 = ORIENTED_EDGE ( 'NONE', *, *, #1189, .T. ) ;
#1495 = CIRCLE ( 'NONE', #4870, 0.09999999999999982500 ) ;
#1496 = EDGE_CURVE ( 'NONE', #2468, #3285, #1402, .T. ) ;
#1497 = ORIENTED_EDGE ( 'NONE', *, *, #1643, .F. ) ;
#1498 = VECTOR ( 'NONE', #131, 1000.000000000000000 ) ;
#1499 = CARTESIAN_POINT ( 'NONE',  ( 0.0000000000000000000, 5.000000000000000000, -5.325000000000001100 ) ) ;
#1500 = VECTOR ( 'NONE', #5348, 1000.000000000000000 ) ;
#1501 = CARTESIAN_POINT ( 'NONE',  ( -2.161531637692524200, 0.3999999999999994700, 4.374034365627326600 ) ) ;
#1502 = CARTESIAN_POINT ( 'NONE',  ( -4.156066017177984400, -0.2060660171779828100, 2.449999999999999300 ) ) ;
#1503 = DIRECTION ( 'NONE',  ( -0.0000000000000000000, 1.000000000000000000, -0.0000000000000000000 ) ) ;
#1504 = CARTESIAN_POINT ( 'NONE',  ( -3.949999999999999700, 0.2500000000000000000, -2.450000000000001100 ) ) ;
#1505 = CARTESIAN_POINT ( 'NONE',  ( -3.908655631034835900, 3.568126700166564200, 3.089707018643282700 ) ) ;
#1506 = CIRCLE ( 'NONE', #6151, 0.4999999999999996700 ) ;
#1507 = ORIENTED_EDGE ( 'NONE', *, *, #3069, .F. ) ;
#1508 = VECTOR ( 'NONE', #6034, 1000.000000000000000 ) ;
#1509 = CARTESIAN_POINT ( 'NONE',  ( 1.750000000000001100, 0.0000000000000000000, 5.099999999999997900 ) ) ;
#1510 = LINE ( 'NONE', #4408, #748 ) ;
#1511 = VERTEX_POINT ( 'NONE', #4443 ) ;
#1512 = VECTOR ( 'NONE', #5568, 1000.000000000000000 ) ;
#1513 = DIRECTION ( 'NONE',  ( 0.0000000000000000000, -1.000000000000000000, 0.0000000000000000000 ) ) ;
#1514 = ADVANCED_FACE ( 'NONE', ( #1589 ), #8079, .F. ) ;
#1515 = CARTESIAN_POINT ( 'NONE',  ( -6.010407640085648300, 0.2500000000000000000, -6.717514421272221100 ) ) ;
#1516 = EDGE_CURVE ( 'NONE', #4771, #622, #5537, .T. ) ;
#1517 = AXIS2_PLACEMENT_3D ( 'NONE', #3544, #2900, #7899 ) ;
#1518 = CARTESIAN_POINT ( 'NONE',  ( -3.141023623307766400, 0.3606199873797604800, -3.854930597962321000 ) ) ;
#1519 = ORIENTED_EDGE ( 'NONE', *, *, #6313, .T. ) ;
#1520 = EDGE_LOOP ( 'NONE', ( #3311, #3321, #660, #6414, #3661, #5361, #4625, #7709, #5301 ) ) ;
#1521 = CARTESIAN_POINT ( 'NONE',  ( -3.260954597208884900, 4.170189603414796100, -4.091316040819111600 ) ) ;
#1522 = AXIS2_PLACEMENT_3D ( 'NONE', #8099, #1716, #6791 ) ;
#1523 = ORIENTED_EDGE ( 'NONE', *, *, #2161, .T. ) ;
#1524 = ORIENTED_EDGE ( 'NONE', *, *, #1363, .F. ) ;
#1525 = FACE_OUTER_BOUND ( 'NONE', #6143, .T. ) ;
#1526 = CARTESIAN_POINT ( 'NONE',  ( -5.750000000000000000, 0.0000000000000000000, -2.450000000000001100 ) ) ;
#1527 = CARTESIAN_POINT ( 'NONE',  ( 3.780238010830863500, 3.591048996928875700, 3.185716133469809200 ) ) ;
#1528 = EDGE_CURVE ( 'NONE', #3124, #1808, #2078, .T. ) ;
#1529 = PLANE ( 'NONE',  #6067 ) ;
#1530 = CARTESIAN_POINT ( 'NONE',  ( 5.500000000000000000, 1.355252715606880500E-015, 2.449999999999999300 ) ) ;
#1531 = VERTEX_POINT ( 'NONE', #3757 ) ;
#1532 = VERTEX_POINT ( 'NONE', #6 ) ;
#1533 = VERTEX_POINT ( 'NONE', #6921 ) ;
#1534 = DIRECTION ( 'NONE',  ( 0.5150380749100604800, 0.0000000000000000000, 0.8571673007021084500 ) ) ;
#1535 = VERTEX_POINT ( 'NONE', #4413 ) ;
#1536 = ORIENTED_EDGE ( 'NONE', *, *, #1479, .T. ) ;
#1537 = DIRECTION ( 'NONE',  ( 0.0000000000000000000, 1.000000000000000000, 0.0000000000000000000 ) ) ;
#1538 = EDGE_LOOP ( 'NONE', ( #4229, #4026, #2734, #1190 ) ) ;
#1539 = ORIENTED_EDGE ( 'NONE', *, *, #43, .F. ) ;
#1540 = PLANE ( 'NONE',  #5863 ) ;
#1541 = EDGE_CURVE ( 'NONE', #1613, #1873, #736, .T. ) ;
#1542 = DIRECTION ( 'NONE',  ( -0.01583271637848321400, -0.9997372496366935300, 0.01657578899896422500 ) ) ;
#1543 = DIRECTION ( 'NONE',  ( 0.0000000000000000000, 0.0000000000000000000, -1.000000000000000000 ) ) ;
#1544 = CARTESIAN_POINT ( 'NONE',  ( -4.399502812818740300, 4.400000000000000400, 3.000000000000000000 ) ) ;
#1545 = ORIENTED_EDGE ( 'NONE', *, *, #5961, .T. ) ;
#1546 = ORIENTED_EDGE ( 'NONE', *, *, #5484, .T. ) ;
#1547 = EDGE_CURVE ( 'NONE', #5183, #5846, #1779, .T. ) ;
#1548 = ORIENTED_EDGE ( 'NONE', *, *, #6897, .F. ) ;
#1549 = EDGE_LOOP ( 'NONE', ( #4790, #3561, #1175, #7756 ) ) ;
#1550 = DIRECTION ( 'NONE',  ( 0.0000000000000000000, -0.0000000000000000000, -1.000000000000000000 ) ) ;
#1551 = DIRECTION ( 'NONE',  ( 0.0000000000000000000, -1.000000000000000000, 0.0000000000000000000 ) ) ;
#1552 = DIRECTION ( 'NONE',  ( -0.5130781995407813800, 0.08715574274766141300, -0.8539055203370532500 ) ) ;
#1553 = DIRECTION ( 'NONE',  ( 0.0000000000000000000, 0.0000000000000000000, -1.000000000000000000 ) ) ;
#1554 = CARTESIAN_POINT ( 'NONE',  ( -6.000000000000000000, -0.5000000000000002200, 0.5000000000000000000 ) ) ;
#1555 = AXIS2_PLACEMENT_3D ( 'NONE', #5458, #7964, #4935 ) ;
#1556 = DIRECTION ( 'NONE',  ( 0.0000000000000000000, -1.000000000000000000, 0.0000000000000000000 ) ) ;
#1557 = DIRECTION ( 'NONE',  ( 0.0000000000000000000, 0.0000000000000000000, 1.000000000000000000 ) ) ;
#1558 = LINE ( 'NONE', #3312, #111 ) ;
#1559 = VECTOR ( 'NONE', #7069, 1000.000000000000200 ) ;
#1560 = ORIENTED_EDGE ( 'NONE', *, *, #7740, .F. ) ;
#1561 = LINE ( 'NONE', #1852, #1374 ) ;
#1562 = DIRECTION ( 'NONE',  ( 0.0000000000000000000, 0.0000000000000000000, -1.000000000000000000 ) ) ;
#1563 = FACE_OUTER_BOUND ( 'NONE', #6635, .T. ) ;
#1564 = DIRECTION ( 'NONE',  ( 0.0000000000000000000, -0.0000000000000000000, -1.000000000000000000 ) ) ;
#1565 = DIRECTION ( 'NONE',  ( 0.0000000000000000000, 0.0000000000000000000, -1.000000000000000000 ) ) ;
#1566 = ORIENTED_EDGE ( 'NONE', *, *, #2383, .T. ) ;
#1567 = DIRECTION ( 'NONE',  ( 0.7071067812014962800, 0.7071067811715988600, 1.593520205958696800E-011 ) ) ;
#1568 = VECTOR ( 'NONE', #1071, 1000.000000000000200 ) ;
#1569 = ORIENTED_EDGE ( 'NONE', *, *, #1740, .F. ) ;
#1570 = DIRECTION ( 'NONE',  ( 6.938893903907223600E-015, -1.000000000000000000, 0.0000000000000000000 ) ) ;
#1571 = EDGE_CURVE ( 'NONE', #2519, #7497, #3966, .T. ) ;
#1572 = VECTOR ( 'NONE', #5369, 1000.000000000000000 ) ;
#1573 = FACE_OUTER_BOUND ( 'NONE', #5474, .T. ) ;
#1574 = DIRECTION ( 'NONE',  ( -0.0000000000000000000, -0.0000000000000000000, -1.000000000000000000 ) ) ;
#1575 = DIRECTION ( 'NONE',  ( 0.8571673007021135500, 0.0000000000000000000, 0.5150380749100521600 ) ) ;
#1576 = AXIS2_PLACEMENT_3D ( 'NONE', #3610, #502, #3066 ) ;
#1577 = CARTESIAN_POINT ( 'NONE',  ( -2.381731783404436700, 0.6973362886642218200, -4.740508950146189400 ) ) ;
#1578 = CARTESIAN_POINT ( 'NONE',  ( 5.999999999999999100, 5.000000000000000000, 5.000000000000000000 ) ) ;
#1579 = LINE ( 'NONE', #1526, #4741 ) ;
#1580 = VECTOR ( 'NONE', #6545, 1000.000000000000000 ) ;
#1581 = LINE ( 'NONE', #5152, #7474 ) ;
#1582 = CARTESIAN_POINT ( 'NONE',  ( 2.847265478254212800, 0.4000000000000004100, -3.962003905699285100 ) ) ;
#1583 = EDGE_CURVE ( 'NONE', #2444, #4602, #2385, .T. ) ;
#1584 = FACE_OUTER_BOUND ( 'NONE', #5475, .T. ) ;
#1585 = ORIENTED_EDGE ( 'NONE', *, *, #4442, .T. ) ;
#1586 = DIRECTION ( 'NONE',  ( 0.0000000000000000000, -1.000000000000000000, 0.0000000000000000000 ) ) ;
#1587 = LINE ( 'NONE', #6125, #4575 ) ;
#1588 = AXIS2_PLACEMENT_3D ( 'NONE', #7866, #1537, #2225 ) ;
#1589 = FACE_OUTER_BOUND ( 'NONE', #6839, .T. ) ;
#1590 = CARTESIAN_POINT ( 'NONE',  ( 0.9499999999999986200, 0.2500000000000000000, -5.100000000000001400 ) ) ;
#1591 = DIRECTION ( 'NONE',  ( -1.000000000000000000, -8.031127203596331800E-017, 0.0000000000000000000 ) ) ;
#1592 = ORIENTED_EDGE ( 'NONE', *, *, #7649, .T. ) ;
#1593 = CIRCLE ( 'NONE', #2930, 0.5000000000000015500 ) ;
#1594 = EDGE_CURVE ( 'NONE', #6717, #7045, #3669, .T. ) ;
#1595 = CARTESIAN_POINT ( 'NONE',  ( 2.000000000000000000, 0.0000000000000000000, -1.850000000000000100 ) ) ;
#1596 = ORIENTED_EDGE ( 'NONE', *, *, #2823, .F. ) ;
#1597 = VECTOR ( 'NONE', #6220, 1000.000000000000000 ) ;
#1599 = FACE_OUTER_BOUND ( 'NONE', #5547, .T. ) ;
#1598 = CARTESIAN_POINT ( 'NONE',  ( 0.0000000000000000000, 5.000000000000000000, 0.0000000000000000000 ) ) ;
#1600 = CARTESIAN_POINT ( 'NONE',  ( -6.000000000000000000, 5.000000000000000000, 6.000000000000000000 ) ) ;
#1601 = EDGE_CURVE ( 'NONE', #4803, #6982, #2786, .T. ) ;
#1602 = CIRCLE ( 'NONE', #142, 1.000000000000001800 ) ;
#1603 = DIRECTION ( 'NONE',  ( 0.0000000000000000000, 0.0000000000000000000, -1.000000000000000000 ) ) ;
#1604 = VERTEX_POINT ( 'NONE', #114 ) ;
#1605 = PLANE ( 'NONE',  #6521 ) ;
#1606 = VECTOR ( 'NONE', #5922, 1000.000000000000100 ) ;
#1607 = ORIENTED_EDGE ( 'NONE', *, *, #7152, .T. ) ;
#1608 = CARTESIAN_POINT ( 'NONE',  ( 4.242640687119284800, 5.000000000000000000, -4.242640687119284800 ) ) ;
#1609 = VERTEX_POINT ( 'NONE', #1979 ) ;
#1610 = ADVANCED_FACE ( 'NONE', ( #4074 ), #3472, .F. ) ;
#1611 = ORIENTED_EDGE ( 'NONE', *, *, #4515, .F. ) ;
#1612 = DIRECTION ( 'NONE',  ( 0.0000000000000000000, 0.0000000000000000000, 1.000000000000000000 ) ) ;
#1613 = VERTEX_POINT ( 'NONE', #5111 ) ;
#1614 = EDGE_LOOP ( 'NONE', ( #1732, #2702, #4374, #5999 ) ) ;
#1615 = ORIENTED_EDGE ( 'NONE', *, *, #4876, .T. ) ;
#1616 = CARTESIAN_POINT ( 'NONE',  ( 4.236474484209154000, -13.80215859328339600, 3.070012341272741800 ) ) ;
#1617 = DIRECTION ( 'NONE',  ( 0.4994745683111419000, 0.6907124771418917700, -0.5229162739205103200 ) ) ;
#1618 = EDGE_CURVE ( 'NONE', #6217, #2261, #7869, .T. ) ;
#1619 = VERTEX_POINT ( 'NONE', #4495 ) ;
#1620 = VERTEX_POINT ( 'NONE', #743 ) ;
#1621 = DIRECTION ( 'NONE',  ( -0.7071067811715978600, -0.7071067812014972800, 0.0000000000000000000 ) ) ;
#1622 = EDGE_LOOP ( 'NONE', ( #730, #3184, #3469, #3417 ) ) ;
#1623 = PLANE ( 'NONE',  #2810 ) ;
#1624 = AXIS2_PLACEMENT_3D ( 'NONE', #7315, #2983, #495 ) ;
#1625 = DIRECTION ( 'NONE',  ( 0.0000000000000000000, 0.0000000000000000000, -1.000000000000000000 ) ) ;
#1626 = ORIENTED_EDGE ( 'NONE', *, *, #2070, .T. ) ;
#1627 = VERTEX_POINT ( 'NONE', #3924 ) ;
#1628 = ORIENTED_EDGE ( 'NONE', *, *, #6916, .F. ) ;
#1629 = EDGE_CURVE ( 'NONE', #3991, #4067, #3770, .T. ) ;
#1630 = CARTESIAN_POINT ( 'NONE',  ( -3.949999999999999700, 0.2500000000000000000, -2.450000000000001100 ) ) ;
#1631 = ADVANCED_FACE ( 'NONE', ( #4947 ), #3341, .T. ) ;
#1632 = ORIENTED_EDGE ( 'NONE', *, *, #7682, .F. ) ;
#1633 = VERTEX_POINT ( 'NONE', #7641 ) ;
#1634 = ORIENTED_EDGE ( 'NONE', *, *, #5936, .F. ) ;
#1635 = DIRECTION ( 'NONE',  ( 0.0000000000000000000, 0.0000000000000000000, 1.000000000000000000 ) ) ;
#1636 = AXIS2_PLACEMENT_3D ( 'NONE', #7613, #86, #1356 ) ;
#1637 = EDGE_CURVE ( 'NONE', #1940, #1724, #1984, .T. ) ;
#1638 = DIRECTION ( 'NONE',  ( -0.0000000000000000000, -1.000000000000000000, 0.0000000000000000000 ) ) ;
#1639 = EDGE_LOOP ( 'NONE', ( #846, #2176, #7202, #6495 ) ) ;
#1640 = ORIENTED_EDGE ( 'NONE', *, *, #6701, .F. ) ;
#1641 = CARTESIAN_POINT ( 'NONE',  ( -2.238493367623672500, 0.3869266385878509800, -4.502120193677874300 ) ) ;
#1642 = DIRECTION ( 'NONE',  ( 0.01657578899896361400, -0.9997372496366935300, 0.01583271637848265900 ) ) ;
#1643 = EDGE_CURVE ( 'NONE', #2532, #5464, #930, .T. ) ;
#1644 = ORIENTED_EDGE ( 'NONE', *, *, #3196, .F. ) ;
#1645 = CARTESIAN_POINT ( 'NONE',  ( 0.0000000000000000000, 2.599999999999997400, -4.925000000000000700 ) ) ;
#1646 = ADVANCED_FACE ( 'NONE', ( #4173 ), #1436, .T. ) ;
#1647 = PLANE ( 'NONE',  #2247 ) ;
#1648 = EDGE_CURVE ( 'NONE', #6257, #479, #638, .T. ) ;
#1649 = FACE_OUTER_BOUND ( 'NONE', #8084, .T. ) ;
#1650 = DIRECTION ( 'NONE',  ( 0.0000000000000000000, 0.0000000000000000000, -1.000000000000000000 ) ) ;
#1651 = CARTESIAN_POINT ( 'NONE',  ( -6.000000000000000000, -2.168404344971008900E-016, -0.5000000000000000000 ) ) ;
#1652 = VECTOR ( 'NONE', #1324, 1000.000000000000100 ) ;
#1653 = ORIENTED_EDGE ( 'NONE', *, *, #6397, .T. ) ;
#1654 = B_SPLINE_CURVE_WITH_KNOTS ( 'NONE', 1,
 ( #5112, #3217 ),
 .UNSPECIFIED., .F., .F.,
 ( 2, 2 ),
 ( 0.0000000000000000000, 1.000000000000000000 ),
 .UNSPECIFIED. ) ;
#1655 = VECTOR ( 'NONE', #6886, 1000.000000000000200 ) ;
#1656 = FACE_OUTER_BOUND ( 'NONE', #4305, .T. ) ;
#1657 = EDGE_CURVE ( 'NONE', #7000, #3811, #7591, .T. ) ;
#1658 = AXIS2_PLACEMENT_3D ( 'NONE', #4722, #6047, #6588 ) ;
#1659 = DIRECTION ( 'NONE',  ( -0.7231295001038959800, -3.491481338843133000E-015, -0.6907124771418926600 ) ) ;
#1660 = ORIENTED_EDGE ( 'NONE', *, *, #3485, .T. ) ;
#1661 = VECTOR ( 'NONE', #6948, 1000.000000000000100 ) ;
#1662 = DIRECTION ( 'NONE',  ( 3.633292013170003700E-011, -0.0000000000000000000, 1.000000000000000000 ) ) ;
#1663 = ADVANCED_FACE ( 'NONE', ( #7068 ), #5914, .F. ) ;
#1664 = FACE_OUTER_BOUND ( 'NONE', #5281, .T. ) ;
#1665 = PLANE ( 'NONE',  #3309 ) ;
#1666 = PLANE ( 'NONE',  #3266 ) ;
#1667 = CIRCLE ( 'NONE', #392, 1.000000000000001800 ) ;
#1668 = UNCERTAINTY_MEASURE_WITH_UNIT (LENGTH_MEASURE( 1.000000000000000100E-005 ), #7004, 'distance_accuracy_value', 'NONE');
#1669 = DIRECTION ( 'NONE',  ( -0.0000000000000000000, 0.0000000000000000000, 1.000000000000000000 ) ) ;
#1670 = EDGE_CURVE ( 'NONE', #1604, #7108, #2279, .T. ) ;
#1671 = ORIENTED_EDGE ( 'NONE', *, *, #698, .T. ) ;
#1672 = FACE_OUTER_BOUND ( 'NONE', #7783, .T. ) ;
#1673 = CARTESIAN_POINT ( 'NONE',  ( -3.803941088848799400, -9.616158755783857000E-017, -3.095770484169037200 ) ) ;
#1674 = CARTESIAN_POINT ( 'NONE',  ( 5.750000000000000000, 1.355252715606880500E-015, 2.449999999999999300 ) ) ;
#1675 = VECTOR ( 'NONE', #5323, 1000.000000000000000 ) ;
#1676 = CARTESIAN_POINT ( 'NONE',  ( 3.398528137423843600, 0.0000000000000000000, 2.549999999999999400 ) ) ;
#1677 = CIRCLE ( 'NONE', #1121, 0.4000000000000001900 ) ;
#1678 = VECTOR ( 'NONE', #3052, 1000.000000000000000 ) ;
#1679 = LINE ( 'NONE', #2615, #1126 ) ;
#1680 = EDGE_CURVE ( 'NONE', #5253, #852, #6200, .T. ) ;
#1681 = LINE ( 'NONE', #3638, #6105 ) ;
#1682 = ADVANCED_FACE ( 'NONE', ( #4578 ), #824, .F. ) ;
#1683 = CARTESIAN_POINT ( 'NONE',  ( 1.749999999999999600, 0.2500000000000000000, -7.199999999999999300 ) ) ;
#1684 = EDGE_CURVE ( 'NONE', #6244, #3384, #437, .T. ) ;
#1685 = DIRECTION ( 'NONE',  ( -0.0000000000000000000, -1.000000000000000000, 0.0000000000000000000 ) ) ;
#1686 = LINE ( 'NONE', #494, #7385 ) ;
#1687 = ORIENTED_EDGE ( 'NONE', *, *, #148, .T. ) ;
#1688 = LINE ( 'NONE', #2571, #4674 ) ;
#1689 = CARTESIAN_POINT ( 'NONE',  ( -3.534314575036434600, -0.1500000000000000200, -2.450000000010277300 ) ) ;
#1690 = DIRECTION ( 'NONE',  ( -0.7071067811865487900, 0.0000000000000000000, 0.7071067811865463500 ) ) ;
#1691 = DIRECTION ( 'NONE',  ( 1.000000000000000000, 8.031127203596331800E-017, -0.0000000000000000000 ) ) ;
#1692 = EDGE_CURVE ( 'NONE', #1715, #7798, #3886, .T. ) ;
#1693 = CARTESIAN_POINT ( 'NONE',  ( -1.750000000000000400, 0.0000000000000000000, -7.199999999999999300 ) ) ;
#1694 = LINE ( 'NONE', #5566, #6216 ) ;
#1695 = ORIENTED_EDGE ( 'NONE', *, *, #5098, .F. ) ;
#1696 = ORIENTED_EDGE ( 'NONE', *, *, #3978, .T. ) ;
#1697 = CARTESIAN_POINT ( 'NONE',  ( -2.738802264660379100, 0.0000000000000000000, 3.587330402084230900 ) ) ;
#1698 = ORIENTED_EDGE ( 'NONE', *, *, #434, .T. ) ;
#1699 = VERTEX_POINT ( 'NONE', #2787 ) ;
#1700 = CARTESIAN_POINT ( 'NONE',  ( -6.500000000000000900, -0.5000000000000002200, -5.100000000000001400 ) ) ;
#1701 = EDGE_CURVE ( 'NONE', #2773, #5687, #2184, .T. ) ;
#1702 = DIRECTION ( 'NONE',  ( 0.0000000000000000000, 0.0000000000000000000, -1.000000000000000000 ) ) ;
#1703 = CARTESIAN_POINT ( 'NONE',  ( -4.242640687119284800, 5.000000000000000000, 3.242640687119283900 ) ) ;
#1704 = ADVANCED_FACE ( 'NONE', ( #150 ), #1486, .T. ) ;
#1705 = EDGE_LOOP ( 'NONE', ( #7022, #4096, #7922, #7289 ) ) ;
#1706 = ORIENTED_EDGE ( 'NONE', *, *, #2286, .F. ) ;
#1708 = LINE ( 'NONE', #6520, #6621 ) ;
#1707 = PLANE ( 'NONE',  #6883 ) ;
#1709 = AXIS2_PLACEMENT_3D ( 'NONE', #4622, #3394, #3444 ) ;
#1710 = DIRECTION ( 'NONE',  ( 0.04488852596211171500, -0.9961946980917452100, 0.07470705275170172500 ) ) ;
#1711 = ORIENTED_EDGE ( 'NONE', *, *, #5438, .T. ) ;
#1712 = ORIENTED_EDGE ( 'NONE', *, *, #2420, .F. ) ;
#1713 = DIRECTION ( 'NONE',  ( -1.000000000000000000, 0.0000000000000000000, 1.204669080539449300E-016 ) ) ;
#1714 = EDGE_LOOP ( 'NONE', ( #4573, #7517, #6934, #3995 ) ) ;
#1715 = VERTEX_POINT ( 'NONE', #2166 ) ;
#1716 = DIRECTION ( 'NONE',  ( -1.000000000000000000, 0.0000000000000000000, 0.0000000000000000000 ) ) ;
#1717 = DIRECTION ( 'NONE',  ( -0.0000000000000000000, -0.0000000000000000000, 1.000000000000000000 ) ) ;
#1718 = EDGE_CURVE ( 'NONE', #7807, #2567, #6882, .T. ) ;
#1719 = DIRECTION ( 'NONE',  ( -1.000000000000000000, -0.0000000000000000000, -0.0000000000000000000 ) ) ;
#1720 = CARTESIAN_POINT ( 'NONE',  ( 0.0000000000000000000, 4.400000000000000400, 0.0000000000000000000 ) ) ;
#1721 = ORIENTED_EDGE ( 'NONE', *, *, #6547, .F. ) ;
#1722 = CARTESIAN_POINT ( 'NONE',  ( 4.262132034355966300, -0.4999999999999990600, 2.449999999999999300 ) ) ;
#1723 = ORIENTED_EDGE ( 'NONE', *, *, #6572, .T. ) ;
#1724 = VERTEX_POINT ( 'NONE', #7208 ) ;
#1725 = CARTESIAN_POINT ( 'NONE',  ( -3.000000000000000000, 5.000000000000000000, 4.399502812818740300 ) ) ;
#1726 = AXIS2_PLACEMENT_3D ( 'NONE', #6756, #1170, #7403 ) ;
#1727 = ADVANCED_FACE ( 'NONE', ( #1213 ), #7275, .F. ) ;
#1728 = CARTESIAN_POINT ( 'NONE',  ( -3.817157287505073900, 0.1328427124805983100, 2.450000000014010300 ) ) ;
#1729 = DIRECTION ( 'NONE',  ( 1.000000000000000000, -0.0000000000000000000, 0.0000000000000000000 ) ) ;
#1730 = VERTEX_POINT ( 'NONE', #5931 ) ;
#1731 = PLANE ( 'NONE',  #7449 ) ;
#1732 = ORIENTED_EDGE ( 'NONE', *, *, #8068, .F. ) ;
#1733 = DIRECTION ( 'NONE',  ( -1.000000000000000000, 0.0000000000000000000, -0.0000000000000000000 ) ) ;
#1734 = EDGE_CURVE ( 'NONE', #3113, #1818, #5236, .T. ) ;
#1735 = CARTESIAN_POINT ( 'NONE',  ( 3.186957102127513600, 0.04310923855607537400, 3.891963098134031600 ) ) ;
#1736 = CARTESIAN_POINT ( 'NONE',  ( -4.262132034355966300, -0.5000000000000000000, 2.449999999999999300 ) ) ;
#1737 = DIRECTION ( 'NONE',  ( -0.0000000000000000000, -1.000000000000000000, -0.0000000000000000000 ) ) ;
#1738 = AXIS2_PLACEMENT_3D ( 'NONE', #4398, #1267, #1883 ) ;
#1739 = CARTESIAN_POINT ( 'NONE',  ( -3.104712412919653300, 3.129497198328488500, -4.254891097531176700 ) ) ;
#1740 = EDGE_CURVE ( 'NONE', #6925, #5149, #44, .T. ) ;
#1741 = DIRECTION ( 'NONE',  ( 0.0000000000000000000, 1.000000000000000000, 0.0000000000000000000 ) ) ;
#1742 =( GEOMETRIC_REPRESENTATION_CONTEXT ( 3 ) GLOBAL_UNCERTAINTY_ASSIGNED_CONTEXT ( ( #1668 ) ) GLOBAL_UNIT_ASSIGNED_CONTEXT ( ( #7004, #7627, #1988 ) ) REPRESENTATION_CONTEXT ( 'NONE', 'WORKASPACE' ) );
#1743 = VECTOR ( 'NONE', #7944, 1000.000000000000000 ) ;
#1744 = ADVANCED_FACE ( 'NONE', ( #6978 ), #6190, .T. ) ;
#1745 = LINE ( 'NONE', #2990, #4719 ) ;
#1746 = DIRECTION ( 'NONE',  ( 0.0000000000000000000, -0.0000000000000000000, 1.000000000000000000 ) ) ;
#1747 = CARTESIAN_POINT ( 'NONE',  ( 2.238493367623671100, 0.3869266385878519200, 4.502120193677870800 ) ) ;
#1748 = CARTESIAN_POINT ( 'NONE',  ( -3.000000000000000000, 5.000000000000000000, -0.0000000000000000000 ) ) ;
#1749 = VERTEX_POINT ( 'NONE', #7098 ) ;
#1750 = VECTOR ( 'NONE', #7524, 1000.000000000000100 ) ;
#1751 = CARTESIAN_POINT ( 'NONE',  ( 4.200000000000002000, -0.2499999999999989700, 2.449999999999999300 ) ) ;
#1752 = VECTOR ( 'NONE', #863, 1000.000000000000000 ) ;
#1753 = DIRECTION ( 'NONE',  ( -0.01657578899896300400, -0.9997372496366935300, -0.01583271637848216200 ) ) ;
#1754 = DIRECTION ( 'NONE',  ( 8.031127203596331800E-017, 6.697973508958929100E-033, -1.000000000000000000 ) ) ;
#1755 = ORIENTED_EDGE ( 'NONE', *, *, #7980, .F. ) ;
#1756 = FACE_OUTER_BOUND ( 'NONE', #4999, .T. ) ;
#1757 = CARTESIAN_POINT ( 'NONE',  ( -3.420219135339146900, 2.802315893420017200, 3.901967038161343400 ) ) ;
#1758 = VERTEX_POINT ( 'NONE', #2280 ) ;
#1759 = ORIENTED_EDGE ( 'NONE', *, *, #5165, .T. ) ;
#1760 = LINE ( 'NONE', #973, #7757 ) ;
#1761 = PLANE ( 'NONE',  #6354 ) ;
#1762 = CIRCLE ( 'NONE', #2906, 2.450000000000000200 ) ;
#1763 = CARTESIAN_POINT ( 'NONE',  ( -3.327817459305194800, 0.2500000000000000000, -2.620710678118655300 ) ) ;
#1764 = ORIENTED_EDGE ( 'NONE', *, *, #4199, .F. ) ;
#1765 = SURFACE_STYLE_FILL_AREA ( #3905 ) ;
#1766 = ADVANCED_FACE ( 'NONE', ( #4745 ), #2174, .F. ) ;
#1767 = EDGE_CURVE ( 'NONE', #418, #279, #1771, .T. ) ;
#1768 = LINE ( 'NONE', #4020, #139 ) ;
#1769 = DIRECTION ( 'NONE',  ( 0.7071067811715988600, -0.7071067812014962800, -0.0000000000000000000 ) ) ;
#1770 = VECTOR ( 'NONE', #6584, 1000.000000000000000 ) ;
#1771 = LINE ( 'NONE', #1067, #3874 ) ;
#1772 = CARTESIAN_POINT ( 'NONE',  ( 3.022039096752202200, 0.2500000000000000000, -3.729145877938739900 ) ) ;
#1773 = AXIS2_PLACEMENT_3D ( 'NONE', #5336, #1562, #2841 ) ;
#1774 = ORIENTED_EDGE ( 'NONE', *, *, #5234, .T. ) ;
#1775 = FACE_BOUND ( 'NONE', #5192, .T. ) ;
#1776 = CARTESIAN_POINT ( 'NONE',  ( 3.168643545554903400, 0.04310923855607704000, -3.877851111921489100 ) ) ;
#1777 = ORIENTED_EDGE ( 'NONE', *, *, #909, .T. ) ;
#1778 = VECTOR ( 'NONE', #4972, 1000.000000000000000 ) ;
#1779 = LINE ( 'NONE', #7586, #6780 ) ;
#1780 = EDGE_CURVE ( 'NONE', #1620, #2224, #6488, .T. ) ;
#1781 = CARTESIAN_POINT ( 'NONE',  ( -4.011556637993666500, 0.4000000000000023000, -3.305486196285772200 ) ) ;
#1782 = CYLINDRICAL_SURFACE ( 'NONE', #151, 0.1000000000000002600 ) ;
#1783 = CARTESIAN_POINT ( 'NONE',  ( -5.499999999999998200, -0.2500000000000001700, 2.449999999999999300 ) ) ;
#1784 = CARTESIAN_POINT ( 'NONE',  ( -6.000000000000000000, 5.000000000000000000, -6.000000000000000000 ) ) ;
#1785 = ORIENTED_EDGE ( 'NONE', *, *, #7706, .F. ) ;
#1786 = DIRECTION ( 'NONE',  ( -1.000000000000000000, -1.668003342285397200E-016, 0.0000000000000000000 ) ) ;
#1787 = FACE_OUTER_BOUND ( 'NONE', #5460, .T. ) ;
#1788 = ORIENTED_EDGE ( 'NONE', *, *, #1916, .T. ) ;
#1789 = DIRECTION ( 'NONE',  ( -0.0000000000000000000, -1.000000000000000000, -0.0000000000000000000 ) ) ;
#1790 = LINE ( 'NONE', #1674, #4668 ) ;
#1791 = ADVANCED_FACE ( 'NONE', ( #536 ), #6296, .F. ) ;
#1792 = DIRECTION ( 'NONE',  ( -0.7231295001038958700, 0.0000000000000000000, -0.6907124771418926600 ) ) ;
#1793 = CARTESIAN_POINT ( 'NONE',  ( -6.000000000000000000, -2.168404344971008900E-016, 0.5000000000000000000 ) ) ;
#1794 = EDGE_CURVE ( 'NONE', #5107, #3280, #3558, .T. ) ;
#1795 = AXIS2_PLACEMENT_3D ( 'NONE', #4360, #6928, #7626 ) ;
#1796 = VECTOR ( 'NONE', #694, 1000.000000000000000 ) ;
#1797 = VERTEX_POINT ( 'NONE', #1590 ) ;
#1798 = FACE_OUTER_BOUND ( 'NONE', #2131, .T. ) ;
#1799 = EDGE_CURVE ( 'NONE', #5650, #6324, #5908, .T. ) ;
#1800 = ORIENTED_EDGE ( 'NONE', *, *, #1129, .F. ) ;
#1801 = DIRECTION ( 'NONE',  ( 0.0000000000000000000, -1.000000000000000000, 0.0000000000000000000 ) ) ;
#1802 = ORIENTED_EDGE ( 'NONE', *, *, #6579, .F. ) ;
#1803 = CARTESIAN_POINT ( 'NONE',  ( 5.500000000000000000, 1.355252715606880500E-015, 2.449999999999999300 ) ) ;
#1804 = ORIENTED_EDGE ( 'NONE', *, *, #7825, .F. ) ;
#1805 = ORIENTED_EDGE ( 'NONE', *, *, #1794, .F. ) ;
#1806 = CARTESIAN_POINT ( 'NONE',  ( 3.022039096752201700, 0.0000000000000000000, -3.729145877938739400 ) ) ;
#1807 = VECTOR ( 'NONE', #6571, 1000.000000000000200 ) ;
#1808 = VERTEX_POINT ( 'NONE', #382 ) ;
#1809 = ORIENTED_EDGE ( 'NONE', *, *, #1718, .T. ) ;
#1810 = ADVANCED_FACE ( 'NONE', ( #4065 ), #7858, .F. ) ;
#1811 = EDGE_LOOP ( 'NONE', ( #3699, #5263, #5855, #105 ) ) ;
#1812 = VERTEX_POINT ( 'NONE', #2899 ) ;
#1813 = LINE ( 'NONE', #6357, #7904 ) ;
#1814 = DIRECTION ( 'NONE',  ( 0.5150380749100543800, 0.0000000000000000000, -0.8571673007021121100 ) ) ;
#1815 = CARTESIAN_POINT ( 'NONE',  ( -3.132808077000297500, 0.4000000000000008500, 3.830774262967692900 ) ) ;
#1816 = AXIS2_PLACEMENT_3D ( 'NONE', #4238, #5597, #4268 ) ;
#1817 = EDGE_LOOP ( 'NONE', ( #1611, #5277, #7569, #1167 ) ) ;
#1818 = VERTEX_POINT ( 'NONE', #4791 ) ;
#1819 = CARTESIAN_POINT ( 'NONE',  ( 3.327817459305218300, 0.0000000000000000000, -2.620710678118655800 ) ) ;
#1820 = EDGE_LOOP ( 'NONE', ( #7430, #7726, #3942, #2288, #7813, #3207, #1909, #2273, #735 ) ) ;
#1821 = DIRECTION ( 'NONE',  ( -0.0000000000000000000, -1.000000000000000000, -0.0000000000000000000 ) ) ;
#1822 = ORIENTED_EDGE ( 'NONE', *, *, #3365, .F. ) ;
#1823 = EDGE_LOOP ( 'NONE', ( #194, #7611, #3450, #7309 ) ) ;
#1824 = CARTESIAN_POINT ( 'NONE',  ( 0.0000000000000000000, 1.499999999999997300, 0.0000000000000000000 ) ) ;
#1825 = ORIENTED_EDGE ( 'NONE', *, *, #2272, .F. ) ;
#1826 = ADVANCED_FACE ( 'NONE', ( #729 ), #1012, .F. ) ;
#1827 = DIRECTION ( 'NONE',  ( 0.4994745683111422900, -0.6907124771418931000, -0.5229162739205082100 ) ) ;
#1828 = EDGE_CURVE ( 'NONE', #5587, #265, #2582, .T. ) ;
#1829 = DIRECTION ( 'NONE',  ( 0.0000000000000000000, 1.000000000000000000, 0.0000000000000000000 ) ) ;
#1830 = DIRECTION ( 'NONE',  ( 0.0000000000000000000, 1.000000000000000000, 0.0000000000000000000 ) ) ;
#1831 = ORIENTED_EDGE ( 'NONE', *, *, #5645, .T. ) ;
#1832 = VERTEX_POINT ( 'NONE', #5476 ) ;
#1833 = ORIENTED_EDGE ( 'NONE', *, *, #6701, .T. ) ;
#1834 = DIRECTION ( 'NONE',  ( 0.7071067811865487900, 0.0000000000000000000, -0.7071067811865463500 ) ) ;
#1835 = DIRECTION ( 'NONE',  ( -0.0000000000000000000, 1.000000000000000000, -0.0000000000000000000 ) ) ;
#1836 = EDGE_CURVE ( 'NONE', #3105, #876, #4838, .T. ) ;
#1837 = CYLINDRICAL_SURFACE ( 'NONE', #8000, 1.000000000000001800 ) ;
#1838 = DIRECTION ( 'NONE',  ( 0.0000000000000000000, -1.000000000000000000, 0.0000000000000000000 ) ) ;
#1839 = AXIS2_PLACEMENT_3D ( 'NONE', #917, #3409, #2046 ) ;
#1840 = B_SPLINE_CURVE_WITH_KNOTS ( 'NONE', 3,
 ( #7181, #7932, #7900, #6549, #327, #1070 ),
 .UNSPECIFIED., .F., .F.,
 ( 4, 2, 4 ),
 ( 0.0000000000000000000, 0.5000000000000000000, 1.000000000000000000 ),
 .UNSPECIFIED. ) ;
#1841 = ORIENTED_EDGE ( 'NONE', *, *, #1253, .T. ) ;
#1842 = VECTOR ( 'NONE', #4373, 1000.000000000000000 ) ;
#1843 = ADVANCED_FACE ( 'NONE', ( #3658 ), #7928, .T. ) ;
#1844 = LINE ( 'NONE', #7112, #2453 ) ;
#1845 = PRODUCT_DEFINITION_SHAPE ( 'NONE', 'NONE',  #8129 ) ;
#1846 = DIRECTION ( 'NONE',  ( -0.5150380749100597100, -0.0000000000000000000, -0.8571673007021091100 ) ) ;
#1847 = EDGE_CURVE ( 'NONE', #4557, #3962, #7968, .T. ) ;
#1848 = CARTESIAN_POINT ( 'NONE',  ( -3.000000000000000000, 5.000000000000000000, -4.399502812818740300 ) ) ;
#1849 = MECHANICAL_DESIGN_GEOMETRIC_PRESENTATION_REPRESENTATION (  '', ( #3550 ), #2443 ) ;
#1850 = ORIENTED_EDGE ( 'NONE', *, *, #3085, .F. ) ;
#1851 = DIRECTION ( 'NONE',  ( -0.0000000000000000000, 1.000000000000000000, -0.0000000000000000000 ) ) ;
#1852 = CARTESIAN_POINT ( 'NONE',  ( -3.195698423968606100, 4.193111900177107100, 3.770703214370499300 ) ) ;
#1853 = ORIENTED_EDGE ( 'NONE', *, *, #1088, .T. ) ;
#1854 = FACE_OUTER_BOUND ( 'NONE', #4009, .T. ) ;
#1855 = CARTESIAN_POINT ( 'NONE',  ( 0.0000000000000000000, 0.0000000000000000000, -5.325000000000001100 ) ) ;
#1856 = CARTESIAN_POINT ( 'NONE',  ( -6.717514421272199800, 0.0000000000000000000, -6.010407640085673200 ) ) ;
#1857 = FACE_OUTER_BOUND ( 'NONE', #5867, .T. ) ;
#1858 = SHAPE_DEFINITION_REPRESENTATION ( #5426, #7856 ) ;
#1859 = CARTESIAN_POINT ( 'NONE',  ( 0.0000000000000000000, 0.0000000000000000000, 0.0000000000000000000 ) ) ;
#1860 = ORIENTED_EDGE ( 'NONE', *, *, #5241, .F. ) ;
#1861 = EDGE_CURVE ( 'NONE', #2065, #1236, #7582, .T. ) ;
#1862 = SURFACE_STYLE_FILL_AREA ( #823 ) ;
#1863 = EDGE_LOOP ( 'NONE', ( #2417, #5569, #4431, #1924 ) ) ;
#1864 = CIRCLE ( 'NONE', #5822, 0.1499999999999999700 ) ;
#1865 = DIRECTION ( 'NONE',  ( 0.6907124771418925400, 0.0000000000000000000, -0.7231295001038959800 ) ) ;
#1866 = LINE ( 'NONE', #6785, #1290 ) ;
#1867 = CARTESIAN_POINT ( 'NONE',  ( 7.246791009031559400E-016, -2.600000000000000100, 0.0000000000000000000 ) ) ;
#1868 = PRESENTATION_LAYER_ASSIGNMENT (  '', '', ( #7920 ) ) ;
#1869 = DIRECTION ( 'NONE',  ( -0.5150380749100614800, 0.0000000000000000000, -0.8571673007021078900 ) ) ;
#1870 = CARTESIAN_POINT ( 'NONE',  ( 3.321806003186826400, 0.2949861872786510600, 4.027608712166943900 ) ) ;
#1871 = ADVANCED_FACE ( 'NONE', ( #1879 ), #4925, .F. ) ;
#1872 = COLOUR_RGB ( '',0.7960784313725489700, 0.8235294117647058400, 0.9372549019607843100 ) ;
#1873 = VERTEX_POINT ( 'NONE', #599 ) ;
#1874 = PLANE ( 'NONE',  #5178 ) ;
#1875 = CARTESIAN_POINT ( 'NONE',  ( -2.253462233519241100, 0.7191252243511373500, -4.527032570061925800 ) ) ;
#1876 = CARTESIAN_POINT ( 'NONE',  ( -6.000000000000000000, 0.0000000000000000000, 6.000000000000000000 ) ) ;
#1877 = PRODUCT_CONTEXT ( 'NONE', #1264, 'mechanical' ) ;
#1878 = VECTOR ( 'NONE', #1082, 1000.000000000000000 ) ;
#1879 = FACE_OUTER_BOUND ( 'NONE', #2487, .T. ) ;
#1880 = EDGE_CURVE ( 'NONE', #6141, #6123, #4269, .T. ) ;
#1881 = ORIENTED_EDGE ( 'NONE', *, *, #7118, .F. ) ;
#1882 = FACE_OUTER_BOUND ( 'NONE', #6023, .T. ) ;
#1883 = DIRECTION ( 'NONE',  ( 0.0000000000000000000, 0.0000000000000000000, 1.000000000000000000 ) ) ;
#1884 = LINE ( 'NONE', #7778, #5912 ) ;
#1885 = VECTOR ( 'NONE', #1054, 1000.000000000000000 ) ;
#1886 = CARTESIAN_POINT ( 'NONE',  ( -3.949999999999999700, 0.0000000000000000000, 2.449999999999999300 ) ) ;
#1887 = DIRECTION ( 'NONE',  ( -0.8571673007021085600, 9.757819552369539900E-016, 0.5150380749100603700 ) ) ;
#1888 = AXIS2_PLACEMENT_3D ( 'NONE', #3997, #1372, #1997 ) ;
#1889 = CARTESIAN_POINT ( 'NONE',  ( -4.435071983487120000, 0.3999999999999999700, 2.379457550551447000 ) ) ;
#1890 = DIRECTION ( 'NONE',  ( 0.0000000000000000000, 0.0000000000000000000, 1.000000000000000000 ) ) ;
#1891 = EDGE_LOOP ( 'NONE', ( #1660, #7984, #387, #5423 ) ) ;
#1892 = DIRECTION ( 'NONE',  ( -0.8571673007021131100, -2.324258407265800100E-015, -0.5150380749100528200 ) ) ;
#1893 = VECTOR ( 'NONE', #4808, 1000.000000000000000 ) ;
#1894 = EDGE_CURVE ( 'NONE', #2567, #7432, #7170, .T. ) ;
#1895 = ORIENTED_EDGE ( 'NONE', *, *, #1934, .F. ) ;
#1896 = CARTESIAN_POINT ( 'NONE',  ( 0.0000000000000000000, 0.0000000000000000000, 0.0000000000000000000 ) ) ;
#1897 = CIRCLE ( 'NONE', #783, 4.924999999999999800 ) ;
#1898 = DIRECTION ( 'NONE',  ( -0.7231295001038959800, -3.491481338843133000E-015, -0.6907124771418926600 ) ) ;
#1899 = DIRECTION ( 'NONE',  ( 0.4994745683111419000, 0.6907124771418917700, -0.5229162739205103200 ) ) ;
#1900 = DIRECTION ( 'NONE',  ( 1.000000000000000000, 8.340016711426986100E-017, -8.031127203596331800E-017 ) ) ;
#1901 = VECTOR ( 'NONE', #2698, 1000.000000000000000 ) ;
#1902 = ORIENTED_EDGE ( 'NONE', *, *, #7276, .F. ) ;
#1903 = ORIENTED_EDGE ( 'NONE', *, *, #3931, .T. ) ;
#1905 = VECTOR ( 'NONE', #5385, 1000.000000000000000 ) ;
#1904 = CARTESIAN_POINT ( 'NONE',  ( -4.650000000000000400, -0.2500000000000001100, -0.5000000000000001100 ) ) ;
#1906 = DIRECTION ( 'NONE',  ( 0.6907124771418916600, -1.554312234475218400E-015, -0.7231295001038968700 ) ) ;
#1907 = EDGE_CURVE ( 'NONE', #6732, #5560, #5326, .T. ) ;
#1908 = ORIENTED_EDGE ( 'NONE', *, *, #2172, .F. ) ;
#1909 = ORIENTED_EDGE ( 'NONE', *, *, #6889, .T. ) ;
#1910 = ORIENTED_EDGE ( 'NONE', *, *, #7032, .F. ) ;
#1911 = AXIS2_PLACEMENT_3D ( 'NONE', #315, #6564, #5389 ) ;
#1912 = ORIENTED_EDGE ( 'NONE', *, *, #767, .T. ) ;
#1913 = PLANE ( 'NONE',  #6946 ) ;
#1914 = ORIENTED_EDGE ( 'NONE', *, *, #796, .T. ) ;
#1915 = ORIENTED_EDGE ( 'NONE', *, *, #1794, .T. ) ;
#1916 = EDGE_CURVE ( 'NONE', #7155, #6331, #1677, .T. ) ;
#1917 = ORIENTED_EDGE ( 'NONE', *, *, #2863, .F. ) ;
#1918 = ORIENTED_EDGE ( 'NONE', *, *, #6107, .F. ) ;
#1919 = DIRECTION ( 'NONE',  ( 0.0000000000000000000, -1.000000000000000000, 0.0000000000000000000 ) ) ;
#1920 = ADVANCED_FACE ( 'NONE', ( #3076 ), #3182, .F. ) ;
#1921 = DIRECTION ( 'NONE',  ( 0.0000000000000000000, 0.0000000000000000000, -1.000000000000000000 ) ) ;
#1922 = EDGE_LOOP ( 'NONE', ( #4295, #5163 ) ) ;
#1923 = ORIENTED_EDGE ( 'NONE', *, *, #3845, .T. ) ;
#1924 = ORIENTED_EDGE ( 'NONE', *, *, #7992, .F. ) ;
#1925 = CARTESIAN_POINT ( 'NONE',  ( 4.435071983487121700, 0.3999999999999999700, -2.379457550551444800 ) ) ;
#1926 = CARTESIAN_POINT ( 'NONE',  ( 3.067465623966121800, 0.6973362886642217000, 4.328478490218136800 ) ) ;
#1927 = DIRECTION ( 'NONE',  ( -1.668003342285397200E-016, 1.000000000000000000, 0.0000000000000000000 ) ) ;
#1928 = ADVANCED_BREP_SHAPE_REPRESENTATION ( '', ( #5467, #3038 ), #4818 ) ;
#1929 = ORIENTED_EDGE ( 'NONE', *, *, #6547, .T. ) ;
#1930 = EDGE_LOOP ( 'NONE', ( #5353, #6803, #2213, #2803 ) ) ;
#1931 = CARTESIAN_POINT ( 'NONE',  ( -3.284200928263934400, 2.702328844871626900, -4.066978695959436500 ) ) ;
#1932 = EDGE_LOOP ( 'NONE', ( #4780, #5659, #7185, #5289 ) ) ;
#1933 = PLANE ( 'NONE',  #7173 ) ;
#1934 = EDGE_CURVE ( 'NONE', #4083, #3498, #4661, .T. ) ;
#1935 = CARTESIAN_POINT ( 'NONE',  ( 3.854933944799956400, 0.3607300918301279400, -3.141020426504822300 ) ) ;
#1936 = PRODUCT_CONTEXT ( 'NONE', #1312, 'mechanical' ) ;
#1937 = ORIENTED_EDGE ( 'NONE', *, *, #423, .T. ) ;
#1938 = AXIS2_PLACEMENT_3D ( 'NONE', #7463, #1829, #3095 ) ;
#1939 = DIRECTION ( 'NONE',  ( -0.7071067811865460200, -0.0000000000000000000, -0.7071067811865489100 ) ) ;
#1940 = VERTEX_POINT ( 'NONE', #3116 ) ;
#1941 = DIRECTION ( 'NONE',  ( 1.000000000000000000, 0.0000000000000000000, 0.0000000000000000000 ) ) ;
#1942 = EDGE_CURVE ( 'NONE', #3991, #1797, #1396, .T. ) ;
#1943 = DIRECTION ( 'NONE',  ( -0.7071067811715977500, -0.7071067812014971700, -0.0000000000000000000 ) ) ;
#1944 = DIRECTION ( 'NONE',  ( 0.5130781995407752700, -0.08715574274766146900, -0.8539055203370569100 ) ) ;
#1945 = CIRCLE ( 'NONE', #4477, 1.000000000000001800 ) ;
#1946 = LINE ( 'NONE', #3930, #3933 ) ;
#1947 = DIRECTION ( 'NONE',  ( 0.0000000000000000000, 1.000000000000000000, 0.0000000000000000000 ) ) ;
#1948 =( NAMED_UNIT ( * ) PLANE_ANGLE_UNIT ( ) SI_UNIT ( $, .RADIAN. ) );
#1949 =( NAMED_UNIT ( * ) SI_UNIT ( $, .STERADIAN. ) SOLID_ANGLE_UNIT ( ) );
#1950 = EDGE_CURVE ( 'NONE', #3486, #5846, #2875, .T. ) ;
#1951 = CARTESIAN_POINT ( 'NONE',  ( -3.131614392220827300, 0.3607300918301283900, 3.831914436298796900 ) ) ;
#1952 = ADVANCED_FACE ( 'NONE', ( #6677 ), #2393, .T. ) ;
#1953 = LINE ( 'NONE', #3602, #4143 ) ;
#1954 = CARTESIAN_POINT ( 'NONE',  ( -2.847265478254213300, 0.3999999999999995200, 3.962003905699285100 ) ) ;
#1955 = VECTOR ( 'NONE', #3050, 1000.000000000000100 ) ;
#1956 = CARTESIAN_POINT ( 'NONE',  ( 4.028805748864900100, 0.4000000000000001900, -3.320662628199691800 ) ) ;
#1957 =( NAMED_UNIT ( * ) PLANE_ANGLE_UNIT ( ) SI_UNIT ( $, .RADIAN. ) );
#1958 = EDGE_CURVE ( 'NONE', #2188, #3330, #3464, .T. ) ;
#1959 = VERTEX_POINT ( 'NONE', #4337 ) ;
#1960 = ORIENTED_EDGE ( 'NONE', *, *, #6689, .F. ) ;
#1961 = VECTOR ( 'NONE', #3268, 1000.000000000000000 ) ;
#1962 = CIRCLE ( 'NONE', #7287, 0.09999999999999982500 ) ;
#1963 = DIRECTION ( 'NONE',  ( 0.7071067812014962800, 0.7071067811715988600, 1.593520205958696800E-011 ) ) ;
#1964 = VECTOR ( 'NONE', #3327, 1000.000000000000100 ) ;
#1965 = DIRECTION ( 'NONE',  ( 0.8571673007021086700, -0.0000000000000000000, -0.5150380749100603700 ) ) ;
#1966 = ORIENTED_EDGE ( 'NONE', *, *, #3584, .T. ) ;
#1967 = VECTOR ( 'NONE', #5136, 1000.000000000000000 ) ;
#1968 = DIRECTION ( 'NONE',  ( 0.7229394975650266200, 0.02292229676231499100, 0.6905309921875825200 ) ) ;
#1969 = ORIENTED_EDGE ( 'NONE', *, *, #1454, .T. ) ;
#1970 = ORIENTED_EDGE ( 'NONE', *, *, #249, .F. ) ;
#1971 = AXIS2_PLACEMENT_3D ( 'NONE', #4120, #442, #5932 ) ;
#1972 = FACE_OUTER_BOUND ( 'NONE', #2109, .T. ) ;
#1973 = B_SPLINE_SURFACE_WITH_KNOTS ( 'NONE', 1, 3, ( 
 ( #6773, #4857, #1735, #7421, #1870, #64 ),
 ( #644, #5091, #7446, #5629, #6836, #1260 ) ),
 .UNSPECIFIED., .F., .F., .F.,
 ( 2, 2 ),
 ( 4, 2, 4 ),
 ( 0.0000000000000000000, 1.000000000000000000 ),
 ( 0.0000000000000000000, 0.5000000000000000000, 1.000000000000000000 ),
 .UNSPECIFIED. ) ;
#1975 = VECTOR ( 'NONE', #7433, 1000.000000000000100 ) ;
#1974 = CARTESIAN_POINT ( 'NONE',  ( -3.327817459305194800, 0.0000000000000000000, -2.620710678118655300 ) ) ;
#1976 = CARTESIAN_POINT ( 'NONE',  ( -4.011556637993666500, 0.4000000000000019100, -3.305486196285772200 ) ) ;
#1977 = CARTESIAN_POINT ( 'NONE',  ( 3.913687002674584500, 0.4000000000000010200, -3.200141044849043000 ) ) ;
#1978 = VECTOR ( 'NONE', #5881, 1000.000000000000100 ) ;
#1979 = CARTESIAN_POINT ( 'NONE',  ( 4.999999999999999100, 5.000000000000000000, -6.000000000000000000 ) ) ;
#1980 = ORIENTED_EDGE ( 'NONE', *, *, #3380, .F. ) ;
#1981 = DIRECTION ( 'NONE',  ( 0.0000000000000000000, 0.0000000000000000000, 1.000000000000000000 ) ) ;
#1982 = VECTOR ( 'NONE', #7164, 1000.000000000000000 ) ;
#1983 = ORIENTED_EDGE ( 'NONE', *, *, #4589, .T. ) ;
#1984 = LINE ( 'NONE', #715, #2884 ) ;
#1985 = DIRECTION ( 'NONE',  ( 0.5130781995407734900, 0.08715574274766203800, -0.8539055203370579100 ) ) ;
#1986 = LINE ( 'NONE', #4393, #1678 ) ;
#1987 = CARTESIAN_POINT ( 'NONE',  ( 6.000000000000000000, 8.673617379884035500E-016, 0.5000000000000001100 ) ) ;
#1988 =( NAMED_UNIT ( * ) SI_UNIT ( $, .STERADIAN. ) SOLID_ANGLE_UNIT ( ) );
#1989 = ORIENTED_EDGE ( 'NONE', *, *, #5936, .T. ) ;
#1990 = VECTOR ( 'NONE', #5953, 1000.000000000000000 ) ;
#1991 = VERTEX_POINT ( 'NONE', #7550 ) ;
#1992 = CYLINDRICAL_SURFACE ( 'NONE', #4651, 0.1499999999999999400 ) ;
#1993 = EDGE_CURVE ( 'NONE', #6511, #6809, #329, .T. ) ;
#1994 = DIRECTION ( 'NONE',  ( 0.7231295001038967600, -3.491481338843133000E-015, 0.6907124771418916600 ) ) ;
#1995 = DIRECTION ( 'NONE',  ( -0.4994745683111427900, 0.7231295001038953200, -0.4770837260794880100 ) ) ;
#1996 = EDGE_LOOP ( 'NONE', ( #1966, #2914, #7014, #7458 ) ) ;
#1997 = DIRECTION ( 'NONE',  ( 0.0000000000000000000, 0.0000000000000000000, -1.000000000000000000 ) ) ;
#1998 = ADVANCED_FACE ( 'NONE', ( #1492 ), #4485, .F. ) ;
#1999 = CARTESIAN_POINT ( 'NONE',  ( -4.242640687119284800, 5.000000000000000000, -3.242640687119283000 ) ) ;
#2000 = CYLINDRICAL_SURFACE ( 'NONE', #5443, 0.4999999999999997200 ) ;
#2001 = AXIS2_PLACEMENT_3D ( 'NONE', #7494, #7528, #6303 ) ;
#2002 = ORIENTED_EDGE ( 'NONE', *, *, #5769, .F. ) ;
#2003 = VERTEX_POINT ( 'NONE', #3690 ) ;
#2004 = VECTOR ( 'NONE', #2216, 1000.000000000000000 ) ;
#2005 = ORIENTED_EDGE ( 'NONE', *, *, #2928, .F. ) ;
#2006 = CARTESIAN_POINT ( 'NONE',  ( 2.253462233519209200, 0.7191252243511374600, -4.527032570061938300 ) ) ;
#2007 = PLANE ( 'NONE',  #3607 ) ;
#2008 = EDGE_CURVE ( 'NONE', #2467, #6619, #5727, .T. ) ;
#2009 = ORIENTED_EDGE ( 'NONE', *, *, #1114, .F. ) ;
#2010 = VERTEX_POINT ( 'NONE', #629 ) ;
#2011 = VECTOR ( 'NONE', #1586, 1000.000000000000000 ) ;
#2012 = DIRECTION ( 'NONE',  ( 0.5150380749100598200, 0.0000000000000000000, 0.8571673007021088900 ) ) ;
#2013 = AXIS2_PLACEMENT_3D ( 'NONE', #1530, #3935, #6454 ) ;
#2014 = ORIENTED_EDGE ( 'NONE', *, *, #5494, .F. ) ;
#2015 = ORIENTED_EDGE ( 'NONE', *, *, #3474, .F. ) ;
#2016 = CARTESIAN_POINT ( 'NONE',  ( -3.195698423968606100, 4.193111900177107100, 3.770703214370499300 ) ) ;
#2017 = CARTESIAN_POINT ( 'NONE',  ( 3.534314575036435100, -0.1500000000000000200, -2.450000000010273700 ) ) ;
#2018 = VERTEX_POINT ( 'NONE', #50 ) ;
#2019 = ORIENTED_EDGE ( 'NONE', *, *, #6466, .T. ) ;
#2020 = ORIENTED_EDGE ( 'NONE', *, *, #1491, .T. ) ;
#2021 = CARTESIAN_POINT ( 'NONE',  ( -2.997803731898102300, 3.163880643471964800, 3.959726526175114000 ) ) ;
#2022 = EDGE_CURVE ( 'NONE', #6903, #3313, #5995, .T. ) ;
#2023 = AXIS2_PLACEMENT_3D ( 'NONE', #93, #116, #175 ) ;
#2024 = CARTESIAN_POINT ( 'NONE',  ( 3.729145877938737200, 0.0000000000000000000, 3.022039096752205700 ) ) ;
#2025 = DIRECTION ( 'NONE',  ( 0.6907124771418919900, -3.491481338843133400E-015, -0.7231295001038965400 ) ) ;
#2026 = ORIENTED_EDGE ( 'NONE', *, *, #5075, .F. ) ;
#2027 = EDGE_LOOP ( 'NONE', ( #7799, #5749, #4787, #5571 ) ) ;
#2028 = ORIENTED_EDGE ( 'NONE', *, *, #6815, .F. ) ;
#2029 = ORIENTED_EDGE ( 'NONE', *, *, #3894, .F. ) ;
#2030 = EDGE_CURVE ( 'NONE', #466, #3060, #6581, .T. ) ;
#2031 = DIRECTION ( 'NONE',  ( 0.01583271637848349500, 0.9997372496366934100, -0.01657578899896450200 ) ) ;
#2032 = ORIENTED_EDGE ( 'NONE', *, *, #6145, .F. ) ;
#2033 = ORIENTED_EDGE ( 'NONE', *, *, #2610, .T. ) ;
#2034 = DIRECTION ( 'NONE',  ( 0.7071067811865490200, 0.0000000000000000000, -0.7071067811865461300 ) ) ;
#2035 = DIRECTION ( 'NONE',  ( -0.7231295001038968700, 3.491481338843133400E-015, -0.6907124771418917700 ) ) ;
#2036 = DIRECTION ( 'NONE',  ( -1.000000000000000000, 0.0000000000000000000, 0.0000000000000000000 ) ) ;
#2037 = DIRECTION ( 'NONE',  ( 0.0000000000000000000, 0.0000000000000000000, -1.000000000000000000 ) ) ;
#2038 = ORIENTED_EDGE ( 'NONE', *, *, #2172, .T. ) ;
#2039 = EDGE_LOOP ( 'NONE', ( #7162, #343, #5090, #4680 ) ) ;
#2040 = ADVANCED_FACE ( 'NONE', ( #5145 ), #690, .T. ) ;
#2041 = CARTESIAN_POINT ( 'NONE',  ( 3.247926823190615800, 0.3999999999999973000, -3.951295846318343900 ) ) ;
#2042 = EDGE_CURVE ( 'NONE', #7322, #5650, #3276, .T. ) ;
#2043 = CARTESIAN_POINT ( 'NONE',  ( -0.9499999999999995100, 0.0000000000000000000, -6.299999999999998900 ) ) ;
#2044 = AXIS2_PLACEMENT_3D ( 'NONE', #1926, #579, #1534 ) ;
#2045 = SURFACE_SIDE_STYLE ('',( #760 ) ) ;
#2046 = DIRECTION ( 'NONE',  ( -0.4994745683111427900, 0.7231295001038953200, -0.4770837260794880100 ) ) ;
#2047 = DIRECTION ( 'NONE',  ( 0.0000000000000000000, -0.0000000000000000000, -1.000000000000000000 ) ) ;
#2048 = EDGE_CURVE ( 'NONE', #7018, #2532, #235, .T. ) ;
#2049 = FACE_OUTER_BOUND ( 'NONE', #6684, .T. ) ;
#2050 = CIRCLE ( 'NONE', #6048, 0.1500000000000004900 ) ;
#2051 = ORIENTED_EDGE ( 'NONE', *, *, #4904, .F. ) ;
#2052 = VERTEX_POINT ( 'NONE', #79 ) ;
#2053 = LINE ( 'NONE', #4444, #3062 ) ;
#2054 = CARTESIAN_POINT ( 'NONE',  ( -2.161531637692523800, 0.2499999999999992500, 4.374034365627325700 ) ) ;
#2055 = CIRCLE ( 'NONE', #193, 0.1000000000000002600 ) ;
#2056 = CARTESIAN_POINT ( 'NONE',  ( 3.327817459305218300, 0.2500000000000000000, -2.620710678118655800 ) ) ;
#2057 = CARTESIAN_POINT ( 'NONE',  ( -3.291769412734989700, 0.1912053364946875200, -3.996642290355191000 ) ) ;
#2058 = EDGE_CURVE ( 'NONE', #3834, #5185, #1206, .T. ) ;
#2059 = CARTESIAN_POINT ( 'NONE',  ( 5.750000000000000000, 0.5371092495122262700, 2.449999999999999300 ) ) ;
#2060 = AXIS2_PLACEMENT_3D ( 'NONE', #4174, #1068, #2960 ) ;
#2061 = ORIENTED_EDGE ( 'NONE', *, *, #4085, .F. ) ;
#2062 = CYLINDRICAL_SURFACE ( 'NONE', #4276, 0.3999999999999997400 ) ;
#2063 = EDGE_LOOP ( 'NONE', ( #5329, #6222, #6242, #659 ) ) ;
#2064 = CARTESIAN_POINT ( 'NONE',  ( -2.544449482552733500, -0.4322214132938708200, 4.234675067689924100 ) ) ;
#2065 = VERTEX_POINT ( 'NONE', #5744 ) ;
#2066 = LINE ( 'NONE', #3045, #7262 ) ;
#2067 = DIRECTION ( 'NONE',  ( 0.0000000000000000000, 0.0000000000000000000, -1.000000000000000000 ) ) ;
#2068 = CARTESIAN_POINT ( 'NONE',  ( 5.999999999999999100, 5.000000000000000000, 5.000000000000000000 ) ) ;
#2069 = LINE ( 'NONE', #6648, #6669 ) ;
#2070 = EDGE_CURVE ( 'NONE', #6316, #6332, #5052, .T. ) ;
#2071 = DIRECTION ( 'NONE',  ( -1.000000000000000000, 0.0000000000000000000, 0.0000000000000000000 ) ) ;
#2072 = CARTESIAN_POINT ( 'NONE',  ( 0.0000000000000000000, 5.000000000000000000, 0.0000000000000000000 ) ) ;
#2073 = DIRECTION ( 'NONE',  ( 0.5150380749100543800, 0.0000000000000000000, -0.8571673007021121100 ) ) ;
#2074 = ORIENTED_EDGE ( 'NONE', *, *, #1583, .T. ) ;
#2075 = VECTOR ( 'NONE', #6771, 1000.000000000000000 ) ;
#2076 = ORIENTED_EDGE ( 'NONE', *, *, #7255, .T. ) ;
#2077 = LINE ( 'NONE', #2999, #7066 ) ;
#2078 = LINE ( 'NONE', #4463, #1027 ) ;
#2079 = EDGE_CURVE ( 'NONE', #6605, #3570, #2777, .T. ) ;
#2080 = ADVANCED_FACE ( 'NONE', ( #2372 ), #704, .T. ) ;
#2081 = CARTESIAN_POINT ( 'NONE',  ( -4.156066017177984400, -0.2060660171779828100, 2.449999999999999300 ) ) ;
#2082 = VERTEX_POINT ( 'NONE', #7601 ) ;
#2083 = LINE ( 'NONE', #1263, #827 ) ;
#2084 = PLANE ( 'NONE',  #2044 ) ;
#2085 = DIRECTION ( 'NONE',  ( 1.000000000000000000, 0.0000000000000000000, -0.0000000000000000000 ) ) ;
#2086 = DIRECTION ( 'NONE',  ( 0.04488852596211266600, 0.9961946980917452100, 0.07470705275169993400 ) ) ;
#2087 = LINE ( 'NONE', #3688, #5059 ) ;
#2088 = VECTOR ( 'NONE', #3073, 1000.000000000000000 ) ;
#2089 = DIRECTION ( 'NONE',  ( 0.0000000000000000000, 1.000000000000000000, -0.0000000000000000000 ) ) ;
#2090 = ADVANCED_FACE ( 'NONE', ( #2674 ), #1018, .F. ) ;
#2091 = CARTESIAN_POINT ( 'NONE',  ( 4.242640687119284800, 0.0000000000000000000, -4.242640687119284800 ) ) ;
#2092 = EDGE_CURVE ( 'NONE', #4124, #1604, #6387, .T. ) ;
#2093 = AXIS2_PLACEMENT_3D ( 'NONE', #4032, #276, #931 ) ;
#2094 = CARTESIAN_POINT ( 'NONE',  ( -3.113047079054827500, 3.480383882375759000E-016, -3.819090036748163700 ) ) ;
#2095 = CARTESIAN_POINT ( 'NONE',  ( -2.847265478254212800, 0.2499999999999993600, 3.962003905699284200 ) ) ;
#2096 = VECTOR ( 'NONE', #766, 1000.000000000000000 ) ;
#2097 = ORIENTED_EDGE ( 'NONE', *, *, #2502, .T. ) ;
#2098 = VECTOR ( 'NONE', #2320, 1000.000000000000000 ) ;
#2099 = DIRECTION ( 'NONE',  ( -1.000000000000000000, 0.0000000000000000000, 0.0000000000000000000 ) ) ;
#2100 = CARTESIAN_POINT ( 'NONE',  ( -3.745358649331324700, 0.0000000000000000000, 3.038251868144763000 ) ) ;
#2101 = EDGE_CURVE ( 'NONE', #5849, #2018, #1581, .T. ) ;
#2102 = VERTEX_POINT ( 'NONE', #1453 ) ;
#2103 = CARTESIAN_POINT ( 'NONE',  ( 3.842574226663950200, 0.3217020011855079600, -3.130470514038334900 ) ) ;
#2104 = ORIENTED_EDGE ( 'NONE', *, *, #2101, .T. ) ;
#2105 = ORIENTED_EDGE ( 'NONE', *, *, #1069, .F. ) ;
#2106 = ORIENTED_EDGE ( 'NONE', *, *, #3888, .F. ) ;
#2107 = AXIS2_PLACEMENT_3D ( 'NONE', #6850, #5018, #2480 ) ;
#2108 = EDGE_LOOP ( 'NONE', ( #4306, #3676, #2386, #3644 ) ) ;
#2109 = EDGE_LOOP ( 'NONE', ( #2015, #4513, #3805, #7765 ) ) ;
#2110 = EDGE_LOOP ( 'NONE', ( #2641, #7427, #8097, #6251 ) ) ;
#2111 = DIRECTION ( 'NONE',  ( 0.0000000000000000000, -1.000000000000000000, 0.0000000000000000000 ) ) ;
#2112 = CARTESIAN_POINT ( 'NONE',  ( -4.223712162953238400, 2.500000000000000000, 3.242819847682089800 ) ) ;
#2113 = EDGE_CURVE ( 'NONE', #4617, #3707, #4168, .T. ) ;
#2114 = ORIENTED_EDGE ( 'NONE', *, *, #6313, .F. ) ;
#2115 = ORIENTED_EDGE ( 'NONE', *, *, #1950, .T. ) ;
#2116 = DIRECTION ( 'NONE',  ( 1.000000000000000000, 1.668003342285397200E-016, -0.0000000000000000000 ) ) ;
#2117 = DIRECTION ( 'NONE',  ( -0.0000000000000000000, -1.000000000000000000, -0.0000000000000000000 ) ) ;
#2118 = ORIENTED_EDGE ( 'NONE', *, *, #3549, .F. ) ;
#2119 = ORIENTED_EDGE ( 'NONE', *, *, #7745, .T. ) ;
#2120 = CARTESIAN_POINT ( 'NONE',  ( -3.130470514038336200, 0.3217020011855077900, -3.842574226663948400 ) ) ;
#2121 = VERTEX_POINT ( 'NONE', #1426 ) ;
#2122 = EDGE_CURVE ( 'NONE', #5170, #2860, #3015, .T. ) ;
#2123 = DIRECTION ( 'NONE',  ( -0.01583271637848321400, -0.9997372496366935300, 0.01657578899896422500 ) ) ;
#2124 = CARTESIAN_POINT ( 'NONE',  ( 2.809512942779163000, 0.2500000000000000000, 3.516619723965725500 ) ) ;
#2125 = ORIENTED_EDGE ( 'NONE', *, *, #7397, .T. ) ;
#2126 = ORIENTED_EDGE ( 'NONE', *, *, #47, .T. ) ;
#2127 = EDGE_CURVE ( 'NONE', #3806, #1155, #7097, .T. ) ;
#2128 = EDGE_LOOP ( 'NONE', ( #58, #3123, #3467, #5561 ) ) ;
#2129 = EDGE_LOOP ( 'NONE', ( #3909, #5766, #492, #1788 ) ) ;
#2130 = PRODUCT_DEFINITION_FORMATION_WITH_SPECIFIED_SOURCE ( 'ANY', '', #376, .NOT_KNOWN. ) ;
#2131 = EDGE_LOOP ( 'NONE', ( #1430, #4522, #5752, #7615 ) ) ;
#2132 = DIRECTION ( 'NONE',  ( -0.0000000000000000000, -1.000000000000000000, -0.0000000000000000000 ) ) ;
#2133 = DIRECTION ( 'NONE',  ( -0.7071067811715988600, 0.7071067812014962800, 0.0000000000000000000 ) ) ;
#2134 = DIRECTION ( 'NONE',  ( 0.0000000000000000000, 0.0000000000000000000, -1.000000000000000000 ) ) ;
#2135 = ADVANCED_FACE ( 'NONE', ( #4279 ), #2158, .T. ) ;
#2136 = AXIS2_PLACEMENT_3D ( 'NONE', #2292, #4296, #1130 ) ;
#2137 = VERTEX_POINT ( 'NONE', #892 ) ;
#2138 = EDGE_CURVE ( 'NONE', #7248, #2516, #1117, .T. ) ;
#2139 = CARTESIAN_POINT ( 'NONE',  ( -3.358394252755277300, 3.591048996928864600, 3.961020385856843800 ) ) ;
#2140 = AXIS2_PLACEMENT_3D ( 'NONE', #5674, #661, #6230 ) ;
#2141 = DIRECTION ( 'NONE',  ( 0.0000000000000000000, 0.0000000000000000000, 1.000000000000000000 ) ) ;
#2142 = ORIENTED_EDGE ( 'NONE', *, *, #5010, .F. ) ;
#2143 = DIRECTION ( 'NONE',  ( 0.8571673007021084500, -8.454845150946368200E-017, -0.5150380749100610400 ) ) ;
#2144 = DIRECTION ( 'NONE',  ( 0.7231295001038959800, 3.491481338843133400E-015, 0.6907124771418926600 ) ) ;
#2145 =( NAMED_UNIT ( * ) SI_UNIT ( $, .STERADIAN. ) SOLID_ANGLE_UNIT ( ) );
#2146 = CARTESIAN_POINT ( 'NONE',  ( 2.253462233519240700, 0.7191252243511372400, 4.527032570061921400 ) ) ;
#2147 = FACE_OUTER_BOUND ( 'NONE', #6708, .T. ) ;
#2148 = CARTESIAN_POINT ( 'NONE',  ( -4.242640687119284800, 0.0000000000000000000, 4.242640687119285700 ) ) ;
#2149 = VECTOR ( 'NONE', #5343, 1000.000000000000000 ) ;
#2150 = EDGE_CURVE ( 'NONE', #969, #274, #78, .T. ) ;
#2151 = DIRECTION ( 'NONE',  ( 0.0000000000000000000, 0.0000000000000000000, -1.000000000000000000 ) ) ;
#2152 = VERTEX_POINT ( 'NONE', #7140 ) ;
#2153 = LINE ( 'NONE', #1042, #310 ) ;
#2154 = AXIS2_PLACEMENT_3D ( 'NONE', #393, #1552, #4748 ) ;
#2155 = FILL_AREA_STYLE ('',( #7805 ) ) ;
#2156 = CARTESIAN_POINT ( 'NONE',  ( 3.819090036748166800, 7.513858392632475500E-017, -3.113047079054825700 ) ) ;
#2157 = FACE_OUTER_BOUND ( 'NONE', #7808, .T. ) ;
#2158 = PLANE ( 'NONE',  #2642 ) ;
#2159 = ORIENTED_EDGE ( 'NONE', *, *, #5227, .F. ) ;
#2160 = CARTESIAN_POINT ( 'NONE',  ( -2.161531637692554900, 0.0000000000000000000, -4.374034365627315100 ) ) ;
#2161 = EDGE_CURVE ( 'NONE', #490, #6856, #3379, .T. ) ;
#2162 = VECTOR ( 'NONE', #933, 1000.000000000000100 ) ;
#2163 = FACE_OUTER_BOUND ( 'NONE', #883, .T. ) ;
#2164 = VECTOR ( 'NONE', #7795, 1000.000000000000000 ) ;
#2165 = EDGE_LOOP ( 'NONE', ( #7877, #4218, #6786, #7168 ) ) ;
#2166 = CARTESIAN_POINT ( 'NONE',  ( -3.022039096752198600, 0.2500000000000000000, 3.729145877938738500 ) ) ;
#2167 = CARTESIAN_POINT ( 'NONE',  ( 3.000000000000000000, 5.000000000000000000, -4.399502812818740300 ) ) ;
#2168 = LINE ( 'NONE', #4376, #7844 ) ;
#2169 = EDGE_LOOP ( 'NONE', ( #94, #1804, #3747, #4535 ) ) ;
#2170 = DIRECTION ( 'NONE',  ( 0.0000000000000000000, 1.000000000000000000, -0.0000000000000000000 ) ) ;
#2171 = VECTOR ( 'NONE', #7280, 1000.000000000000000 ) ;
#2172 = EDGE_CURVE ( 'NONE', #4059, #5169, #4476, .T. ) ;
#2173 = CARTESIAN_POINT ( 'NONE',  ( 0.0000000000000000000, 0.0000000000000000000, 5.099999999999997900 ) ) ;
#2174 = CYLINDRICAL_SURFACE ( 'NONE', #7986, 0.09999999999999982500 ) ;
#2175 = AXIS2_PLACEMENT_3D ( 'NONE', #6688, #7333, #3583 ) ;
#2176 = ORIENTED_EDGE ( 'NONE', *, *, #6348, .F. ) ;
#2177 = LINE ( 'NONE', #7073, #5328 ) ;
#2178 = CARTESIAN_POINT ( 'NONE',  ( 3.368376543254078200, 4.193111900177085800, -3.951485589396475500 ) ) ;
#2179 = DIRECTION ( 'NONE',  ( 1.000000000000000000, 0.0000000000000000000, 0.0000000000000000000 ) ) ;
#2180 = EDGE_CURVE ( 'NONE', #3806, #2226, #2314, .T. ) ;
#2181 = EDGE_LOOP ( 'NONE', ( #2701, #1154, #3350, #5630 ) ) ;
#2182 = FACE_OUTER_BOUND ( 'NONE', #845, .T. ) ;
#2183 = ORIENTED_EDGE ( 'NONE', *, *, #4302, .F. ) ;
#2184 = LINE ( 'NONE', #3473, #545 ) ;
#2185 = CARTESIAN_POINT ( 'NONE',  ( 0.0000000000000000000, 1.499999999999997300, -2.450000000000000200 ) ) ;
#2186 = DIRECTION ( 'NONE',  ( -0.6905309921875822900, 0.02292229676231621200, 0.7229394975650268500 ) ) ;
#2187 = CARTESIAN_POINT ( 'NONE',  ( 1.850000000000001000, 0.0000000000000000000, 4.049719055553578300 ) ) ;
#2188 = VERTEX_POINT ( 'NONE', #7779 ) ;
#2189 = DIRECTION ( 'NONE',  ( -0.0000000000000000000, -1.000000000000000000, -0.0000000000000000000 ) ) ;
#2190 = CARTESIAN_POINT ( 'NONE',  ( 2.161531637692523300, 0.2500000000000002800, -4.374034365627327500 ) ) ;
#2191 = LINE ( 'NONE', #405, #2295 ) ;
#2192 = B_SPLINE_CURVE_WITH_KNOTS ( 'NONE', 3,
 ( #719, #1951, #2603, #5116, #7643, #792 ),
 .UNSPECIFIED., .F., .F.,
 ( 4, 2, 4 ),
 ( 0.0000000000000000000, 0.5000000000000000000, 1.000000000000000000 ),
 .UNSPECIFIED. ) ;
#2193 = EDGE_LOOP ( 'NONE', ( #314, #4432, #1539, #39 ) ) ;
#2194 = FACE_OUTER_BOUND ( 'NONE', #5556, .T. ) ;
#2195 = CARTESIAN_POINT ( 'NONE',  ( -6.000000000000000000, -2.168404344971008900E-016, 0.5000000000000000000 ) ) ;
#2196 = CARTESIAN_POINT ( 'NONE',  ( 3.304379200189155400, -0.0000000000000000000, -3.459462740667449900 ) ) ;
#2197 = VECTOR ( 'NONE', #1326, 1000.000000000000000 ) ;
#2198 = ORIENTED_EDGE ( 'NONE', *, *, #4416, .F. ) ;
#2199 = ORIENTED_EDGE ( 'NONE', *, *, #269, .F. ) ;
#2200 = LINE ( 'NONE', #4187, #6510 ) ;
#2201 = DIRECTION ( 'NONE',  ( -0.5150380749100603700, 0.0000000000000000000, -0.8571673007021085600 ) ) ;
#2202 = DIRECTION ( 'NONE',  ( 0.7229394975650260700, -0.02292229676231420700, 0.6905309921875832900 ) ) ;
#2203 = EDGE_CURVE ( 'NONE', #5949, #7408, #813, .T. ) ;
#2204 = DIRECTION ( 'NONE',  ( 8.340016711426986100E-017, -1.000000000000000000, -0.0000000000000000000 ) ) ;
#2205 = VERTEX_POINT ( 'NONE', #2242 ) ;
#2206 = DIRECTION ( 'NONE',  ( 0.0000000000000000000, 0.0000000000000000000, -1.000000000000000000 ) ) ;
#2207 = DIRECTION ( 'NONE',  ( 8.340016711426986100E-017, -1.000000000000000000, 0.0000000000000000000 ) ) ;
#2208 = ORIENTED_EDGE ( 'NONE', *, *, #3338, .T. ) ;
#2209 = ORIENTED_EDGE ( 'NONE', *, *, #4752, .F. ) ;
#2210 = PRESENTATION_STYLE_ASSIGNMENT (( #781 ) ) ;
#2211 = CARTESIAN_POINT ( 'NONE',  ( -4.082212978245643800, 3.129497198328495200, 2.923930037893738700 ) ) ;
#2212 = CARTESIAN_POINT ( 'NONE',  ( 2.381731783404436300, 0.6973362886642217000, 4.740508950146185000 ) ) ;
#2213 = ORIENTED_EDGE ( 'NONE', *, *, #5951, .T. ) ;
#2214 = CARTESIAN_POINT ( 'NONE',  ( -2.847265478254243500, -1.626303258728256700E-016, -3.962003905699267700 ) ) ;
#2215 = EDGE_CURVE ( 'NONE', #6894, #1511, #3873, .T. ) ;
#2216 = DIRECTION ( 'NONE',  ( -0.0000000000000000000, 1.000000000000000000, -0.0000000000000000000 ) ) ;
#2217 = DIRECTION ( 'NONE',  ( 0.0000000000000000000, 0.0000000000000000000, 1.000000000000000000 ) ) ;
#2218 = ORIENTED_EDGE ( 'NONE', *, *, #8007, .T. ) ;
#2219 = VERTEX_POINT ( 'NONE', #4685 ) ;
#2220 = FACE_OUTER_BOUND ( 'NONE', #7911, .T. ) ;
#2221 = CARTESIAN_POINT ( 'NONE',  ( 1.850000000000001000, 0.2500000000000000000, 3.949719055553578200 ) ) ;
#2222 = AXIS2_PLACEMENT_3D ( 'NONE', #3920, #2034, #4639 ) ;
#2223 = ORIENTED_EDGE ( 'NONE', *, *, #7005, .T. ) ;
#2224 = VERTEX_POINT ( 'NONE', #2221 ) ;
#2225 = DIRECTION ( 'NONE',  ( 0.0000000000000000000, 0.0000000000000000000, 1.000000000000000000 ) ) ;
#2226 = VERTEX_POINT ( 'NONE', #6513 ) ;
#2227 = ORIENTED_EDGE ( 'NONE', *, *, #1942, .T. ) ;
#2228 = EDGE_CURVE ( 'NONE', #6123, #6933, #328, .T. ) ;
#2229 = CARTESIAN_POINT ( 'NONE',  ( 0.0000000000000000000, 5.000000000000000000, 0.0000000000000000000 ) ) ;
#2230 = CARTESIAN_POINT ( 'NONE',  ( -3.284200928263934400, 2.702328844871626900, -4.066978695959436500 ) ) ;
#2231 = CARTESIAN_POINT ( 'NONE',  ( -6.000000000000000000, 5.000000000000000000, 5.000000000000000000 ) ) ;
#2232 = VERTEX_POINT ( 'NONE', #4046 ) ;
#2233 = EDGE_CURVE ( 'NONE', #6351, #5795, #1394, .T. ) ;
#2234 = ORIENTED_EDGE ( 'NONE', *, *, #1253, .F. ) ;
#2235 = DIRECTION ( 'NONE',  ( -0.0000000000000000000, 0.0000000000000000000, 1.000000000000000000 ) ) ;
#2236 = DIRECTION ( 'NONE',  ( 0.0000000000000000000, 0.0000000000000000000, -1.000000000000000000 ) ) ;
#2237 = ADVANCED_FACE ( 'NONE', ( #7767 ), #429, .F. ) ;
#2238 = DIRECTION ( 'NONE',  ( -0.01583271637848232900, 0.9997372496366935300, 0.01657578899896328100 ) ) ;
#2239 = CARTESIAN_POINT ( 'NONE',  ( -4.091316040819109800, 4.170189603414794300, 3.260954597208887600 ) ) ;
#2240 =( NAMED_UNIT ( * ) PLANE_ANGLE_UNIT ( ) SI_UNIT ( $, .RADIAN. ) );
#2241 = CARTESIAN_POINT ( 'NONE',  ( 3.195698423968604800, 4.193111900177084000, -3.770703214370501000 ) ) ;
#2242 = CARTESIAN_POINT ( 'NONE',  ( 2.847265478254212400, 0.0000000000000000000, -3.962003905699284200 ) ) ;
#2243 = CARTESIAN_POINT ( 'NONE',  ( 2.897334221987271100, -13.80215859328339600, -4.055692109183181200 ) ) ;
#2244 = COLOUR_RGB ( '',0.7960784313725489700, 0.8235294117647058400, 0.9372549019607843100 ) ;
#2245 = B_SPLINE_CURVE_WITH_KNOTS ( 'NONE', 3,
 ( #2100, #974, #3431, #7727, #5350, #6480 ),
 .UNSPECIFIED., .F., .F.,
 ( 4, 2, 4 ),
 ( 0.0000000000000000000, 0.5000000000000000000, 1.000000000000000000 ),
 .UNSPECIFIED. ) ;
#2246 = CIRCLE ( 'NONE', #7583, 1.000000000000001800 ) ;
#2247 = AXIS2_PLACEMENT_3D ( 'NONE', #2212, #7241, #2853 ) ;
#2248 = DIRECTION ( 'NONE',  ( -0.0000000000000000000, 1.000000000000000000, -0.0000000000000000000 ) ) ;
#2249 = CARTESIAN_POINT ( 'NONE',  ( -3.052496758070522900, 0.3651377029009346100, 4.303566113834108400 ) ) ;
#2250 = CARTESIAN_POINT ( 'NONE',  ( -5.500000000000000000, 0.0000000000000000000, 2.449999999999999300 ) ) ;
#2251 = EDGE_LOOP ( 'NONE', ( #6338, #2889, #4311, #4002 ) ) ;
#2252 = CARTESIAN_POINT ( 'NONE',  ( -3.398528137423850300, 0.2500000000000000000, -2.550000000000001200 ) ) ;
#2253 = ADVANCED_FACE ( 'NONE', ( #6487 ), #7923, .F. ) ;
#2254 = LINE ( 'NONE', #3219, #610 ) ;
#2255 = DIRECTION ( 'NONE',  ( 0.0000000000000000000, 0.0000000000000000000, 1.000000000000000000 ) ) ;
#2256 = AXIS2_PLACEMENT_3D ( 'NONE', #5748, #1968, #6355 ) ;
#2257 = CARTESIAN_POINT ( 'NONE',  ( 3.803941088848795000, -4.053195729745902300E-016, 3.095770484169041200 ) ) ;
#2258 = ORIENTED_EDGE ( 'NONE', *, *, #822, .T. ) ;
#2259 = DIRECTION ( 'NONE',  ( 1.126788943615002400E-011, -1.126788943567357100E-011, 1.000000000000000000 ) ) ;
#2260 = CARTESIAN_POINT ( 'NONE',  ( -6.000000000000000000, 5.000000000000000000, -4.999999999999999100 ) ) ;
#2261 = VERTEX_POINT ( 'NONE', #2975 ) ;
#2262 = EDGE_CURVE ( 'NONE', #3707, #5455, #1204, .T. ) ;
#2263 = LINE ( 'NONE', #246, #8057 ) ;
#2264 = LINE ( 'NONE', #2339, #709 ) ;
#2265 = CARTESIAN_POINT ( 'NONE',  ( -6.010407640085648300, 0.2500000000000000000, -6.717514421272221100 ) ) ;
#2266 = CARTESIAN_POINT ( 'NONE',  ( 4.262132034355966300, -0.4999999999999989500, -2.450000000000001100 ) ) ;
#2267 = ORIENTED_EDGE ( 'NONE', *, *, #4324, .F. ) ;
#2268 = CARTESIAN_POINT ( 'NONE',  ( 3.067465623966092500, 0.6973362886642219300, -4.328478490218159000 ) ) ;
#2269 = FACE_OUTER_BOUND ( 'NONE', #4207, .T. ) ;
#2270 = VECTOR ( 'NONE', #3090, 1000.000000000000000 ) ;
#2271 = CARTESIAN_POINT ( 'NONE',  ( 2.939196074080926600, 0.7191252243511372400, 4.115002110133874100 ) ) ;
#2272 = EDGE_CURVE ( 'NONE', #2807, #3811, #6188, .T. ) ;
#2273 = ORIENTED_EDGE ( 'NONE', *, *, #1228, .T. ) ;
#2274 = LINE ( 'NONE', #63, #6390 ) ;
#2275 = ADVANCED_FACE ( 'NONE', ( #140 ), #7450, .T. ) ;
#2276 = CARTESIAN_POINT ( 'NONE',  ( -5.500000000000000000, -0.5000000000000002200, -0.5000000000000000000 ) ) ;
#2277 = CIRCLE ( 'NONE', #775, 0.5000000000000000000 ) ;
#2278 = AXIS2_PLACEMENT_3D ( 'NONE', #3418, #7893, #3437 ) ;
#2279 = LINE ( 'NONE', #7836, #7485 ) ;
#2280 = CARTESIAN_POINT ( 'NONE',  ( 6.031385485800714100E-016, -1.500000000000002400, 4.924999999999999800 ) ) ;
#2281 = DIRECTION ( 'NONE',  ( -0.7071067811865463500, 0.0000000000000000000, -0.7071067811865487900 ) ) ;
#2282 = VERTEX_POINT ( 'NONE', #8090 ) ;
#2283 = VECTOR ( 'NONE', #3736, 1000.000000000000000 ) ;
#2284 = CARTESIAN_POINT ( 'NONE',  ( -4.066978695959434700, 2.702328844871585200, 3.284200928263937100 ) ) ;
#2285 = CARTESIAN_POINT ( 'NONE',  ( 4.650000000000000400, 7.589415207398531000E-016, -0.5000000000000001100 ) ) ;
#2286 = EDGE_CURVE ( 'NONE', #7600, #2414, #4837, .T. ) ;
#2287 = CARTESIAN_POINT ( 'NONE',  ( -3.894300576673961300, 2.702328844871583900, 3.103418553237963500 ) ) ;
#2288 = ORIENTED_EDGE ( 'NONE', *, *, #1291, .T. ) ;
#2289 =( GEOMETRIC_REPRESENTATION_CONTEXT ( 3 ) GLOBAL_UNCERTAINTY_ASSIGNED_CONTEXT ( ( #3160 ) ) GLOBAL_UNIT_ASSIGNED_CONTEXT ( ( #307, #6069, #5004 ) ) REPRESENTATION_CONTEXT ( 'NONE', 'WORKASPACE' ) );
#2290 = VECTOR ( 'NONE', #1769, 1000.000000000000000 ) ;
#2291 = LINE ( 'NONE', #533, #3481 ) ;
#2292 = CARTESIAN_POINT ( 'NONE',  ( 5.750000000000000000, 0.5371092495122262700, 2.449999999999999300 ) ) ;
#2293 = AXIS2_PLACEMENT_3D ( 'NONE', #2934, #2170, #960 ) ;
#2294 = EDGE_CURVE ( 'NONE', #5457, #5654, #534, .T. ) ;
#2295 = VECTOR ( 'NONE', #3624, 1000.000000000000000 ) ;
#2296 = DIRECTION ( 'NONE',  ( -0.0000000000000000000, 1.000000000000000000, -0.0000000000000000000 ) ) ;
#2297 = EDGE_LOOP ( 'NONE', ( #6409, #6460, #2729, #1723 ) ) ;
#2298 = CARTESIAN_POINT ( 'NONE',  ( -3.534314575036434600, 0.2500000000000000000, 2.450000000014010300 ) ) ;
#2299 = FACE_OUTER_BOUND ( 'NONE', #1891, .T. ) ;
#2300 = ADVANCED_FACE ( 'NONE', ( #7857 ), #4977, .F. ) ;
#2301 = ORIENTED_EDGE ( 'NONE', *, *, #3024, .T. ) ;
#2302 = CARTESIAN_POINT ( 'NONE',  ( -3.038251868144763900, 0.1666666666666666900, -3.745358649331324200 ) ) ;
#2303 = DIRECTION ( 'NONE',  ( -0.6905309921875822900, 0.02292229676231581600, 0.7229394975650269600 ) ) ;
#2304 = ORIENTED_EDGE ( 'NONE', *, *, #5287, .F. ) ;
#2305 = ORIENTED_EDGE ( 'NONE', *, *, #6515, .F. ) ;
#2306 = CYLINDRICAL_SURFACE ( 'NONE', #4587, 4.925000000000000700 ) ;
#2307 = VERTEX_POINT ( 'NONE', #1763 ) ;
#2308 = EDGE_LOOP ( 'NONE', ( #432, #6859, #363, #5675 ) ) ;
#2309 = DIRECTION ( 'NONE',  ( -1.000000000000000000, 0.0000000000000000000, 0.0000000000000000000 ) ) ;
#2310 = EDGE_CURVE ( 'NONE', #3783, #5521, #6385, .T. ) ;
#2311 = ORIENTED_EDGE ( 'NONE', *, *, #5405, .T. ) ;
#2312 = ORIENTED_EDGE ( 'NONE', *, *, #2042, .F. ) ;
#2313 = DIRECTION ( 'NONE',  ( 0.6905309921875831800, 0.02292229676231449800, -0.7229394975650261800 ) ) ;
#2314 = LINE ( 'NONE', #1504, #3100 ) ;
#2315 = DIRECTION ( 'NONE',  ( 0.0000000000000000000, 0.0000000000000000000, -1.000000000000000000 ) ) ;
#2316 = VERTEX_POINT ( 'NONE', #2495 ) ;
#2317 = ORIENTED_EDGE ( 'NONE', *, *, #3434, .T. ) ;
#2318 = AXIS2_PLACEMENT_3D ( 'NONE', #5615, #6112, #524 ) ;
#2319 = ADVANCED_FACE ( 'NONE', ( #1017 ), #4422, .F. ) ;
#2320 = DIRECTION ( 'NONE',  ( 0.0000000000000000000, 0.0000000000000000000, 1.000000000000000000 ) ) ;
#2321 = VERTEX_POINT ( 'NONE', #6812 ) ;
#2322 = ORIENTED_EDGE ( 'NONE', *, *, #7548, .T. ) ;
#2323 = ORIENTED_EDGE ( 'NONE', *, *, #2823, .T. ) ;
#2324 = DIRECTION ( 'NONE',  ( 8.340016711426986100E-017, -1.000000000000000000, -0.0000000000000000000 ) ) ;
#2325 = EDGE_CURVE ( 'NONE', #7724, #6927, #1297, .T. ) ;
#2326 = DIRECTION ( 'NONE',  ( 0.8571673007021130000, -8.511960079772419000E-017, 0.5150380749100530500 ) ) ;
#2327 = CARTESIAN_POINT ( 'NONE',  ( 0.0000000000000000000, 0.0000000000000000000, 0.0000000000000000000 ) ) ;
#2328 = VERTEX_POINT ( 'NONE', #1875 ) ;
#2329 = ORIENTED_EDGE ( 'NONE', *, *, #4256, .F. ) ;
#2330 = ORIENTED_EDGE ( 'NONE', *, *, #4515, .T. ) ;
#2331 = EDGE_LOOP ( 'NONE', ( #4282, #4525, #4611, #5816 ) ) ;
#2332 = PLANE ( 'NONE',  #4466 ) ;
#2333 = EDGE_CURVE ( 'NONE', #6482, #2316, #4566, .T. ) ;
#2334 = CARTESIAN_POINT ( 'NONE',  ( -3.038251868144765200, 0.2500000000000000000, -3.745358649331325100 ) ) ;
#2335 = ORIENTED_EDGE ( 'NONE', *, *, #7841, .F. ) ;
#2336 = AXIS2_PLACEMENT_3D ( 'NONE', #620, #5064, #648 ) ;
#2337 = ADVANCED_FACE ( 'NONE', ( #1972 ), #3180, .T. ) ;
#2338 = EDGE_CURVE ( 'NONE', #5948, #6332, #4111, .T. ) ;
#2339 = CARTESIAN_POINT ( 'NONE',  ( 2.238493367623671100, 0.3869266385878519200, 4.502120193677870800 ) ) ;
#2340 = DIRECTION ( 'NONE',  ( 0.8571673007021086700, -0.0000000000000000000, -0.5150380749100602600 ) ) ;
#2341 = DIRECTION ( 'NONE',  ( 0.4994745683111422300, -0.6907124771418926600, -0.5229162739205087700 ) ) ;
#2342 = DIRECTION ( 'NONE',  ( 0.0000000000000000000, 0.0000000000000000000, 1.000000000000000000 ) ) ;
#2343 = ORIENTED_EDGE ( 'NONE', *, *, #1491, .F. ) ;
#2344 = VECTOR ( 'NONE', #7780, 1000.000000000000000 ) ;
#2345 = DIRECTION ( 'NONE',  ( 0.0000000000000000000, -1.000000000000000000, 0.0000000000000000000 ) ) ;
#2346 = CYLINDRICAL_SURFACE ( 'NONE', #675, 1.000000000000001800 ) ;
#2347 = DIRECTION ( 'NONE',  ( 0.0000000000000000000, 1.000000000000000000, 0.0000000000000000000 ) ) ;
#2348 = DIRECTION ( 'NONE',  ( 0.0000000000000000000, 1.000000000000000000, 0.0000000000000000000 ) ) ;
#2349 = FACE_OUTER_BOUND ( 'NONE', #4601, .T. ) ;
#2350 = ADVANCED_FACE ( 'NONE', ( #5994 ), #3830, .T. ) ;
#2351 = LINE ( 'NONE', #3815, #6180 ) ;
#2352 = EDGE_CURVE ( 'NONE', #3124, #3113, #4660, .T. ) ;
#2353 = AXIS2_PLACEMENT_3D ( 'NONE', #2913, #3557, #6068 ) ;
#2354 = DIRECTION ( 'NONE',  ( 0.0000000000000000000, 1.000000000000000000, 0.0000000000000000000 ) ) ;
#2355 = CARTESIAN_POINT ( 'NONE',  ( 4.650000000000000400, -0.4999999999999992800, -0.5000000000000001100 ) ) ;
#2356 = ORIENTED_EDGE ( 'NONE', *, *, #4841, .T. ) ;
#2357 = FACE_OUTER_BOUND ( 'NONE', #7313, .T. ) ;
#2358 = ORIENTED_EDGE ( 'NONE', *, *, #4224, .T. ) ;
#2359 = FACE_OUTER_BOUND ( 'NONE', #6373, .T. ) ;
#2360 = CARTESIAN_POINT ( 'NONE',  ( 0.0000000000000000000, 4.400000000000000400, -3.000000000000000000 ) ) ;
#2361 = VECTOR ( 'NONE', #905, 1000.000000000000100 ) ;
#2362 = CARTESIAN_POINT ( 'NONE',  ( 4.242640687119284800, 5.000000000000000000, -4.242640687119284800 ) ) ;
#2363 = CARTESIAN_POINT ( 'NONE',  ( -3.305486196285771300, 0.4000000000000010200, 4.011556637993668200 ) ) ;
#2364 = VERTEX_POINT ( 'NONE', #6895 ) ;
#2365 = EDGE_CURVE ( 'NONE', #3962, #4557, #5325, .T. ) ;
#2366 = ORIENTED_EDGE ( 'NONE', *, *, #4459, .F. ) ;
#2367 = CARTESIAN_POINT ( 'NONE',  ( 2.161531637692554400, 0.0000000000000000000, 4.374034365627314200 ) ) ;
#2368 = CIRCLE ( 'NONE', #5685, 0.5000000000000016700 ) ;
#2369 = ORIENTED_EDGE ( 'NONE', *, *, #4670, .T. ) ;
#2370 = VECTOR ( 'NONE', #4728, 1000.000000000000200 ) ;
#2371 = CARTESIAN_POINT ( 'NONE',  ( 3.996642290355193700, 0.1912053364946878800, -3.291769412734987500 ) ) ;
#2372 = FACE_OUTER_BOUND ( 'NONE', #2297, .T. ) ;
#2373 = CARTESIAN_POINT ( 'NONE',  ( 0.9500000000000005100, 0.0000000000000000000, 1.000000000000000000 ) ) ;
#2374 = AXIS2_PLACEMENT_3D ( 'NONE', #2646, #4594, #7122 ) ;
#2375 = DIRECTION ( 'NONE',  ( -1.000000000000000000, 0.0000000000000000000, 0.0000000000000000000 ) ) ;
#2376 = ADVANCED_FACE ( 'NONE', ( #2873 ), #7072, .F. ) ;
#2377 = ORIENTED_EDGE ( 'NONE', *, *, #6221, .T. ) ;
#2378 = VECTOR ( 'NONE', #2680, 1000.000000000000000 ) ;
#2379 = DIRECTION ( 'NONE',  ( -0.0000000000000000000, -1.000000000000000000, -0.0000000000000000000 ) ) ;
#2380 = VERTEX_POINT ( 'NONE', #1364 ) ;
#2381 = DIRECTION ( 'NONE',  ( 0.04488852596211266600, 0.9961946980917452100, 0.07470705275169993400 ) ) ;
#2382 = VECTOR ( 'NONE', #4886, 1000.000000000000000 ) ;
#2383 = EDGE_CURVE ( 'NONE', #6321, #8113, #7671, .T. ) ;
#2384 = VERTEX_POINT ( 'NONE', #1987 ) ;
#2385 = LINE ( 'NONE', #4544, #5818 ) ;
#2386 = ORIENTED_EDGE ( 'NONE', *, *, #7431, .F. ) ;
#2387 = DIRECTION ( 'NONE',  ( -0.0000000000000000000, 0.0000000000000000000, 1.000000000000000000 ) ) ;
#2388 = EDGE_CURVE ( 'NONE', #4796, #8003, #7472, .T. ) ;
#2389 = ORIENTED_EDGE ( 'NONE', *, *, #778, .F. ) ;
#2390 = VECTOR ( 'NONE', #7812, 1000.000000000000000 ) ;
#2391 = ORIENTED_EDGE ( 'NONE', *, *, #4288, .T. ) ;
#2392 = FACE_OUTER_BOUND ( 'NONE', #7451, .T. ) ;
#2393 = PLANE ( 'NONE',  #1726 ) ;
#2394 = CARTESIAN_POINT ( 'NONE',  ( 5.499999999999998200, -0.2499999999999988100, -2.450000000000001100 ) ) ;
#2395 = DIRECTION ( 'NONE',  ( -0.0000000000000000000, 1.000000000000000000, -0.0000000000000000000 ) ) ;
#2396 = CARTESIAN_POINT ( 'NONE',  ( -3.022039096752198200, 0.0000000000000000000, 3.729145877938738500 ) ) ;
#2397 = VECTOR ( 'NONE', #5594, 1000.000000000000100 ) ;
#2398 = ORIENTED_EDGE ( 'NONE', *, *, #1468, .T. ) ;
#2399 = ADVANCED_FACE ( 'NONE', ( #6093 ), #5836, .T. ) ;
#2401 = VERTEX_POINT ( 'NONE', #5345 ) ;
#2400 = PLANE ( 'NONE',  #2136 ) ;
#2402 = LINE ( 'NONE', #3381, #355 ) ;
#2403 = DIRECTION ( 'NONE',  ( 1.000000000000000000, 0.0000000000000000000, 0.0000000000000000000 ) ) ;
#2404 = DIRECTION ( 'NONE',  ( 0.0000000000000000000, 0.0000000000000000000, 1.000000000000000000 ) ) ;
#2405 = ORIENTED_EDGE ( 'NONE', *, *, #1643, .T. ) ;
#2406 = ORIENTED_EDGE ( 'NONE', *, *, #1080, .T. ) ;
#2407 = DIRECTION ( 'NONE',  ( -1.000000000000000000, 0.0000000000000000000, 0.0000000000000000000 ) ) ;
#2408 = CARTESIAN_POINT ( 'NONE',  ( 0.0000000000000000000, 0.0000000000000000000, 0.0000000000000000000 ) ) ;
#2409 = ORIENTED_EDGE ( 'NONE', *, *, #6443, .F. ) ;
#2410 = ORIENTED_EDGE ( 'NONE', *, *, #1701, .T. ) ;
#2412 = LINE ( 'NONE', #899, #6128 ) ;
#2411 = DIRECTION ( 'NONE',  ( -0.4994745683111421800, 0.7231295001038956500, -0.4770837260794882400 ) ) ;
#2413 = ORIENTED_EDGE ( 'NONE', *, *, #485, .T. ) ;
#2414 = VERTEX_POINT ( 'NONE', #1051 ) ;
#2415 = CARTESIAN_POINT ( 'NONE',  ( -4.242640687119284800, 0.0000000000000000000, 5.242640687119287400 ) ) ;
#2416 = ORIENTED_EDGE ( 'NONE', *, *, #359, .F. ) ;
#2417 = ORIENTED_EDGE ( 'NONE', *, *, #6815, .T. ) ;
#2418 = DIRECTION ( 'NONE',  ( -1.000000000000000000, 0.0000000000000000000, 0.0000000000000000000 ) ) ;
#2419 = ADVANCED_FACE ( 'NONE', ( #6977 ), #7966, .T. ) ;
#2420 = EDGE_CURVE ( 'NONE', #3515, #1797, #6768, .T. ) ;
#2421 = PLANE ( 'NONE',  #4158 ) ;
#2422 = DIRECTION ( 'NONE',  ( 0.0000000000000000000, 0.0000000000000000000, -1.000000000000000000 ) ) ;
#2423 = ORIENTED_EDGE ( 'NONE', *, *, #5968, .T. ) ;
#2424 = EDGE_LOOP ( 'NONE', ( #7747, #587, #324, #2428 ) ) ;
#2425 = EDGE_LOOP ( 'NONE', ( #875, #6697, #1075, #4115 ) ) ;
#2426 = EDGE_LOOP ( 'NONE', ( #6284, #4025, #868, #565 ) ) ;
#2427 = DIRECTION ( 'NONE',  ( 0.0000000000000000000, 0.0000000000000000000, -1.000000000000000000 ) ) ;
#2428 = ORIENTED_EDGE ( 'NONE', *, *, #7147, .T. ) ;
#2429 = DIRECTION ( 'NONE',  ( 0.0000000000000000000, 1.000000000000000000, 0.0000000000000000000 ) ) ;
#2430 = DIRECTION ( 'NONE',  ( -0.0000000000000000000, 1.000000000000000000, -0.0000000000000000000 ) ) ;
#2431 = VERTEX_POINT ( 'NONE', #3527 ) ;
#2432 = DIRECTION ( 'NONE',  ( 0.0000000000000000000, -1.000000000000000000, 0.0000000000000000000 ) ) ;
#2433 = EDGE_CURVE ( 'NONE', #8021, #7489, #4167, .T. ) ;
#2434 = CARTESIAN_POINT ( 'NONE',  ( 5.499999999999998200, -0.2499999999999988100, 2.449999999999999300 ) ) ;
#2435 = CARTESIAN_POINT ( 'NONE',  ( 3.304379200189155400, 0.2500000000000000000, -3.459462740667449900 ) ) ;
#2436 = DIRECTION ( 'NONE',  ( 0.0000000000000000000, 0.0000000000000000000, 1.000000000000000000 ) ) ;
#2437 = VERTEX_POINT ( 'NONE', #333 ) ;
#2438 = ORIENTED_EDGE ( 'NONE', *, *, #4369, .F. ) ;
#2439 = ADVANCED_FACE ( 'NONE', ( #920 ), #7189, .T. ) ;
#2440 = CARTESIAN_POINT ( 'NONE',  ( -2.672719032437970400, -0.4540103489807887900, -4.448151447774164600 ) ) ;
#2441 = EDGE_CURVE ( 'NONE', #5511, #2612, #3463, .T. ) ;
#2442 = DIRECTION ( 'NONE',  ( -0.7231295001038959800, -3.491481338843133000E-015, -0.6907124771418926600 ) ) ;
#2443 =( GEOMETRIC_REPRESENTATION_CONTEXT ( 3 ) GLOBAL_UNCERTAINTY_ASSIGNED_CONTEXT ( ( #3404 ) ) GLOBAL_UNIT_ASSIGNED_CONTEXT ( ( #5758, #773, #1386 ) ) REPRESENTATION_CONTEXT ( 'NONE', 'WORKASPACE' ) );
#2444 = VERTEX_POINT ( 'NONE', #4069 ) ;
#2445 = CIRCLE ( 'NONE', #7834, 0.4000000000000004100 ) ;
#2446 = CIRCLE ( 'NONE', #8117, 2.450000000000000200 ) ;
#2447 = CARTESIAN_POINT ( 'NONE',  ( -2.672719032437926400, -0.4540103489807862900, 4.448151447774188600 ) ) ;
#2448 = CARTESIAN_POINT ( 'NONE',  ( 6.000000000000000000, -0.4999999999999991700, -0.5000000000000001100 ) ) ;
#2449 = AXIS2_PLACEMENT_3D ( 'NONE', #3585, #6124, #2375 ) ;
#2450 = DIRECTION ( 'NONE',  ( 0.0000000000000000000, 0.0000000000000000000, -1.000000000000000000 ) ) ;
#2451 = ORIENTED_EDGE ( 'NONE', *, *, #3536, .T. ) ;
#2452 = FACE_OUTER_BOUND ( 'NONE', #949, .T. ) ;
#2453 = VECTOR ( 'NONE', #7135, 1000.000000000000100 ) ;
#2454 = DIRECTION ( 'NONE',  ( -0.7231295001038965400, 0.0000000000000000000, -0.6907124771418921000 ) ) ;
#2455 = ORIENTED_EDGE ( 'NONE', *, *, #7334, .F. ) ;
#2456 = DIRECTION ( 'NONE',  ( 0.01583271637848243700, -0.9997372496366935300, -0.01657578899896339200 ) ) ;
#2457 = EDGE_LOOP ( 'NONE', ( #1785, #4018, #2761, #1032 ) ) ;
#2458 = VECTOR ( 'NONE', #7903, 1000.000000000000000 ) ;
#2459 = CARTESIAN_POINT ( 'NONE',  ( -4.650000000000000400, -0.2500000000000000600, 2.449999999999999300 ) ) ;
#2460 = ADVANCED_FACE ( 'NONE', ( #6578 ), #7910, .F. ) ;
#2461 = EDGE_LOOP ( 'NONE', ( #774, #6183, #5448, #4097 ) ) ;
#2462 = CIRCLE ( 'NONE', #6027, 0.4999999999999997800 ) ;
#2463 = CARTESIAN_POINT ( 'NONE',  ( 3.959726526175094900, 3.163880643471967500, 2.997803731898120500 ) ) ;
#2464 = LINE ( 'NONE', #3122, #805 ) ;
#2465 = DIRECTION ( 'NONE',  ( -9.334688547309180300E-012, 0.0000000000000000000, -1.000000000000000000 ) ) ;
#2466 = ORIENTED_EDGE ( 'NONE', *, *, #2948, .T. ) ;
#2467 = VERTEX_POINT ( 'NONE', #306 ) ;
#2468 = VERTEX_POINT ( 'NONE', #5434 ) ;
#2469 = EDGE_CURVE ( 'NONE', #5271, #516, #4474, .T. ) ;
#2470 = LINE ( 'NONE', #6311, #810 ) ;
#2471 = VECTOR ( 'NONE', #2910, 1000.000000000000000 ) ;
#2472 = DIRECTION ( 'NONE',  ( 0.0000000000000000000, 0.0000000000000000000, -1.000000000000000000 ) ) ;
#2473 = VECTOR ( 'NONE', #7084, 1000.000000000000000 ) ;
#2474 = CARTESIAN_POINT ( 'NONE',  ( -3.951485589396468400, 4.193111900177109800, -3.368376543254082200 ) ) ;
#2475 = CARTESIAN_POINT ( 'NONE',  ( 3.104712412919693700, 3.129497198328494300, 4.254891097531134000 ) ) ;
#2476 = EDGE_LOOP ( 'NONE', ( #1640, #1229, #3719, #6420 ) ) ;
#2477 = FACE_OUTER_BOUND ( 'NONE', #3581, .T. ) ;
#2478 = CARTESIAN_POINT ( 'NONE',  ( 3.831917633101737500, 0.3606199873797595900, 3.131611045383202900 ) ) ;
#2479 = VERTEX_POINT ( 'NONE', #4098 ) ;
#2480 = DIRECTION ( 'NONE',  ( 0.7231295001038969800, 0.0000000000000000000, 0.6907124771418915500 ) ) ;
#2481 = LINE ( 'NONE', #4216, #821 ) ;
#2482 = VECTOR ( 'NONE', #5706, 1000.000000000000000 ) ;
#2483 = EDGE_CURVE ( 'NONE', #279, #7324, #4939, .T. ) ;
#2484 = CARTESIAN_POINT ( 'NONE',  ( -4.262132034355966300, -0.1000000000000001000, 2.449999999999999300 ) ) ;
#2485 = VECTOR ( 'NONE', #5784, 1000.000000000000100 ) ;
#2486 = DIRECTION ( 'NONE',  ( 1.000000000000000000, -5.353248226647175800E-015, 9.334980705100188300E-012 ) ) ;
#2487 = EDGE_LOOP ( 'NONE', ( #1439, #5755, #8104, #1687 ) ) ;
#2488 = CARTESIAN_POINT ( 'NONE',  ( 4.200000000000002000, -0.2499999999999989700, -2.450000000000001100 ) ) ;
#2489 = LINE ( 'NONE', #4537, #5641 ) ;
#2490 = AXIS2_PLACEMENT_3D ( 'NONE', #2711, #7041, #7622 ) ;
#2491 = DIRECTION ( 'NONE',  ( -0.8571673007021085600, 7.630142835676578500E-017, 0.5150380749100604800 ) ) ;
#2492 = VECTOR ( 'NONE', #4130, 1000.000000000000000 ) ;
#2493 = CARTESIAN_POINT ( 'NONE',  ( -3.801827423606675400, 0.2661659644585280800, 3.092591114224413600 ) ) ;
#2494 = EDGE_LOOP ( 'NONE', ( #7506, #5411, #4093, #3589 ) ) ;
#2495 = CARTESIAN_POINT ( 'NONE',  ( 3.327817459305218300, 0.0000000000000000000, -2.620710678118655800 ) ) ;
#2496 = EDGE_CURVE ( 'NONE', #3419, #2431, #3275, .T. ) ;
#2497 = VERTEX_POINT ( 'NONE', #4129 ) ;
#2498 = AXIS2_PLACEMENT_3D ( 'NONE', #3010, #3629, #6792 ) ;
#2499 = FACE_OUTER_BOUND ( 'NONE', #4310, .T. ) ;
#2500 = ORIENTED_EDGE ( 'NONE', *, *, #6059, .T. ) ;
#2501 = FACE_OUTER_BOUND ( 'NONE', #7299, .T. ) ;
#2502 = EDGE_CURVE ( 'NONE', #3498, #4019, #8067, .T. ) ;
#2503 = EDGE_LOOP ( 'NONE', ( #395, #2311, #3022, #3269 ) ) ;
#2504 = DIRECTION ( 'NONE',  ( -0.6907124771418926600, -3.491481338843132600E-015, 0.7231295001038958700 ) ) ;
#2505 = ADVANCED_FACE ( 'NONE', ( #5810 ), #5012, .F. ) ;
#2506 = PLANE ( 'NONE',  #1266 ) ;
#2507 = ORIENTED_EDGE ( 'NONE', *, *, #34, .F. ) ;
#2508 = ORIENTED_EDGE ( 'NONE', *, *, #1958, .T. ) ;
#2509 = DIRECTION ( 'NONE',  ( 0.7071067811865462400, 0.0000000000000000000, 0.7071067811865489100 ) ) ;
#2510 = LINE ( 'NONE', #2895, #2011 ) ;
#2511 = DIRECTION ( 'NONE',  ( -0.7231295001038967600, 3.491481338843133000E-015, -0.6907124771418916600 ) ) ;
#2512 = DIRECTION ( 'NONE',  ( -0.7231295001038968700, 3.491481338843133400E-015, -0.6907124771418917700 ) ) ;
#2513 = EDGE_CURVE ( 'NONE', #622, #1808, #3074, .T. ) ;
#2514 = VERTEX_POINT ( 'NONE', #6189 ) ;
#2515 = ORIENTED_EDGE ( 'NONE', *, *, #1894, .F. ) ;
#2516 = VERTEX_POINT ( 'NONE', #5639 ) ;
#2517 = DIRECTION ( 'NONE',  ( 0.7231295001038959800, 3.491481338843133400E-015, 0.6907124771418926600 ) ) ;
#2518 = CARTESIAN_POINT ( 'NONE',  ( -3.368376543254079100, 4.193111900177108000, 3.951485589396473800 ) ) ;
#2519 = VERTEX_POINT ( 'NONE', #1848 ) ;
#2520 = ORIENTED_EDGE ( 'NONE', *, *, #6797, .T. ) ;
#2521 = PLANE ( 'NONE',  #3416 ) ;
#2522 = DIRECTION ( 'NONE',  ( 0.0000000000000000000, 0.0000000000000000000, -1.000000000000000000 ) ) ;
#2523 = EDGE_CURVE ( 'NONE', #3384, #6711, #811, .T. ) ;
#2524 = AXIS2_PLACEMENT_3D ( 'NONE', #6006, #2309, #2255 ) ;
#2525 = ORIENTED_EDGE ( 'NONE', *, *, #1269, .T. ) ;
#2526 = ORIENTED_EDGE ( 'NONE', *, *, #684, .T. ) ;
#2527 = ORIENTED_EDGE ( 'NONE', *, *, #7575, .T. ) ;
#2528 = DIRECTION ( 'NONE',  ( 0.0000000000000000000, 1.000000000000000000, 0.0000000000000000000 ) ) ;
#2529 = APPLICATION_PROTOCOL_DEFINITION ( 'draft international standard', 'automotive_design', 1998, #4473 ) ;
#2530 = ADVANCED_FACE ( 'NONE', ( #2776 ), #4267, .F. ) ;
#2531 = PRODUCT_DEFINITION_SHAPE ( 'NONE', 'NONE',  #8131 ) ;
#2532 = VERTEX_POINT ( 'NONE', #6223 ) ;
#2533 = ORIENTED_EDGE ( 'NONE', *, *, #668, .T. ) ;
#2534 = ORIENTED_EDGE ( 'NONE', *, *, #7046, .T. ) ;
#2535 = ORIENTED_EDGE ( 'NONE', *, *, #7682, .T. ) ;
#2536 = ORIENTED_EDGE ( 'NONE', *, *, #2746, .T. ) ;
#2537 = CARTESIAN_POINT ( 'NONE',  ( -3.640380592212174400, -0.04393398281977555600, -2.450000000000000200 ) ) ;
#2538 = EDGE_CURVE ( 'NONE', #5259, #4803, #7580, .T. ) ;
#2539 = CARTESIAN_POINT ( 'NONE',  ( 3.877851111921483400, 0.04310923855607357000, 3.168643545554906900 ) ) ;
#2540 = PLANE ( 'NONE',  #3529 ) ;
#2541 = ORIENTED_EDGE ( 'NONE', *, *, #4060, .T. ) ;
#2542 = VERTEX_POINT ( 'NONE', #1168 ) ;
#2543 = DIRECTION ( 'NONE',  ( 1.000000000000000000, 0.0000000000000000000, 0.0000000000000000000 ) ) ;
#2544 = AXIS2_PLACEMENT_3D ( 'NONE', #4178, #6606, #6655 ) ;
#2545 = CARTESIAN_POINT ( 'NONE',  ( 3.104712412919693700, 3.129497198328494300, 4.254891097531134000 ) ) ;
#2546 = UNCERTAINTY_MEASURE_WITH_UNIT (LENGTH_MEASURE( 1.000000000000000100E-005 ), #6539, 'distance_accuracy_value', 'NONE');
#2547 = DIRECTION ( 'NONE',  ( 0.0000000000000000000, 1.000000000000000000, 0.0000000000000000000 ) ) ;
#2548 = EDGE_CURVE ( 'NONE', #4440, #1533, #7365, .T. ) ;
#2549 = ORIENTED_EDGE ( 'NONE', *, *, #3355, .F. ) ;
#2550 = CARTESIAN_POINT ( 'NONE',  ( -4.200000000000002000, -0.2500000000000000000, -0.5000000000000000000 ) ) ;
#2551 = ADVANCED_FACE ( 'NONE', ( #4743 ), #4255, .T. ) ;
#2552 = CARTESIAN_POINT ( 'NONE',  ( -3.856127629579424900, 0.4000000000000008500, 3.139880253173717300 ) ) ;
#2553 = CARTESIAN_POINT ( 'NONE',  ( 4.650000000000000400, -0.2499999999999989200, 2.449999999999999300 ) ) ;
#2554 = EDGE_CURVE ( 'NONE', #6526, #6233, #6295, .T. ) ;
#2555 = CIRCLE ( 'NONE', #1493, 0.1000000000000002600 ) ;
#2556 = LINE ( 'NONE', #2764, #7447 ) ;
#2557 = EDGE_CURVE ( 'NONE', #5100, #5373, #1866, .T. ) ;
#2558 = CARTESIAN_POINT ( 'NONE',  ( 0.0000000000000000000, 5.000000000000000000, 0.0000000000000000000 ) ) ;
#2559 = DIRECTION ( 'NONE',  ( 0.4994745683111419000, 0.6907124771418917700, -0.5229162739205103200 ) ) ;
#2560 = ORIENTED_EDGE ( 'NONE', *, *, #3960, .T. ) ;
#2561 = VECTOR ( 'NONE', #4119, 1000.000000000000100 ) ;
#2562 = DIRECTION ( 'NONE',  ( 1.000000000000000000, 0.0000000000000000000, -0.0000000000000000000 ) ) ;
#2563 = LINE ( 'NONE', #4378, #3539 ) ;
#2564 = AXIS2_PLACEMENT_3D ( 'NONE', #4804, #2326, #7942 ) ;
#2565 = CARTESIAN_POINT ( 'NONE',  ( 3.092591114224414500, 0.2661659644585281900, 3.801827423606680200 ) ) ;
#2566 = DIRECTION ( 'NONE',  ( 0.0000000000000000000, 1.000000000000000000, 0.0000000000000000000 ) ) ;
#2567 = VERTEX_POINT ( 'NONE', #8069 ) ;
#2568 = EDGE_CURVE ( 'NONE', #6511, #8120, #3957, .T. ) ;
#2569 = DIRECTION ( 'NONE',  ( 1.000000000000000000, 0.0000000000000000000, 0.0000000000000000000 ) ) ;
#2570 = LINE ( 'NONE', #5204, #713 ) ;
#2571 = CARTESIAN_POINT ( 'NONE',  ( -2.709629837789717200, 0.3651377029009355000, -4.509581343798109800 ) ) ;
#2572 = LINE ( 'NONE', #6833, #3360 ) ;
#2573 = CYLINDRICAL_SURFACE ( 'NONE', #5699, 0.5000000000000004400 ) ;
#2574 = DIRECTION ( 'NONE',  ( -1.000000000000000000, -0.0000000000000000000, -0.0000000000000000000 ) ) ;
#2575 = AXIS2_PLACEMENT_3D ( 'NONE', #5830, #200, #5803 ) ;
#2576 =( NAMED_UNIT ( * ) PLANE_ANGLE_UNIT ( ) SI_UNIT ( $, .RADIAN. ) );
#2577 = ORIENTED_EDGE ( 'NONE', *, *, #5308, .T. ) ;
#2578 = ORIENTED_EDGE ( 'NONE', *, *, #5227, .T. ) ;
#2579 = CARTESIAN_POINT ( 'NONE',  ( 0.0000000000000000000, 5.000000000000000000, 0.0000000000000000000 ) ) ;
#2580 = FILL_AREA_STYLE ('',( #5065 ) ) ;
#2581 = VECTOR ( 'NONE', #6159, 1000.000000000000100 ) ;
#2582 = LINE ( 'NONE', #7291, #4568 ) ;
#2583 = EDGE_CURVE ( 'NONE', #2152, #176, #3453, .T. ) ;
#2584 = ORIENTED_EDGE ( 'NONE', *, *, #5989, .F. ) ;
#2585 = CARTESIAN_POINT ( 'NONE',  ( -3.534314575036434600, -0.1500000000000000200, -2.450000000010277300 ) ) ;
#2586 = ORIENTED_EDGE ( 'NONE', *, *, #4085, .T. ) ;
#2587 = VECTOR ( 'NONE', #6247, 1000.000000000000200 ) ;
#2588 = VECTOR ( 'NONE', #5180, 1000.000000000000000 ) ;
#2589 = CARTESIAN_POINT ( 'NONE',  ( -6.717514421272220200, 0.2500000000000000000, 6.010407640085649200 ) ) ;
#2590 = ADVANCED_FACE ( 'NONE', ( #626 ), #228, .T. ) ;
#2591 = PLANE ( 'NONE',  #5763 ) ;
#2592 = AXIS2_PLACEMENT_3D ( 'NONE', #5586, #1801, #2472 ) ;
#2593 = DIRECTION ( 'NONE',  ( 0.0000000000000000000, 0.0000000000000000000, 1.000000000000000000 ) ) ;
#2594 = DIRECTION ( 'NONE',  ( -0.8571673007021122200, 8.511960079772363500E-017, -0.5150380749100543800 ) ) ;
#2595 = ORIENTED_EDGE ( 'NONE', *, *, #6276, .F. ) ;
#2596 = VECTOR ( 'NONE', #2387, 1000.000000000000000 ) ;
#2597 = EDGE_CURVE ( 'NONE', #876, #3376, #3264, .T. ) ;
#2598 = ORIENTED_EDGE ( 'NONE', *, *, #5338, .T. ) ;
#2599 = CIRCLE ( 'NONE', #891, 1.000000000000001800 ) ;
#2600 = CARTESIAN_POINT ( 'NONE',  ( -3.327817459305214300, 0.2500000000000000000, 2.620710678118654400 ) ) ;
#2601 = CARTESIAN_POINT ( 'NONE',  ( 0.0000000000000000000, 0.0000000000000000000, 0.0000000000000000000 ) ) ;
#2602 = AXIS2_PLACEMENT_3D ( 'NONE', #8066, #574, #3740 ) ;
#2603 = CARTESIAN_POINT ( 'NONE',  ( -3.119254674084821900, 0.3217020011855082900, 3.821364523832310000 ) ) ;
#2604 = VECTOR ( 'NONE', #6988, 1000.000000000000100 ) ;
#2605 = ORIENTED_EDGE ( 'NONE', *, *, #3241, .F. ) ;
#2606 = ORIENTED_EDGE ( 'NONE', *, *, #406, .F. ) ;
#2608 = SURFACE_STYLE_FILL_AREA ( #2155 ) ;
#2607 = CARTESIAN_POINT ( 'NONE',  ( 1.850000000000000100, 0.0000000000000000000, -4.049719055553643100 ) ) ;
#2609 = CARTESIAN_POINT ( 'NONE',  ( 3.260954597208886300, 4.170189603414773800, 4.091316040819109800 ) ) ;
#2610 = EDGE_CURVE ( 'NONE', #5413, #3310, #1762, .T. ) ;
#2611 = ORIENTED_EDGE ( 'NONE', *, *, #1316, .F. ) ;
#2612 = VERTEX_POINT ( 'NONE', #5526 ) ;
#2613 = AXIS2_PLACEMENT_3D ( 'NONE', #3077, #8116, #1869 ) ;
#2614 = EDGE_LOOP ( 'NONE', ( #3641, #2721, #6657, #2660 ) ) ;
#2615 = CARTESIAN_POINT ( 'NONE',  ( -3.358394252755277300, 3.591048996928864600, 3.961020385856843800 ) ) ;
#2616 = VERTEX_POINT ( 'NONE', #5614 ) ;
#2617 = VECTOR ( 'NONE', #2742, 1000.000000000000000 ) ;
#2618 = EDGE_CURVE ( 'NONE', #1023, #75, #5043, .T. ) ;
#2619 = ORIENTED_EDGE ( 'NONE', *, *, #2769, .T. ) ;
#2620 = DIRECTION ( 'NONE',  ( -0.0000000000000000000, 1.000000000000000000, -0.0000000000000000000 ) ) ;
#2621 = CARTESIAN_POINT ( 'NONE',  ( -4.399502812818740300, 4.400000000000000400, 3.000000000000000000 ) ) ;
#2622 = EDGE_LOOP ( 'NONE', ( #496, #6379, #1903, #2520 ) ) ;
#2623 = EDGE_LOOP ( 'NONE', ( #3554, #4882, #3329, #1251 ) ) ;
#2624 = ORIENTED_EDGE ( 'NONE', *, *, #3326, .T. ) ;
#2625 = CARTESIAN_POINT ( 'NONE',  ( -6.000000000000000000, 0.0000000000000000000, -6.000000000000000000 ) ) ;
#2626 = DIRECTION ( 'NONE',  ( 0.8571673007021124400, -0.0000000000000000000, 0.5150380749100538200 ) ) ;
#2627 = PLANE ( 'NONE',  #2993 ) ;
#2628 = CARTESIAN_POINT ( 'NONE',  ( 0.0000000000000000000, 0.0000000000000000000, -5.100000000000001400 ) ) ;
#2629 = ORIENTED_EDGE ( 'NONE', *, *, #3860, .F. ) ;
#2630 = ORIENTED_EDGE ( 'NONE', *, *, #6348, .T. ) ;
#2631 = ORIENTED_EDGE ( 'NONE', *, *, #7088, .F. ) ;
#2632 = DIRECTION ( 'NONE',  ( 0.0000000000000000000, 0.0000000000000000000, -1.000000000000000000 ) ) ;
#2633 = ORIENTED_EDGE ( 'NONE', *, *, #6864, .F. ) ;
#2634 =( NAMED_UNIT ( * ) SI_UNIT ( $, .STERADIAN. ) SOLID_ANGLE_UNIT ( ) );
#2635 = ADVANCED_FACE ( 'NONE', ( #428 ), #6476, .F. ) ;
#2636 = DIRECTION ( 'NONE',  ( -0.0000000000000000000, 1.000000000000000000, -0.0000000000000000000 ) ) ;
#2637 = EDGE_CURVE ( 'NONE', #5139, #2727, #5315, .T. ) ;
#2638 = ORIENTED_EDGE ( 'NONE', *, *, #4402, .T. ) ;
#2639 = PLANE ( 'NONE',  #5335 ) ;
#2640 = APPLICATION_PROTOCOL_DEFINITION ( 'draft international standard', 'automotive_design', 1998, #1264 ) ;
#2641 = ORIENTED_EDGE ( 'NONE', *, *, #1069, .T. ) ;
#2642 = AXIS2_PLACEMENT_3D ( 'NONE', #5388, #5357, #4079 ) ;
#2643 = DIRECTION ( 'NONE',  ( 1.668003342285397200E-016, -1.000000000000000000, -0.0000000000000000000 ) ) ;
#2644 = DIRECTION ( 'NONE',  ( 0.6907124771418916600, -1.554312234475218400E-015, -0.7231295001038968700 ) ) ;
#2645 = EDGE_CURVE ( 'NONE', #4440, #2773, #318, .T. ) ;
#2646 = CARTESIAN_POINT ( 'NONE',  ( -3.398528137423850300, 0.2500000000000000000, -2.550000000000001200 ) ) ;
#2647 = CARTESIAN_POINT ( 'NONE',  ( -4.156066017177984400, -0.2060660171779828100, 2.449999999999999300 ) ) ;
#2648 = LINE ( 'NONE', #7733, #6954 ) ;
#2649 = CARTESIAN_POINT ( 'NONE',  ( 3.856127629579426700, 0.4000000000000001900, -3.139880253173717800 ) ) ;
#2650 = LINE ( 'NONE', #1466, #512 ) ;
#2651 = DIRECTION ( 'NONE',  ( 0.0000000000000000000, 0.0000000000000000000, -1.000000000000000000 ) ) ;
#2652 = DIRECTION ( 'NONE',  ( 0.0000000000000000000, 1.000000000000000000, -0.0000000000000000000 ) ) ;
#2653 = DIRECTION ( 'NONE',  ( 0.0000000000000000000, 1.000000000000000000, -0.0000000000000000000 ) ) ;
#2654 = EDGE_CURVE ( 'NONE', #1724, #7715, #2069, .T. ) ;
#2655 = DIRECTION ( 'NONE',  ( 1.000000000000000000, 0.0000000000000000000, 0.0000000000000000000 ) ) ;
#2656 = AXIS2_PLACEMENT_3D ( 'NONE', #5468, #1165, #1635 ) ;
#2657 = VERTEX_POINT ( 'NONE', #1066 ) ;
#2658 = CIRCLE ( 'NONE', #699, 0.5000000000000016700 ) ;
#2659 = FACE_OUTER_BOUND ( 'NONE', #970, .T. ) ;
#2660 = ORIENTED_EDGE ( 'NONE', *, *, #7931, .T. ) ;
#2661 = EDGE_CURVE ( 'NONE', #3109, #776, #31, .T. ) ;
#2662 = EDGE_LOOP ( 'NONE', ( #7358, #6322, #7864, #282 ) ) ;
#2663 = CIRCLE ( 'NONE', #5519, 5.325000000000001100 ) ;
#2664 = FACE_OUTER_BOUND ( 'NONE', #3826, .T. ) ;
#2665 = CARTESIAN_POINT ( 'NONE',  ( 4.262132034355966300, -0.4999999999999990600, 2.449999999999999300 ) ) ;
#2666 = DIRECTION ( 'NONE',  ( 1.000000000000000000, 0.0000000000000000000, 3.633292013170003700E-011 ) ) ;
#2667 = LINE ( 'NONE', #7438, #2755 ) ;
#2668 = ITEM_DEFINED_TRANSFORMATION ( 'NONE', 'NONE', #5673,  #3038 ) ;
#2669 = ADVANCED_FACE ( 'NONE', ( #132 ), #2573, .T. ) ;
#2670 = ORIENTED_EDGE ( 'NONE', *, *, #1299, .T. ) ;
#2671 = LINE ( 'NONE', #2285, #4923 ) ;
#2672 = VECTOR ( 'NONE', #4629, 1000.000000000000100 ) ;
#2674 = FACE_OUTER_BOUND ( 'NONE', #4420, .T. ) ;
#2673 = PLANE ( 'NONE',  #6265 ) ;
#2675 = ORIENTED_EDGE ( 'NONE', *, *, #6608, .T. ) ;
#2676 = LINE ( 'NONE', #537, #4571 ) ;
#2677 = DIRECTION ( 'NONE',  ( 0.0000000000000000000, 0.0000000000000000000, 1.000000000000000000 ) ) ;
#2678 = CARTESIAN_POINT ( 'NONE',  ( 2.381731783404402900, 0.6973362886642219300, -4.740508950146201900 ) ) ;
#2679 = ORIENTED_EDGE ( 'NONE', *, *, #6902, .T. ) ;
#2680 = DIRECTION ( 'NONE',  ( -0.0000000000000000000, 1.000000000000000000, -0.0000000000000000000 ) ) ;
#2681 = LINE ( 'NONE', #1578, #7175 ) ;
#2682 = CARTESIAN_POINT ( 'NONE',  ( -2.918057294831143200, 0.0000000000000000000, -4.079821273546523100 ) ) ;
#2683 = VECTOR ( 'NONE', #1302, 1000.000000000000000 ) ;
#2684 = CIRCLE ( 'NONE', #4913, 0.5000000000000004400 ) ;
#2685 = CARTESIAN_POINT ( 'NONE',  ( 2.000000000000000000, 0.05000000000000000300, -2.500000000000000000 ) ) ;
#2686 = VERTEX_POINT ( 'NONE', #2334 ) ;
#2687 = LINE ( 'NONE', #4427, #2290 ) ;
#2688 = FACE_OUTER_BOUND ( 'NONE', #6574, .T. ) ;
#2689 = EDGE_CURVE ( 'NONE', #2003, #1400, #4829, .T. ) ;
#2690 = CARTESIAN_POINT ( 'NONE',  ( -3.534314575036434600, 0.2500000000000000000, -2.450000000010277300 ) ) ;
#2691 = DIRECTION ( 'NONE',  ( -0.4994745683111427900, 0.7231295001038953200, -0.4770837260794880100 ) ) ;
#2692 = ORIENTED_EDGE ( 'NONE', *, *, #2233, .T. ) ;
#2693 = CARTESIAN_POINT ( 'NONE',  ( -3.745358649331324700, 0.2500000000000000000, 3.038251868144763400 ) ) ;
#2694 = FACE_OUTER_BOUND ( 'NONE', #1705, .T. ) ;
#2695 = ORIENTED_EDGE ( 'NONE', *, *, #5736, .F. ) ;
#2696 = FACE_OUTER_BOUND ( 'NONE', #6203, .T. ) ;
#2697 = CARTESIAN_POINT ( 'NONE',  ( -5.750000000000000000, 0.0000000000000000000, 2.449999999999999300 ) ) ;
#2698 = DIRECTION ( 'NONE',  ( 0.04488852596211356100, 0.9961946980917452100, -0.07470705275169987900 ) ) ;
#2699 = DIRECTION ( 'NONE',  ( -0.5150380749100610400, 0.0000000000000000000, -0.8571673007021081100 ) ) ;
#2700 = EDGE_CURVE ( 'NONE', #4506, #3003, #5135, .T. ) ;
#2701 = ORIENTED_EDGE ( 'NONE', *, *, #984, .T. ) ;
#2702 = ORIENTED_EDGE ( 'NONE', *, *, #3876, .F. ) ;
#2703 = VECTOR ( 'NONE', #865, 1000.000000000000000 ) ;
#2704 = DIRECTION ( 'NONE',  ( -1.000000000000000000, 0.0000000000000000000, 0.0000000000000000000 ) ) ;
#2705 = CARTESIAN_POINT ( 'NONE',  ( -3.320662628199694000, 0.3999999999999998000, -4.028805748864897400 ) ) ;
#2706 = ORIENTED_EDGE ( 'NONE', *, *, #2469, .F. ) ;
#2707 = EDGE_LOOP ( 'NONE', ( #2988, #3816, #1265, #3139 ) ) ;
#2708 = ORIENTED_EDGE ( 'NONE', *, *, #7233, .T. ) ;
#2709 = CARTESIAN_POINT ( 'NONE',  ( 5.999999999999999100, 5.000000000000000000, 3.000000000000000000 ) ) ;
#2710 = ADVANCED_FACE ( 'NONE', ( #4653 ), #1124, .T. ) ;
#2711 = CARTESIAN_POINT ( 'NONE',  ( 0.0000000000000000000, 0.0000000000000000000, -1.000000000000000000 ) ) ;
#2712 = ORIENTED_EDGE ( 'NONE', *, *, #4, .T. ) ;
#2713 = ORIENTED_EDGE ( 'NONE', *, *, #881, .T. ) ;
#2714 = ORIENTED_EDGE ( 'NONE', *, *, #7628, .F. ) ;
#2715 = DIRECTION ( 'NONE',  ( -0.01657578899896361400, 0.9997372496366935300, -0.01583271637848265900 ) ) ;
#2716 = EDGE_CURVE ( 'NONE', #816, #5253, #1667, .T. ) ;
#2717 = ORIENTED_EDGE ( 'NONE', *, *, #4215, .T. ) ;
#2718 = CARTESIAN_POINT ( 'NONE',  ( -3.729145877938737600, 0.1666666666666665200, -3.022039096752199900 ) ) ;
#2719 = CARTESIAN_POINT ( 'NONE',  ( 5.999999999999999100, 4.400000000000000400, 0.0000000000000000000 ) ) ;
#2720 = AXIS2_PLACEMENT_3D ( 'NONE', #1896, #4346, #4460 ) ;
#2721 = ORIENTED_EDGE ( 'NONE', *, *, #2138, .T. ) ;
#2722 = VERTEX_POINT ( 'NONE', #1595 ) ;
#2723 = ORIENTED_EDGE ( 'NONE', *, *, #1262, .T. ) ;
#2724 = CARTESIAN_POINT ( 'NONE',  ( -6.000000000000000000, -0.5000000000000002200, -0.5000000000000000000 ) ) ;
#2725 = EDGE_CURVE ( 'NONE', #2616, #6605, #2974, .T. ) ;
#2726 = CARTESIAN_POINT ( 'NONE',  ( -2.161531637692522400, -8.131516293641283300E-016, 4.374034365627324000 ) ) ;
#2727 = VERTEX_POINT ( 'NONE', #2697 ) ;
#2728 = ORIENTED_EDGE ( 'NONE', *, *, #7222, .T. ) ;
#2729 = ORIENTED_EDGE ( 'NONE', *, *, #1247, .T. ) ;
#2730 = DIRECTION ( 'NONE',  ( -0.7071067812014962800, -0.7071067811715988600, 0.0000000000000000000 ) ) ;
#2731 = DIRECTION ( 'NONE',  ( 0.0000000000000000000, -1.000000000000000000, 0.0000000000000000000 ) ) ;
#2732 = CARTESIAN_POINT ( 'NONE',  ( -3.092591114224414500, 0.2661659644585283600, -3.801827423606674900 ) ) ;
#2733 = ORIENTED_EDGE ( 'NONE', *, *, #8111, .T. ) ;
#2734 = ORIENTED_EDGE ( 'NONE', *, *, #529, .F. ) ;
#2735 = EDGE_LOOP ( 'NONE', ( #7872, #5577, #3940, #2714 ) ) ;
#2736 = DIRECTION ( 'NONE',  ( -0.8571673007021085600, -0.0000000000000000000, 0.5150380749100604800 ) ) ;
#2737 = EDGE_CURVE ( 'NONE', #3384, #5733, #6872, .T. ) ;
#2738 = CARTESIAN_POINT ( 'NONE',  ( 0.9500000000000005100, 0.2500000000000000000, -6.299999999999998900 ) ) ;
#2739 = CARTESIAN_POINT ( 'NONE',  ( 5.999999999999999100, 0.0000000000000000000, 5.000000000000000000 ) ) ;
#2740 = CARTESIAN_POINT ( 'NONE',  ( -3.729145877938738100, 0.0000000000000000000, -3.022039096752199900 ) ) ;
#2741 = AXIS2_PLACEMENT_3D ( 'NONE', #647, #2465, #5662 ) ;
#2742 = DIRECTION ( 'NONE',  ( 1.000000000000000000, 0.0000000000000000000, 0.0000000000000000000 ) ) ;
#2743 = CARTESIAN_POINT ( 'NONE',  ( 4.027608712166940400, 0.2949861872786527200, -3.321806003186824600 ) ) ;
#2744 = ADVANCED_FACE ( 'NONE', ( #1573 ), #2084, .F. ) ;
#2745 = DIRECTION ( 'NONE',  ( -1.000000000000000000, 0.0000000000000000000, 0.0000000000000000000 ) ) ;
#2746 = EDGE_CURVE ( 'NONE', #2018, #1873, #5626, .T. ) ;
#2747 = FACE_OUTER_BOUND ( 'NONE', #1538, .T. ) ;
#2748 = VECTOR ( 'NONE', #7296, 1000.000000000000000 ) ;
#2749 = CARTESIAN_POINT ( 'NONE',  ( -3.000000000000000000, 4.400000000000000400, -4.399502812818740300 ) ) ;
#2750 = CARTESIAN_POINT ( 'NONE',  ( -4.242640687119284800, 0.0000000000000000000, 4.242640687119285700 ) ) ;
#2751 = AXIS2_PLACEMENT_3D ( 'NONE', #7572, #3249, #1995 ) ;
#2752 = ORIENTED_EDGE ( 'NONE', *, *, #7802, .T. ) ;
#2753 = VECTOR ( 'NONE', #903, 1000.000000000000100 ) ;
#2754 = ADVANCED_FACE ( 'NONE', ( #5226 ), #4138, .T. ) ;
#2755 = VECTOR ( 'NONE', #556, 1000.000000000000000 ) ;
#2756 = CARTESIAN_POINT ( 'NONE',  ( -3.949999999999999700, 0.2500000000000000000, 2.449999999999999300 ) ) ;
#2757 = CARTESIAN_POINT ( 'NONE',  ( -3.854930597962321400, 0.3606199873797612000, 3.141023623307764200 ) ) ;
#2758 = EDGE_CURVE ( 'NONE', #876, #2479, #2768, .T. ) ;
#2759 = CARTESIAN_POINT ( 'NONE',  ( -3.979289321885084900, -0.3828427124783567700, 2.449999999999999300 ) ) ;
#2760 = AXIS2_PLACEMENT_3D ( 'NONE', #7647, #4504, #7670 ) ;
#2761 = ORIENTED_EDGE ( 'NONE', *, *, #4175, .T. ) ;
#2762 = ORIENTED_EDGE ( 'NONE', *, *, #3041, .F. ) ;
#2763 = FACE_OUTER_BOUND ( 'NONE', #1622, .T. ) ;
#2764 = CARTESIAN_POINT ( 'NONE',  ( -5.499999999999998200, -0.2500000000000001700, 2.449999999999999300 ) ) ;
#2765 = EDGE_LOOP ( 'NONE', ( #396, #3236, #1429, #1831, #7180, #4200 ) ) ;
#2766 = CIRCLE ( 'NONE', #8033, 0.6500000000000000200 ) ;
#2767 = DIRECTION ( 'NONE',  ( 0.7071067811865462400, 0.0000000000000000000, 0.7071067811865489100 ) ) ;
#2768 = CIRCLE ( 'NONE', #7468, 0.5000000000000017800 ) ;
#2769 = EDGE_CURVE ( 'NONE', #479, #5457, #3548, .T. ) ;
#2770 = DIRECTION ( 'NONE',  ( -0.0000000000000000000, -1.000000000000000000, -0.0000000000000000000 ) ) ;
#2771 = CARTESIAN_POINT ( 'NONE',  ( -3.729145877938737600, 0.08333333333333325900, -3.022039096752199900 ) ) ;
#2772 = CARTESIAN_POINT ( 'NONE',  ( -5.500000000000000000, 0.0000000000000000000, 2.449999999999999300 ) ) ;
#2773 = VERTEX_POINT ( 'NONE', #6531 ) ;
#2774 = DIRECTION ( 'NONE',  ( 8.340016711426986100E-017, -1.000000000000000000, 0.0000000000000000000 ) ) ;
#2775 = ORIENTED_EDGE ( 'NONE', *, *, #4426, .T. ) ;
#2776 = FACE_OUTER_BOUND ( 'NONE', #740, .T. ) ;
#2777 = CIRCLE ( 'NONE', #3749, 0.1000000000000002600 ) ;
#2778 = CARTESIAN_POINT ( 'NONE',  ( 3.358394252755277300, 3.591048996928859300, -3.961020385856843800 ) ) ;
#2779 = CARTESIAN_POINT ( 'NONE',  ( -5.500000000000000000, 0.0000000000000000000, 0.5000000000000000000 ) ) ;
#2780 = ORIENTED_EDGE ( 'NONE', *, *, #5796, .T. ) ;
#2781 = CIRCLE ( 'NONE', #1449, 0.09999999999999982500 ) ;
#2782 = ORIENTED_EDGE ( 'NONE', *, *, #4128, .F. ) ;
#2783 = CARTESIAN_POINT ( 'NONE',  ( 1.750000000000001100, 0.0000000000000000000, 5.099999999999997900 ) ) ;
#2784 = DIRECTION ( 'NONE',  ( -0.6905309921875822900, 0.02292229676231581600, 0.7229394975650269600 ) ) ;
#2785 = LINE ( 'NONE', #2719, #3972 ) ;
#2786 = LINE ( 'NONE', #3975, #6394 ) ;
#2787 = CARTESIAN_POINT ( 'NONE',  ( -6.000000000000000000, 5.000000000000000000, -3.000000000000000000 ) ) ;
#2788 = CARTESIAN_POINT ( 'NONE',  ( 6.000000000000000000, -0.4999999999999991700, 0.5000000000000001100 ) ) ;
#2789 = EDGE_CURVE ( 'NONE', #4699, #6340, #6570, .T. ) ;
#2790 = EDGE_LOOP ( 'NONE', ( #1146, #440, #612, #6126 ) ) ;
#2791 = PLANE ( 'NONE',  #2838 ) ;
#2792 = CARTESIAN_POINT ( 'NONE',  ( 0.0000000000000000000, 5.000000000000000000, 0.0000000000000000000 ) ) ;
#2793 = LINE ( 'NONE', #1683, #6690 ) ;
#2794 = VERTEX_POINT ( 'NONE', #6467 ) ;
#2795 = LINE ( 'NONE', #2230, #3385 ) ;
#2796 = PRODUCT_DEFINITION_CONTEXT ( 'detailed design', #3803, 'design' ) ;
#2797 = AXIS2_PLACEMENT_3D ( 'NONE', #1410, #3945, #5828 ) ;
#2798 = DIRECTION ( 'NONE',  ( 0.6907124771418921000, 0.0000000000000000000, -0.7231295001038965400 ) ) ;
#2799 = DIRECTION ( 'NONE',  ( 0.0000000000000000000, 0.0000000000000000000, 1.000000000000000000 ) ) ;
#2800 = DIRECTION ( 'NONE',  ( -1.000000000000000000, 0.0000000000000000000, 0.0000000000000000000 ) ) ;
#2801 = LINE ( 'NONE', #6356, #261 ) ;
#2802 = EDGE_CURVE ( 'NONE', #6233, #152, #5428, .T. ) ;
#2803 = ORIENTED_EDGE ( 'NONE', *, *, #5567, .T. ) ;
#2804 = CARTESIAN_POINT ( 'NONE',  ( 3.545943492021569600, -13.82508089004571200, 3.792951838837770300 ) ) ;
#2805 = FACE_OUTER_BOUND ( 'NONE', #3305, .T. ) ;
#2806 = ADVANCED_FACE ( 'NONE', ( #3758 ), #7104, .T. ) ;
#2807 = VERTEX_POINT ( 'NONE', #3345 ) ;
#2808 = ORIENTED_EDGE ( 'NONE', *, *, #3600, .T. ) ;
#2809 = CARTESIAN_POINT ( 'NONE',  ( -2.381731783404436700, 0.6973362886642218200, -4.740508950146189400 ) ) ;
#2810 = AXIS2_PLACEMENT_3D ( 'NONE', #7327, #1176, #2427 ) ;
#2811 = ORIENTED_EDGE ( 'NONE', *, *, #7255, .F. ) ;
#2812 = VERTEX_POINT ( 'NONE', #5339 ) ;
#2813 = LINE ( 'NONE', #4023, #5939 ) ;
#2814 = DIRECTION ( 'NONE',  ( 0.8571673007021124400, -0.0000000000000000000, 0.5150380749100538200 ) ) ;
#2815 = EDGE_CURVE ( 'NONE', #6542, #5077, #913, .T. ) ;
#2816 = ORIENTED_EDGE ( 'NONE', *, *, #460, .F. ) ;
#2817 = DIRECTION ( 'NONE',  ( 0.0000000000000000000, 0.0000000000000000000, -1.000000000000000000 ) ) ;
#2818 = DIRECTION ( 'NONE',  ( 0.0000000000000000000, -1.000000000000000000, 0.0000000000000000000 ) ) ;
#2819 = EDGE_LOOP ( 'NONE', ( #3188, #2515, #1777, #6672 ) ) ;
#2820 = ORIENTED_EDGE ( 'NONE', *, *, #2548, .T. ) ;
#2821 = SURFACE_STYLE_USAGE ( .BOTH. , #6550 ) ;
#2822 = VERTEX_POINT ( 'NONE', #854 ) ;
#2823 = EDGE_CURVE ( 'NONE', #5511, #455, #1110, .T. ) ;
#2824 = PLANE ( 'NONE',  #5384 ) ;
#2825 = DIRECTION ( 'NONE',  ( 0.0000000000000000000, 0.0000000000000000000, -1.000000000000000000 ) ) ;
#2826 = DIRECTION ( 'NONE',  ( 0.0000000000000000000, 0.0000000000000000000, -1.000000000000000000 ) ) ;
#2827 = EDGE_LOOP ( 'NONE', ( #6391, #2312, #2118, #4729 ) ) ;
#2828 = VERTEX_POINT ( 'NONE', #4646 ) ;
#2829 = ORIENTED_EDGE ( 'NONE', *, *, #3277, .T. ) ;
#2830 = CARTESIAN_POINT ( 'NONE',  ( -4.650000000000000400, -1.084202172485504400E-016, -0.5000000000000001100 ) ) ;
#2831 = CARTESIAN_POINT ( 'NONE',  ( -3.000000000000000000, 4.400000000000000400, 0.0000000000000000000 ) ) ;
#2832 = DIRECTION ( 'NONE',  ( 0.0000000000000000000, 0.0000000000000000000, -1.000000000000000000 ) ) ;
#2833 = EDGE_LOOP ( 'NONE', ( #7952, #8128 ) ) ;
#2834 = ORIENTED_EDGE ( 'NONE', *, *, #1363, .T. ) ;
#2835 = CARTESIAN_POINT ( 'NONE',  ( 2.161531637692523300, 0.2500000000000002800, -4.374034365627327500 ) ) ;
#2836 = DIRECTION ( 'NONE',  ( 1.000000000000000000, 0.0000000000000000000, 0.0000000000000000000 ) ) ;
#2837 = B_SPLINE_CURVE_WITH_KNOTS ( 'NONE', 3,
 ( #2363, #6199, #1198, #3668, #604, #2396 ),
 .UNSPECIFIED., .F., .F.,
 ( 4, 2, 4 ),
 ( 0.0000000000000000000, 0.5000000000000000000, 1.000000000000000000 ),
 .UNSPECIFIED. ) ;
#2838 = AXIS2_PLACEMENT_3D ( 'NONE', #7065, #7959, #2935 ) ;
#2839 = CARTESIAN_POINT ( 'NONE',  ( 2.000000000000000000, 0.05000000000000000300, -3.149999999999999900 ) ) ;
#2840 = DIRECTION ( 'NONE',  ( 0.0000000000000000000, 0.0000000000000000000, -1.000000000000000000 ) ) ;
#2841 = DIRECTION ( 'NONE',  ( -1.000000000000000000, 0.0000000000000000000, 0.0000000000000000000 ) ) ;
#2842 = ADVANCED_FACE ( 'NONE', ( #1482 ), #5310, .F. ) ;
#2843 = DIRECTION ( 'NONE',  ( 0.0000000000000000000, 0.0000000000000000000, -1.000000000000000000 ) ) ;
#2844 = PLANE ( 'NONE',  #1295 ) ;
#2845 = CARTESIAN_POINT ( 'NONE',  ( 4.012700012980798400, 0.2949861872786493400, 3.304289159587819700 ) ) ;
#2846 = DIRECTION ( 'NONE',  ( 0.0000000000000000000, 0.0000000000000000000, 1.000000000000000000 ) ) ;
#2847 = LINE ( 'NONE', #7281, #3247 ) ;
#2848 = CARTESIAN_POINT ( 'NONE',  ( -3.067465623966124400, 0.6973362886642218200, -4.328478490218139500 ) ) ;
#2849 = FACE_OUTER_BOUND ( 'NONE', #7619, .T. ) ;
#2850 = EDGE_CURVE ( 'NONE', #4499, #8003, #6965, .T. ) ;
#2851 = DIRECTION ( 'NONE',  ( 1.000000000000000000, 8.031127203596331800E-017, 0.0000000000000000000 ) ) ;
#2852 = DIRECTION ( 'NONE',  ( -0.4994745683111426700, -0.7231295001038960900, -0.4770837260794870100 ) ) ;
#2853 = DIRECTION ( 'NONE',  ( 0.0000000000000000000, 0.07478243328826628100, -0.9971998734814830900 ) ) ;
#2854 = ORIENTED_EDGE ( 'NONE', *, *, #5195, .T. ) ;
#2855 = CIRCLE ( 'NONE', #7714, 0.4000000000000001900 ) ;
#2856 = AXIS2_PLACEMENT_3D ( 'NONE', #309, #5915, #2151 ) ;
#2857 = CARTESIAN_POINT ( 'NONE',  ( 4.242640687119284800, 0.0000000000000000000, -4.242640687119284800 ) ) ;
#2858 = DIRECTION ( 'NONE',  ( -0.6907124771418919900, 3.491481338843133400E-015, 0.7231295001038965400 ) ) ;
#2859 = LINE ( 'NONE', #7852, #4347 ) ;
#2860 = VERTEX_POINT ( 'NONE', #1463 ) ;
#2861 = DIRECTION ( 'NONE',  ( -1.000000000000000000, -0.0000000000000000000, -0.0000000000000000000 ) ) ;
#2862 = DIRECTION ( 'NONE',  ( -0.0000000000000000000, 1.000000000000000000, -0.0000000000000000000 ) ) ;
#2863 = EDGE_CURVE ( 'NONE', #755, #2137, #7960, .T. ) ;
#2864 = VECTOR ( 'NONE', #7264, 1000.000000000000000 ) ;
#2865 = VECTOR ( 'NONE', #7019, 1000.000000000000300 ) ;
#2866 = LINE ( 'NONE', #7411, #7751 ) ;
#2867 = CARTESIAN_POINT ( 'NONE',  ( 3.305486196285772200, 0.4000000000000010200, -4.011556637993668200 ) ) ;
#2868 = CARTESIAN_POINT ( 'NONE',  ( -3.067465623966124400, 0.6973362886642218200, -4.328478490218139500 ) ) ;
#2869 = AXIS2_PLACEMENT_3D ( 'NONE', #2268, #2971, #7972 ) ;
#2870 = CARTESIAN_POINT ( 'NONE',  ( 1.850000000000001000, 0.0000000000000000000, 4.049719055553578300 ) ) ;
#2871 = EDGE_LOOP ( 'NONE', ( #2638, #2267, #1706, #2119 ) ) ;
#2872 = CIRCLE ( 'NONE', #3680, 1.000000000000000000 ) ;
#2873 = FACE_OUTER_BOUND ( 'NONE', #4701, .T. ) ;
#2874 = EDGE_CURVE ( 'NONE', #5560, #2380, #5895, .T. ) ;
#2875 = LINE ( 'NONE', #7492, #141 ) ;
#2876 = AXIS2_PLACEMENT_3D ( 'NONE', #5801, #6362, #2632 ) ;
#2877 = ORIENTED_EDGE ( 'NONE', *, *, #1861, .T. ) ;
#2878 = CYLINDRICAL_SURFACE ( 'NONE', #7650, 0.09999999999999982500 ) ;
#2879 = CARTESIAN_POINT ( 'NONE',  ( -0.9499999999999988500, 0.0000000000000000000, 1.000000000000000000 ) ) ;
#2880 = ORIENTED_EDGE ( 'NONE', *, *, #2645, .F. ) ;
#2881 = CARTESIAN_POINT ( 'NONE',  ( 0.9500000000000005100, 0.0000000000000000000, -6.299999999999998900 ) ) ;
#2882 = VECTOR ( 'NONE', #7246, 1000.000000000000000 ) ;
#2883 = DIRECTION ( 'NONE',  ( 0.0000000000000000000, 1.000000000000000000, -0.0000000000000000000 ) ) ;
#2884 = VECTOR ( 'NONE', #144, 1000.000000000000000 ) ;
#2885 = EDGE_CURVE ( 'NONE', #7820, #2437, #4052, .T. ) ;
#2886 =( NAMED_UNIT ( * ) SI_UNIT ( $, .STERADIAN. ) SOLID_ANGLE_UNIT ( ) );
#2887 = VERTEX_POINT ( 'NONE', #2709 ) ;
#2888 = LINE ( 'NONE', #4581, #2485 ) ;
#2889 = ORIENTED_EDGE ( 'NONE', *, *, #7344, .T. ) ;
#2890 = CARTESIAN_POINT ( 'NONE',  ( 5.499999999999998200, -0.2499999999999988100, -2.450000000000001100 ) ) ;
#2891 = FACE_OUTER_BOUND ( 'NONE', #3, .T. ) ;
#2892 = B_SPLINE_CURVE_WITH_KNOTS ( 'NONE', 3,
 ( #7345, #4844, #8042, #1776, #1095, #1806 ),
 .UNSPECIFIED., .F., .F.,
 ( 4, 2, 4 ),
 ( 0.0000000000000000000, 0.5000000000000000000, 1.000000000000000000 ),
 .UNSPECIFIED. ) ;
#2893 = CARTESIAN_POINT ( 'NONE',  ( -3.951485589396468400, 4.193111900177109800, -3.368376543254082200 ) ) ;
#2894 = CIRCLE ( 'NONE', #5069, 0.5000000000000000000 ) ;
#2895 = CARTESIAN_POINT ( 'NONE',  ( -2.653085534590168900, 0.0000000000000000000, 3.638834209575235500 ) ) ;
#2896 = VECTOR ( 'NONE', #6764, 1000.000000000000100 ) ;
#2897 = ORIENTED_EDGE ( 'NONE', *, *, #7564, .T. ) ;
#2898 = VECTOR ( 'NONE', #6831, 1000.000000000000000 ) ;
#2899 = CARTESIAN_POINT ( 'NONE',  ( -3.247541016053674400, 2.802315893420016300, 3.721184663135369800 ) ) ;
#2900 = DIRECTION ( 'NONE',  ( 0.6907124771418926600, 3.524958103184872000E-015, -0.7231295001038959800 ) ) ;
#2901 = EDGE_CURVE ( 'NONE', #4108, #1010, #6086, .T. ) ;
#2902 = CARTESIAN_POINT ( 'NONE',  ( -3.000000000000000000, 4.400000000000000400, 6.000000000000000000 ) ) ;
#2903 = VERTEX_POINT ( 'NONE', #5290 ) ;
#2904 = ORIENTED_EDGE ( 'NONE', *, *, #4092, .T. ) ;
#2905 = CARTESIAN_POINT ( 'NONE',  ( 3.046326844716307200, 0.2282110643130845500, -4.293297653630805400 ) ) ;
#2906 = AXIS2_PLACEMENT_3D ( 'NONE', #1824, #1371, #6904 ) ;
#2907 = ORIENTED_EDGE ( 'NONE', *, *, #3656, .F. ) ;
#2908 = ADVANCED_FACE ( 'NONE', ( #5719 ), #2824, .F. ) ;
#2909 = ORIENTED_EDGE ( 'NONE', *, *, #6026, .F. ) ;
#2910 = DIRECTION ( 'NONE',  ( -0.0000000000000000000, 1.000000000000000000, -0.0000000000000000000 ) ) ;
#2911 = VECTOR ( 'NONE', #4761, 1000.000000000000200 ) ;
#2912 = DIRECTION ( 'NONE',  ( 0.0000000000000000000, -0.0000000000000000000, 1.000000000000000000 ) ) ;
#2913 = CARTESIAN_POINT ( 'NONE',  ( 3.170481851183574000, 3.163880643471964800, -4.140508901201089400 ) ) ;
#2914 = ORIENTED_EDGE ( 'NONE', *, *, #4076, .F. ) ;
#2915 = ORIENTED_EDGE ( 'NONE', *, *, #1934, .T. ) ;
#2916 = EDGE_CURVE ( 'NONE', #1832, #7295, #5518, .T. ) ;
#2917 = DIRECTION ( 'NONE',  ( -0.0000000000000000000, -0.0000000000000000000, -1.000000000000000000 ) ) ;
#2918 = CARTESIAN_POINT ( 'NONE',  ( -5.499999999999998200, -0.2500000000000001700, 2.449999999999999300 ) ) ;
#2919 = ORIENTED_EDGE ( 'NONE', *, *, #3118, .T. ) ;
#2920 = ORIENTED_EDGE ( 'NONE', *, *, #6643, .T. ) ;
#2921 = VERTEX_POINT ( 'NONE', #4716 ) ;
#2922 = DIRECTION ( 'NONE',  ( 0.0000000000000000000, 0.0000000000000000000, 1.000000000000000000 ) ) ;
#2923 = AXIS2_PLACEMENT_3D ( 'NONE', #1954, #6365, #4628 ) ;
#2924 = VERTEX_POINT ( 'NONE', #7741 ) ;
#2925 = CARTESIAN_POINT ( 'NONE',  ( -3.000000000000000000, 5.000000000000000000, -6.000000000000000000 ) ) ;
#2926 = ORIENTED_EDGE ( 'NONE', *, *, #1373, .F. ) ;
#2927 = ORIENTED_EDGE ( 'NONE', *, *, #4450, .T. ) ;
#2928 = EDGE_CURVE ( 'NONE', #73, #163, #7161, .T. ) ;
#2929 = DIRECTION ( 'NONE',  ( -1.000000000000000000, 0.0000000000000000000, 0.0000000000000000000 ) ) ;
#2930 = AXIS2_PLACEMENT_3D ( 'NONE', #2021, #1282, #185 ) ;
#2931 = DIRECTION ( 'NONE',  ( 0.0000000000000000000, 0.0000000000000000000, -1.000000000000000000 ) ) ;
#2932 = ADVANCED_FACE ( 'NONE', ( #528 ), #4642, .F. ) ;
#2933 = PLANE ( 'NONE',  #6444 ) ;
#2934 = CARTESIAN_POINT ( 'NONE',  ( 3.398528137423872900, 0.2500000000000000000, -2.550000000000001200 ) ) ;
#2935 = DIRECTION ( 'NONE',  ( 0.0000000000000000000, -0.0000000000000000000, -1.000000000000000000 ) ) ;
#2936 = ORIENTED_EDGE ( 'NONE', *, *, #1344, .F. ) ;
#2937 = ORIENTED_EDGE ( 'NONE', *, *, #5529, .T. ) ;
#2938 = EDGE_CURVE ( 'NONE', #1438, #2384, #4247, .T. ) ;
#2939 = EDGE_LOOP ( 'NONE', ( #72, #6415, #2323, #5370 ) ) ;
#2940 = CARTESIAN_POINT ( 'NONE',  ( 4.999999999999999100, 5.000000000000000000, 5.000000000000000000 ) ) ;
#2941 = ORIENTED_EDGE ( 'NONE', *, *, #4288, .F. ) ;
#2942 = DIRECTION ( 'NONE',  ( 0.0000000000000000000, 1.000000000000000000, 0.0000000000000000000 ) ) ;
#2943 = CARTESIAN_POINT ( 'NONE',  ( 4.650000000000000400, -0.4999999999999992800, -0.5000000000000001100 ) ) ;
#2944 = CARTESIAN_POINT ( 'NONE',  ( -2.450000000000000200, 1.499999999999997300, 0.0000000000000000000 ) ) ;
#2945 = ORIENTED_EDGE ( 'NONE', *, *, #3196, .T. ) ;
#2946 = CARTESIAN_POINT ( 'NONE',  ( 2.381731783404436300, 0.6973362886642217000, 4.740508950146185000 ) ) ;
#2947 = EDGE_LOOP ( 'NONE', ( #1330, #2560, #4833, #947 ) ) ;
#2948 = EDGE_CURVE ( 'NONE', #3834, #6894, #2968, .T. ) ;
#2949 = DIRECTION ( 'NONE',  ( 0.5130781995407813800, 0.08715574274766199600, 0.8539055203370531400 ) ) ;
#2950 = DIRECTION ( 'NONE',  ( 1.000000000000000000, 0.0000000000000000000, 0.0000000000000000000 ) ) ;
#2951 = SURFACE_SIDE_STYLE ('',( #233 ) ) ;
#2952 = B_SPLINE_CURVE_WITH_KNOTS ( 'NONE', 3,
 ( #6653, #7874, #987, #385 ),
 .UNSPECIFIED., .F., .F.,
 ( 4, 4 ),
 ( 0.0000000000000000000, 1.000000000000000000 ),
 .UNSPECIFIED. ) ;
#2953 = ORIENTED_EDGE ( 'NONE', *, *, #7639, .T. ) ;
#2954 = ADVANCED_FACE ( 'NONE', ( #5712 ), #7962, .T. ) ;
#2955 = EDGE_CURVE ( 'NONE', #7102, #548, #902, .T. ) ;
#2956 = CARTESIAN_POINT ( 'NONE',  ( -1.999999999999999600, -0.0000000000000000000, 0.0000000000000000000 ) ) ;
#2957 = CARTESIAN_POINT ( 'NONE',  ( 6.000000000000000000, 1.355252715606880500E-015, -2.450000000000001100 ) ) ;
#2958 = DIRECTION ( 'NONE',  ( -0.0000000000000000000, 1.000000000000000000, -0.0000000000000000000 ) ) ;
#2959 = LINE ( 'NONE', #7879, #3848 ) ;
#2960 = DIRECTION ( 'NONE',  ( -0.5130781995407816000, -0.08715574274766251000, -0.8539055203370530300 ) ) ;
#2961 = AXIS2_PLACEMENT_3D ( 'NONE', #4850, #6092, #2341 ) ;
#2962 = DIRECTION ( 'NONE',  ( 0.0000000000000000000, 0.0000000000000000000, -1.000000000000000000 ) ) ;
#2963 = DIRECTION ( 'NONE',  ( -0.7071067812014971700, 0.7071067811715977500, 1.593520205958698400E-011 ) ) ;
#2964 = DIRECTION ( 'NONE',  ( 0.0000000000000000000, 1.000000000000000000, -0.0000000000000000000 ) ) ;
#2965 = ORIENTED_EDGE ( 'NONE', *, *, #2789, .T. ) ;
#2966 = EDGE_CURVE ( 'NONE', #7024, #3906, #3354, .T. ) ;
#2967 = LINE ( 'NONE', #325, #5031 ) ;
#2968 = LINE ( 'NONE', #6580, #5620 ) ;
#2969 = AXIS2_PLACEMENT_3D ( 'NONE', #6087, #4817, #7842 ) ;
#2970 = FACE_OUTER_BOUND ( 'NONE', #680, .T. ) ;
#2971 = DIRECTION ( 'NONE',  ( -0.04488852596211177100, -0.9961946980917452100, 0.07470705275170112800 ) ) ;
#2972 = ADVANCED_FACE ( 'NONE', ( #1384 ), #6010, .T. ) ;
#2973 = VECTOR ( 'NONE', #1898, 1000.000000000000100 ) ;
#2974 = LINE ( 'NONE', #4618, #4930 ) ;
#2975 = CARTESIAN_POINT ( 'NONE',  ( -0.9499999999999995100, 0.2500000000000000000, 5.099999999999997900 ) ) ;
#2976 = DIRECTION ( 'NONE',  ( -8.031127203596331800E-017, 1.000000000000000000, 0.0000000000000000000 ) ) ;
#2977 = EDGE_CURVE ( 'NONE', #2657, #926, #2055, .T. ) ;
#2978 = ORIENTED_EDGE ( 'NONE', *, *, #5665, .F. ) ;
#2979 = ORIENTED_EDGE ( 'NONE', *, *, #3908, .T. ) ;
#2980 = EDGE_LOOP ( 'NONE', ( #6557, #6407, #4526, #6436 ) ) ;
#2981 = VECTOR ( 'NONE', #3621, 1000.000000000000000 ) ;
#2982 = EDGE_CURVE ( 'NONE', #1758, #3721, #7050, .T. ) ;
#2983 = DIRECTION ( 'NONE',  ( 0.0000000000000000000, 0.0000000000000000000, 1.000000000000000000 ) ) ;
#2984 = VECTOR ( 'NONE', #7259, 1000.000000000000000 ) ;
#2985 = FACE_OUTER_BOUND ( 'NONE', #6484, .T. ) ;
#2986 = PLANE ( 'NONE',  #5364 ) ;
#2987 = EDGE_CURVE ( 'NONE', #4122, #7658, #4823, .T. ) ;
#2988 = ORIENTED_EDGE ( 'NONE', *, *, #5089, .F. ) ;
#2989 = LINE ( 'NONE', #1370, #3377 ) ;
#2991 = LINE ( 'NONE', #8083, #6589 ) ;
#2990 = CARTESIAN_POINT ( 'NONE',  ( -5.750000000000000000, 0.0000000000000000000, 2.449999999999999300 ) ) ;
#2992 = ADVANCED_FACE ( 'NONE', ( #5889 ), #7934, .F. ) ;
#2993 = AXIS2_PLACEMENT_3D ( 'NONE', #3318, #768, #5754 ) ;
#2994 = DIRECTION ( 'NONE',  ( 1.000000000000000000, -0.0000000000000000000, 0.0000000000000000000 ) ) ;
#2995 = DIRECTION ( 'NONE',  ( 0.0000000000000000000, 0.0000000000000000000, 1.000000000000000000 ) ) ;
#2996 = EDGE_CURVE ( 'NONE', #939, #2828, #619, .T. ) ;
#2997 = VECTOR ( 'NONE', #298, 1000.000000000000100 ) ;
#2998 = ORIENTED_EDGE ( 'NONE', *, *, #4442, .F. ) ;
#2999 = CARTESIAN_POINT ( 'NONE',  ( 6.000000000000000000, 8.673617379884035500E-016, 0.5000000000000001100 ) ) ;
#3000 = VECTOR ( 'NONE', #6735, 1000.000000000000000 ) ;
#3001 = CARTESIAN_POINT ( 'NONE',  ( 4.650000000000000400, 7.589415207398531000E-016, -0.5000000000000001100 ) ) ;
#3002 = LINE ( 'NONE', #5726, #8092 ) ;
#3003 = VERTEX_POINT ( 'NONE', #7906 ) ;
#3004 = CARTESIAN_POINT ( 'NONE',  ( -3.046326844716306800, 0.2282110643130846600, 4.293297653630805400 ) ) ;
#3005 = CARTESIAN_POINT ( 'NONE',  ( 4.081333750320307100, 3.568126700166567700, -3.270489393669256700 ) ) ;
#3006 = ORIENTED_EDGE ( 'NONE', *, *, #3549, .T. ) ;
#3007 = VERTEX_POINT ( 'NONE', #2287 ) ;
#3008 = CARTESIAN_POINT ( 'NONE',  ( -2.161531637692554900, 0.4000000000000004700, -4.374034365627315100 ) ) ;
#3009 = ADVANCED_FACE ( 'NONE', ( #1656 ), #4456, .T. ) ;
#3010 = CARTESIAN_POINT ( 'NONE',  ( 2.997803731898100600, 3.163880643471963100, -3.959726526175115800 ) ) ;
#3011 = EDGE_CURVE ( 'NONE', #1535, #5949, #7350, .T. ) ;
#3012 = ORIENTED_EDGE ( 'NONE', *, *, #5099, .F. ) ;
#3013 = EDGE_LOOP ( 'NONE', ( #1144, #624, #754, #4520 ) ) ;
#3014 = DIRECTION ( 'NONE',  ( -1.000000000000000000, 0.0000000000000000000, 0.0000000000000000000 ) ) ;
#3015 = LINE ( 'NONE', #980, #1606 ) ;
#3016 = CARTESIAN_POINT ( 'NONE',  ( -2.232323454269456300, 0.2500000000000000000, -4.491851733474571300 ) ) ;
#3017 = DIRECTION ( 'NONE',  ( 0.0000000000000000000, 0.07478243328826669800, -0.9971998734814830900 ) ) ;
#3018 = CARTESIAN_POINT ( 'NONE',  ( 3.139880253173716400, 0.4000000000000019100, 3.856127629579426200 ) ) ;
#3019 = AXIS2_PLACEMENT_3D ( 'NONE', #2178, #7271, #7159 ) ;
#3020 = EDGE_LOOP ( 'NONE', ( #4613, #3026, #7219, #6177 ) ) ;
#3021 = ORIENTED_EDGE ( 'NONE', *, *, #1767, .T. ) ;
#3022 = ORIENTED_EDGE ( 'NONE', *, *, #7745, .F. ) ;
#3023 = DIRECTION ( 'NONE',  ( 0.0000000000000000000, 0.0000000000000000000, -1.000000000000000000 ) ) ;
#3024 = EDGE_CURVE ( 'NONE', #2414, #274, #7663, .T. ) ;
#3025 = DIRECTION ( 'NONE',  ( 0.0000000000000000000, -1.000000000000000000, 0.0000000000000000000 ) ) ;
#3026 = ORIENTED_EDGE ( 'NONE', *, *, #2262, .T. ) ;
#3027 = ORIENTED_EDGE ( 'NONE', *, *, #3720, .F. ) ;
#3028 = ORIENTED_EDGE ( 'NONE', *, *, #237, .F. ) ;
#3029 = ORIENTED_EDGE ( 'NONE', *, *, #1547, .F. ) ;
#3030 = CARTESIAN_POINT ( 'NONE',  ( -6.500000000000000900, 0.2500000000000000000, -5.100000000000001400 ) ) ;
#3031 = ADVANCED_FACE ( 'NONE', ( #5417 ), #5593, .T. ) ;
#3032 = CARTESIAN_POINT ( 'NONE',  ( -2.653085534590288400, 0.2500000000000000000, -3.638834209575374500 ) ) ;
#3033 = EDGE_LOOP ( 'NONE', ( #4868, #6832, #3302, #6604 ) ) ;
#3034 = EDGE_CURVE ( 'NONE', #4108, #771, #2667, .T. ) ;
#3035 = DIRECTION ( 'NONE',  ( 0.0000000000000000000, 0.0000000000000000000, -1.000000000000000000 ) ) ;
#3036 = ORIENTED_EDGE ( 'NONE', *, *, #6838, .T. ) ;
#3037 = ORIENTED_EDGE ( 'NONE', *, *, #2262, .F. ) ;
#3038 = AXIS2_PLACEMENT_3D ( 'NONE', #2601, #7618, #3881 ) ;
#3039 = CARTESIAN_POINT ( 'NONE',  ( 4.650000000000000400, -0.2499999999999988100, 0.5000000000000001100 ) ) ;
#3040 = CARTESIAN_POINT ( 'NONE',  ( 3.830774262967691500, 0.3999999999999989100, 3.132808077000306400 ) ) ;
#3041 = EDGE_CURVE ( 'NONE', #7708, #3806, #1195, .T. ) ;
#3042 = CARTESIAN_POINT ( 'NONE',  ( -3.291769412734989700, 0.1912053364946875200, -3.996642290355191000 ) ) ;
#3043 = DIRECTION ( 'NONE',  ( -0.8571673007021122200, 8.511960079772363500E-017, -0.5150380749100543800 ) ) ;
#3044 = CARTESIAN_POINT ( 'NONE',  ( 3.000000000000000000, 4.400000000000000400, 4.399502812818740300 ) ) ;
#3045 = CARTESIAN_POINT ( 'NONE',  ( 3.067465623966092500, 0.6973362886642219300, -4.328478490218159000 ) ) ;
#3046 = CYLINDRICAL_SURFACE ( 'NONE', #4202, 2.450000000000000200 ) ;
#3047 = DIRECTION ( 'NONE',  ( -0.0000000000000000000, 1.000000000000000000, -0.0000000000000000000 ) ) ;
#3048 = ADVANCED_FACE ( 'NONE', ( #5032 ), #7466, .F. ) ;
#3049 = VECTOR ( 'NONE', #6041, 1000.000000000000000 ) ;
#3050 = DIRECTION ( 'NONE',  ( 0.8571673007021086700, -0.0000000000000000000, -0.5150380749100602600 ) ) ;
#3051 = DIRECTION ( 'NONE',  ( -0.0000000000000000000, -1.000000000000000000, -0.0000000000000000000 ) ) ;
#3052 = DIRECTION ( 'NONE',  ( 0.0000000000000000000, 0.0000000000000000000, -1.000000000000000000 ) ) ;
#3053 = VECTOR ( 'NONE', #3117, 1000.000000000000000 ) ;
#3054 = LINE ( 'NONE', #6810, #5307 ) ;
#3055 = EDGE_CURVE ( 'NONE', #7736, #7724, #2563, .T. ) ;
#3056 = ORIENTED_EDGE ( 'NONE', *, *, #6158, .F. ) ;
#3057 = CARTESIAN_POINT ( 'NONE',  ( 0.0000000000000000000, -0.0000000000000000000, -1.000000000000000000 ) ) ;
#3058 = ORIENTED_EDGE ( 'NONE', *, *, #1601, .T. ) ;
#3059 = LINE ( 'NONE', #3696, #800 ) ;
#3060 = VERTEX_POINT ( 'NONE', #6825 ) ;
#3061 = DIRECTION ( 'NONE',  ( 0.0000000000000000000, 0.0000000000000000000, 1.000000000000000000 ) ) ;
#3062 = VECTOR ( 'NONE', #1834, 999.9999999999998900 ) ;
#3063 = CARTESIAN_POINT ( 'NONE',  ( 3.022039096752202200, 0.2500000000000000000, -3.729145877938739900 ) ) ;
#3064 = CARTESIAN_POINT ( 'NONE',  ( -5.500000000000000000, 0.0000000000000000000, -2.450000000000001100 ) ) ;
#3065 = VECTOR ( 'NONE', #5676, 1000.000000000000000 ) ;
#3066 = DIRECTION ( 'NONE',  ( -1.000000000000000000, 0.0000000000000000000, 0.0000000000000000000 ) ) ;
#3067 = CARTESIAN_POINT ( 'NONE',  ( 2.161531637692522900, 0.2500000000000002800, -4.374034365627327500 ) ) ;
#3068 = ORIENTED_EDGE ( 'NONE', *, *, #4603, .T. ) ;
#3069 = EDGE_CURVE ( 'NONE', #6992, #6244, #2264, .T. ) ;
#3070 = VERTEX_POINT ( 'NONE', #6118 ) ;
#3071 = ADVANCED_FACE ( 'NONE', ( #6662 ), #5505, .F. ) ;
#3072 = LINE ( 'NONE', #386, #5797 ) ;
#3073 = DIRECTION ( 'NONE',  ( -0.0000000000000000000, 1.000000000000000000, -0.0000000000000000000 ) ) ;
#3074 = CIRCLE ( 'NONE', #8102, 0.4000000000000001900 ) ;
#3075 = CARTESIAN_POINT ( 'NONE',  ( -0.9499999999999995100, 0.0000000000000000000, 5.099999999999997900 ) ) ;
#3076 = FACE_OUTER_BOUND ( 'NONE', #5980, .T. ) ;
#3077 = CARTESIAN_POINT ( 'NONE',  ( 2.161531637692554400, 0.4000000000000010200, 4.374034365627314200 ) ) ;
#3078 = AXIS2_PLACEMENT_3D ( 'NONE', #5794, #4539, #5157 ) ;
#3079 = CARTESIAN_POINT ( 'NONE',  ( 3.000384657911015900E-016, 1.499999999999997300, 2.450000000000000200 ) ) ;
#3080 = VECTOR ( 'NONE', #6288, 1000.000000000000000 ) ;
#3081 = DIRECTION ( 'NONE',  ( 0.6907124771418927700, 3.491481338843133400E-015, -0.7231295001038959800 ) ) ;
#3082 = DIRECTION ( 'NONE',  ( 0.0000000000000000000, 0.0000000000000000000, -1.000000000000000000 ) ) ;
#3083 = DIRECTION ( 'NONE',  ( 0.0000000000000000000, -0.0000000000000000000, 1.000000000000000000 ) ) ;
#3084 = CIRCLE ( 'NONE', #7895, 5.325000000000001100 ) ;
#3085 = EDGE_CURVE ( 'NONE', #5169, #6939, #2866, .T. ) ;
#3086 = LINE ( 'NONE', #3158, #7177 ) ;
#3087 = ORIENTED_EDGE ( 'NONE', *, *, #6731, .F. ) ;
#3088 = LINE ( 'NONE', #4945, #6204 ) ;
#3089 = EDGE_CURVE ( 'NONE', #7102, #1023, #422, .T. ) ;
#3090 = DIRECTION ( 'NONE',  ( -1.000000000000000000, 0.0000000000000000000, 0.0000000000000000000 ) ) ;
#3091 = LINE ( 'NONE', #4334, #2587 ) ;
#3092 = FACE_OUTER_BOUND ( 'NONE', #4693, .T. ) ;
#3093 = ADVANCED_FACE ( 'NONE', ( #5987 ), #6712, .F. ) ;
#3094 = CARTESIAN_POINT ( 'NONE',  ( -2.847265478254242100, -1.626303258728256700E-016, -3.962003905699266000 ) ) ;
#3095 = DIRECTION ( 'NONE',  ( 0.0000000000000000000, 0.0000000000000000000, 1.000000000000000000 ) ) ;
#3096 = CARTESIAN_POINT ( 'NONE',  ( 5.499999999999998200, -0.2499999999999988100, 2.449999999999999300 ) ) ;
#3097 = PLANE ( 'NONE',  #6835 ) ;
#3098 = LINE ( 'NONE', #1748, #6405 ) ;
#3099 = ORIENTED_EDGE ( 'NONE', *, *, #5333, .F. ) ;
#3100 = VECTOR ( 'NONE', #2861, 1000.000000000000000 ) ;
#3101 = CARTESIAN_POINT ( 'NONE',  ( -3.745358649331324700, 0.2500000000000000000, 3.038251868144763000 ) ) ;
#3102 = DIRECTION ( 'NONE',  ( 0.0000000000000000000, 0.0000000000000000000, -1.000000000000000000 ) ) ;
#3103 = DIRECTION ( 'NONE',  ( -1.000000000000000000, -0.0000000000000000000, -0.0000000000000000000 ) ) ;
#3104 = ORIENTED_EDGE ( 'NONE', *, *, #19, .F. ) ;
#3105 = VERTEX_POINT ( 'NONE', #1174 ) ;
#3107 = LINE ( 'NONE', #890, #3799 ) ;
#3106 = CARTESIAN_POINT ( 'NONE',  ( -3.119254674084821500, 0.3217020011855082400, 3.821364523832310400 ) ) ;
#3108 = DIRECTION ( 'NONE',  ( -0.8571673007021132200, -0.0000000000000000000, -0.5150380749100526000 ) ) ;
#3109 = VERTEX_POINT ( 'NONE', #7346 ) ;
#3110 = ADVANCED_FACE ( 'NONE', ( #1857 ), #4045, .F. ) ;
#3111 = AXIS2_PLACEMENT_3D ( 'NONE', #5396, #1040, #411 ) ;
#3112 = ORIENTED_EDGE ( 'NONE', *, *, #4060, .F. ) ;
#3113 = VERTEX_POINT ( 'NONE', #1722 ) ;
#3114 = ORIENTED_EDGE ( 'NONE', *, *, #1172, .F. ) ;
#3115 = DIRECTION ( 'NONE',  ( 0.0000000000000000000, 0.0000000000000000000, 1.000000000000000000 ) ) ;
#3116 = CARTESIAN_POINT ( 'NONE',  ( -6.000000000000000000, 0.5371092495122248300, 2.449999999999999300 ) ) ;
#3117 = DIRECTION ( 'NONE',  ( 0.7071067811715988600, -0.7071067812014962800, -0.0000000000000000000 ) ) ;
#3118 = EDGE_CURVE ( 'NONE', #2437, #6321, #3566, .T. ) ;
#3119 = CARTESIAN_POINT ( 'NONE',  ( 1.935716730070211400, 0.0000000000000000000, -3.998215248062637600 ) ) ;
#3120 = DIRECTION ( 'NONE',  ( 1.000000000000000000, 1.668003342285397200E-016, -0.0000000000000000000 ) ) ;
#3121 = ORIENTED_EDGE ( 'NONE', *, *, #1179, .T. ) ;
#3122 = CARTESIAN_POINT ( 'NONE',  ( 0.0000000000000000000, 0.0000000000000000000, -2.450000000000000200 ) ) ;
#3123 = ORIENTED_EDGE ( 'NONE', *, *, #5241, .T. ) ;
#3124 = VERTEX_POINT ( 'NONE', #8043 ) ;
#3125 = DIRECTION ( 'NONE',  ( 0.0000000000000000000, 1.000000000000000000, 0.0000000000000000000 ) ) ;
#3126 = AXIS2_PLACEMENT_3D ( 'NONE', #2792, #7154, #1550 ) ;
#3127 = ORIENTED_EDGE ( 'NONE', *, *, #2966, .T. ) ;
#3128 = CARTESIAN_POINT ( 'NONE',  ( -4.262132034355966300, -0.2500000000000000000, -2.450000000000001100 ) ) ;
#3129 = EDGE_LOOP ( 'NONE', ( #6816, #7305, #4687, #5040 ) ) ;
#3130 = CARTESIAN_POINT ( 'NONE',  ( -2.809512942779154500, 0.2500000000000000000, -3.516619723965713500 ) ) ;
#3131 = ORIENTED_EDGE ( 'NONE', *, *, #5010, .T. ) ;
#3132 = ORIENTED_EDGE ( 'NONE', *, *, #2901, .F. ) ;
#3133 = CARTESIAN_POINT ( 'NONE',  ( 3.260401836524366100, 0.4000000000000019100, 3.971246375769741400 ) ) ;
#3134 = EDGE_CURVE ( 'NONE', #6992, #936, #1101, .T. ) ;
#3135 = DIRECTION ( 'NONE',  ( 0.7071067812014971700, -0.7071067811715977500, 0.0000000000000000000 ) ) ;
#3136 = ADVANCED_FACE ( 'NONE', ( #3752 ), #4995, .F. ) ;
#3137 = CARTESIAN_POINT ( 'NONE',  ( -3.273322737776065400, 0.1912053364946881800, 3.982663422528963000 ) ) ;
#3138 = DIRECTION ( 'NONE',  ( 1.000000000000000000, 0.0000000000000000000, 0.0000000000000000000 ) ) ;
#3139 = ORIENTED_EDGE ( 'NONE', *, *, #3496, .T. ) ;
#3140 = B_SPLINE_CURVE_WITH_KNOTS ( 'NONE', 1,
 ( #7700, #7674 ),
 .UNSPECIFIED., .F., .F.,
 ( 2, 2 ),
 ( 0.0000000000000000000, 1.000000000000000000 ),
 .UNSPECIFIED. ) ;
#3141 = ORIENTED_EDGE ( 'NONE', *, *, #6689, .T. ) ;
#3142 = CARTESIAN_POINT ( 'NONE',  ( -1.750000000000000400, 0.0000000000000000000, -7.199999999999999300 ) ) ;
#3143 = EDGE_CURVE ( 'NONE', #2321, #4124, #7465, .T. ) ;
#3144 = DIRECTION ( 'NONE',  ( 0.5150380749100598200, 0.0000000000000000000, 0.8571673007021088900 ) ) ;
#3145 = AXIS2_PLACEMENT_3D ( 'NONE', #4100, #506, #5314 ) ;
#3146 = ORIENTED_EDGE ( 'NONE', *, *, #4769, .F. ) ;
#3147 = CARTESIAN_POINT ( 'NONE',  ( -5.500000000000000000, 0.0000000000000000000, 2.449999999999999300 ) ) ;
#3148 = CARTESIAN_POINT ( 'NONE',  ( -3.067465623966124400, 0.6973362886642218200, -4.328478490218139500 ) ) ;
#3149 = AXIS2_PLACEMENT_3D ( 'NONE', #3923, #7584, #7689 ) ;
#3150 = CARTESIAN_POINT ( 'NONE',  ( 2.709629837789681700, 0.3651377029009356700, -4.509581343798129400 ) ) ;
#3151 = CARTESIAN_POINT ( 'NONE',  ( 0.0000000000000000000, 4.400000000000000400, 0.0000000000000000000 ) ) ;
#3152 = EDGE_CURVE ( 'NONE', #5077, #6984, #7149, .T. ) ;
#3153 = ORIENTED_EDGE ( 'NONE', *, *, #7244, .T. ) ;
#3154 = FACE_OUTER_BOUND ( 'NONE', #3013, .T. ) ;
#3155 = ADVANCED_FACE ( 'NONE', ( #3946 ), #5049, .T. ) ;
#3156 = CARTESIAN_POINT ( 'NONE',  ( -4.242640687119284800, 5.000000000000000000, 5.242640687119287400 ) ) ;
#3157 = CIRCLE ( 'NONE', #7830, 0.5000000000000017800 ) ;
#3158 = CARTESIAN_POINT ( 'NONE',  ( 4.091316040819106300, 4.170189603414773000, -3.260954597208889800 ) ) ;
#3159 = CARTESIAN_POINT ( 'NONE',  ( 2.360593004154651000, 0.2282110643130845500, 4.705328113558831400 ) ) ;
#3160 = UNCERTAINTY_MEASURE_WITH_UNIT (LENGTH_MEASURE( 1.000000000000000100E-005 ), #307, 'distance_accuracy_value', 'NONE');
#3161 = AXIS2_PLACEMENT_3D ( 'NONE', #9, #5657, #3135 ) ;
#3162 = CYLINDRICAL_SURFACE ( 'NONE', #174, 1.000000000000001800 ) ;
#3163 = DIRECTION ( 'NONE',  ( 0.0000000000000000000, 0.0000000000000000000, -1.000000000000000000 ) ) ;
#3164 = LINE ( 'NONE', #4488, #4726 ) ;
#3165 = CARTESIAN_POINT ( 'NONE',  ( -6.500000000000000900, 0.2500000000000000000, -5.100000000000001400 ) ) ;
#3166 = CARTESIAN_POINT ( 'NONE',  ( 0.0000000000000000000, 0.0000000000000000000, 0.0000000000000000000 ) ) ;
#3167 = ITEM_DEFINED_TRANSFORMATION ( 'NONE', 'NONE', #6066,  #3038 ) ;
#3168 = ORIENTED_EDGE ( 'NONE', *, *, #809, .T. ) ;
#3169 = ORIENTED_EDGE ( 'NONE', *, *, #5906, .T. ) ;
#3170 = EDGE_CURVE ( 'NONE', #3419, #3285, #1475, .T. ) ;
#3171 = LINE ( 'NONE', #7351, #6285 ) ;
#3172 = VECTOR ( 'NONE', #6501, 1000.000000000000100 ) ;
#3173 = ADVANCED_FACE ( 'NONE', ( #6282 ), #1281, .T. ) ;
#3174 = CARTESIAN_POINT ( 'NONE',  ( 3.729145877938737200, 0.0000000000000000000, 3.022039096752205700 ) ) ;
#3175 = AXIS2_PLACEMENT_3D ( 'NONE', #5294, #5209, #1444 ) ;
#3176 = ORIENTED_EDGE ( 'NONE', *, *, #8123, .T. ) ;
#3177 = DIRECTION ( 'NONE',  ( 0.5130781995407734900, 0.08715574274766203800, -0.8539055203370579100 ) ) ;
#3178 = ORIENTED_EDGE ( 'NONE', *, *, #2101, .F. ) ;
#3179 = DIRECTION ( 'NONE',  ( -0.5150380749100528200, 0.0000000000000000000, 0.8571673007021131100 ) ) ;
#3180 = CYLINDRICAL_SURFACE ( 'NONE', #80, 0.4000000000000006900 ) ;
#3182 = CYLINDRICAL_SURFACE ( 'NONE', #2318, 1.000000000000001800 ) ;
#3181 = CARTESIAN_POINT ( 'NONE',  ( -6.500000000000000000, 0.2500000000000000000, 5.099999999999997900 ) ) ;
#3183 = EDGE_CURVE ( 'NONE', #3310, #2232, #2464, .T. ) ;
#3184 = ORIENTED_EDGE ( 'NONE', *, *, #6772, .F. ) ;
#3185 = LINE ( 'NONE', #5240, #6007 ) ;
#3186 = DIRECTION ( 'NONE',  ( -0.7231295001038968700, 3.469446951953614200E-015, -0.6907124771418916600 ) ) ;
#3187 = ORIENTED_EDGE ( 'NONE', *, *, #1680, .F. ) ;
#3188 = ORIENTED_EDGE ( 'NONE', *, *, #5062, .F. ) ;
#3189 = DIRECTION ( 'NONE',  ( 0.0000000000000000000, 0.0000000000000000000, 1.000000000000000000 ) ) ;
#3190 = VECTOR ( 'NONE', #1846, 1000.000000000000000 ) ;
#3191 = AXIS2_PLACEMENT_3D ( 'NONE', #6430, #4634, #7730 ) ;
#3192 = CIRCLE ( 'NONE', #439, 0.5000000000000015500 ) ;
#3193 = CARTESIAN_POINT ( 'NONE',  ( -3.745358649331324700, 0.0000000000000000000, 3.038251868144763000 ) ) ;
#3194 = CARTESIAN_POINT ( 'NONE',  ( 3.729145877938736800, 0.2500000000000000000, 3.022039096752206600 ) ) ;
#3195 =( LENGTH_UNIT ( ) NAMED_UNIT ( * ) SI_UNIT ( .MILLI., .METRE. ) );
#3196 = EDGE_CURVE ( 'NONE', #2807, #3871, #7848, .T. ) ;
#3197 = AXIS2_PLACEMENT_3D ( 'NONE', #5033, #5549, #7541 ) ;
#3198 = LINE ( 'NONE', #7760, #2390 ) ;
#3199 = EDGE_LOOP ( 'NONE', ( #1237, #5578, #4686, #4407 ) ) ;
#3200 = LINE ( 'NONE', #7263, #1508 ) ;
#3201 = PLANE ( 'NONE',  #7642 ) ;
#3202 = EDGE_CURVE ( 'NONE', #1108, #5760, #2351, .T. ) ;
#3203 = DIRECTION ( 'NONE',  ( 0.0000000000000000000, 1.000000000000000000, 0.0000000000000000000 ) ) ;
#3204 = CARTESIAN_POINT ( 'NONE',  ( -3.918637921533636900, 4.170189603414792500, 3.080172222182913500 ) ) ;
#3205 = LINE ( 'NONE', #1974, #1319 ) ;
#3206 = CARTESIAN_POINT ( 'NONE',  ( 4.012700012980798400, 0.2949861872786493400, 3.304289159587819700 ) ) ;
#3207 = ORIENTED_EDGE ( 'NONE', *, *, #5747, .T. ) ;
#3208 = VECTOR ( 'NONE', #1702, 1000.000000000000000 ) ;
#3209 = CARTESIAN_POINT ( 'NONE',  ( 2.544449482552772600, -0.4322214132938679300, 4.234675067689901900 ) ) ;
#3210 = ORIENTED_EDGE ( 'NONE', *, *, #1836, .F. ) ;
#3211 = CARTESIAN_POINT ( 'NONE',  ( 3.022039096752201700, 0.0000000000000000000, -3.729145877938739400 ) ) ;
#3212 = CARTESIAN_POINT ( 'NONE',  ( -3.982663422528962500, 0.1912053364946879600, -3.273322737776066700 ) ) ;
#3213 = CARTESIAN_POINT ( 'NONE',  ( 3.052496758070522900, 0.3651377029009358300, -4.303566113834108400 ) ) ;
#3214 = EDGE_LOOP ( 'NONE', ( #182, #71, #23, #2335 ) ) ;
#3215 = ORIENTED_EDGE ( 'NONE', *, *, #6016, .T. ) ;
#3216 = VECTOR ( 'NONE', #2086, 1000.000000000000100 ) ;
#3217 = CARTESIAN_POINT ( 'NONE',  ( 3.745358649331326500, 0.0000000000000000000, -3.038251868144762100 ) ) ;
#3218 = ADVANCED_FACE ( 'NONE', ( #4735 ), #2540, .F. ) ;
#3219 = CARTESIAN_POINT ( 'NONE',  ( 3.534314575036435100, -5.421010862427522200E-017, 26.95000000000126800 ) ) ;
#3220 = EDGE_CURVE ( 'NONE', #562, #4506, #7948, .T. ) ;
#3221 = AXIS2_PLACEMENT_3D ( 'NONE', #483, #4328, #1753 ) ;
#3222 = ORIENTED_EDGE ( 'NONE', *, *, #5811, .F. ) ;
#3223 = ORIENTED_EDGE ( 'NONE', *, *, #1670, .F. ) ;
#3224 = CARTESIAN_POINT ( 'NONE',  ( -3.745358649331325600, 0.08333333333333332900, 3.038251868144763900 ) ) ;
#3225 = ORIENTED_EDGE ( 'NONE', *, *, #4430, .T. ) ;
#3226 = DIRECTION ( 'NONE',  ( 0.0000000000000000000, 0.0000000000000000000, 1.000000000000000000 ) ) ;
#3227 = CARTESIAN_POINT ( 'NONE',  ( -3.819090036748161100, -3.340847660330098800E-016, 3.113047079054823500 ) ) ;
#3228 = ORIENTED_EDGE ( 'NONE', *, *, #4369, .T. ) ;
#3229 = VERTEX_POINT ( 'NONE', #6938 ) ;
#3230 = VERTEX_POINT ( 'NONE', #54 ) ;
#3231 = CARTESIAN_POINT ( 'NONE',  ( 3.545943492021569600, -13.82508089004571200, 3.792951838837770300 ) ) ;
#3232 = EDGE_CURVE ( 'NONE', #5373, #6381, #4157, .T. ) ;
#3233 = CARTESIAN_POINT ( 'NONE',  ( -6.717514421272220200, 0.2500000000000000000, 6.010407640085649200 ) ) ;
#3234 = CARTESIAN_POINT ( 'NONE',  ( 0.0000000000000000000, 5.000000000000000000, 0.0000000000000000000 ) ) ;
#3235 = ORIENTED_EDGE ( 'NONE', *, *, #1284, .T. ) ;
#3236 = ORIENTED_EDGE ( 'NONE', *, *, #934, .T. ) ;
#3237 = CARTESIAN_POINT ( 'NONE',  ( -2.366762917508834300, 0.3651377029009345000, 4.715596573762150400 ) ) ;
#3238 = DIRECTION ( 'NONE',  ( 0.0000000000000000000, 1.000000000000000000, 0.0000000000000000000 ) ) ;
#3239 = PLANE ( 'NONE',  #4503 ) ;
#3240 = CARTESIAN_POINT ( 'NONE',  ( 4.156066017177984400, -0.2060660171779816200, -2.450000000000001100 ) ) ;
#3241 = EDGE_CURVE ( 'NONE', #7708, #5464, #3164, .T. ) ;
#3242 = CARTESIAN_POINT ( 'NONE',  ( 4.200000000000002000, -0.2499999999999989700, 2.449999999999999300 ) ) ;
#3243 = AXIS2_PLACEMENT_3D ( 'NONE', #5528, #1746, #8039 ) ;
#3244 = DIRECTION ( 'NONE',  ( 3.633292013170003700E-011, 0.0000000000000000000, -1.000000000000000000 ) ) ;
#3245 = CARTESIAN_POINT ( 'NONE',  ( -3.748714540709007000, 0.4000000000000001900, -3.580664191045912500 ) ) ;
#3246 = EDGE_CURVE ( 'NONE', #5159, #867, #7838, .T. ) ;
#3247 = VECTOR ( 'NONE', #6728, 1000.000000000000000 ) ;
#3248 = CIRCLE ( 'NONE', #4353, 1.000000000000001800 ) ;
#3249 = DIRECTION ( 'NONE',  ( 0.6907124771418927700, 3.491481338843133400E-015, -0.7231295001038959800 ) ) ;
#3250 = DIRECTION ( 'NONE',  ( 0.0000000000000000000, -1.000000000000000000, 0.0000000000000000000 ) ) ;
#3251 = ADVANCED_FACE ( 'NONE', ( #7253 ), #3784, .T. ) ;
#3252 = CARTESIAN_POINT ( 'NONE',  ( 4.242640687119284800, 0.0000000000000000000, -4.242640687119284800 ) ) ;
#3253 = EDGE_LOOP ( 'NONE', ( #6384, #764, #3743, #3256 ) ) ;
#3254 = FACE_OUTER_BOUND ( 'NONE', #6080, .T. ) ;
#3255 = CIRCLE ( 'NONE', #4564, 0.4999999999999996700 ) ;
#3256 = ORIENTED_EDGE ( 'NONE', *, *, #5376, .F. ) ;
#3257 = DIRECTION ( 'NONE',  ( -0.0000000000000000000, 1.000000000000000000, -0.0000000000000000000 ) ) ;
#3258 = EDGE_LOOP ( 'NONE', ( #7400, #1850, #1908, #1632 ) ) ;
#3259 = CARTESIAN_POINT ( 'NONE',  ( -3.729145877938738100, 0.0000000000000000000, -3.022039096752199900 ) ) ;
#3260 = LINE ( 'NONE', #988, #6187 ) ;
#3261 = ORIENTED_EDGE ( 'NONE', *, *, #7461, .F. ) ;
#3262 = FACE_OUTER_BOUND ( 'NONE', #1520, .T. ) ;
#3263 = DIRECTION ( 'NONE',  ( -0.8571673007021088900, 0.0000000000000000000, 0.5150380749100598200 ) ) ;
#3264 = LINE ( 'NONE', #3689, #6762 ) ;
#3265 = CARTESIAN_POINT ( 'NONE',  ( -5.750000000000000000, 0.0000000000000000000, 2.449999999999999300 ) ) ;
#3266 = AXIS2_PLACEMENT_3D ( 'NONE', #4815, #5979, #1642 ) ;
#3267 = CARTESIAN_POINT ( 'NONE',  ( 4.999999999999999100, 5.000000000000000000, -5.000000000000000000 ) ) ;
#3268 = DIRECTION ( 'NONE',  ( 0.01657578899896361400, -0.9997372496366935300, 0.01583271637848265900 ) ) ;
#3269 = ORIENTED_EDGE ( 'NONE', *, *, #7564, .F. ) ;
#3270 = LINE ( 'NONE', #4574, #4261 ) ;
#3271 = DIRECTION ( 'NONE',  ( -1.204669080539449300E-016, -0.0000000000000000000, -1.000000000000000000 ) ) ;
#3272 = FACE_OUTER_BOUND ( 'NONE', #3808, .T. ) ;
#3273 = CARTESIAN_POINT ( 'NONE',  ( 3.842574226663950700, 0.3217020011855079000, -3.130470514038334900 ) ) ;
#3274 = DIRECTION ( 'NONE',  ( 1.000000000000000000, 0.0000000000000000000, 0.0000000000000000000 ) ) ;
#3275 = LINE ( 'NONE', #4773, #1580 ) ;
#3276 = CIRCLE ( 'NONE', #7937, 0.09999999999999982500 ) ;
#3277 = EDGE_CURVE ( 'NONE', #5948, #6249, #2245, .T. ) ;
#3278 = DIRECTION ( 'NONE',  ( 0.0000000000000000000, 0.0000000000000000000, 1.000000000000000000 ) ) ;
#3279 = FACE_OUTER_BOUND ( 'NONE', #6054, .T. ) ;
#3280 = VERTEX_POINT ( 'NONE', #5106 ) ;
#3281 = LINE ( 'NONE', #1651, #7678 ) ;
#3282 = VECTOR ( 'NONE', #30, 1000.000000000000000 ) ;
#3283 = LINE ( 'NONE', #3402, #7975 ) ;
#3284 = DIRECTION ( 'NONE',  ( 0.7229394975650266200, 0.02292229676231477200, 0.6905309921875825200 ) ) ;
#3285 = VERTEX_POINT ( 'NONE', #635 ) ;
#3286 = FACE_OUTER_BOUND ( 'NONE', #1811, .T. ) ;
#3287 = EDGE_CURVE ( 'NONE', #4299, #816, #6172, .T. ) ;
#3288 = CARTESIAN_POINT ( 'NONE',  ( -1.999999999999999600, 0.2500000000000000000, -1.000000000000000000 ) ) ;
#3289 = FACE_OUTER_BOUND ( 'NONE', #3901, .T. ) ;
#3290 = CARTESIAN_POINT ( 'NONE',  ( -4.242640687119284800, 5.000000000000000000, -4.242640687119284800 ) ) ;
#3291 = CARTESIAN_POINT ( 'NONE',  ( -2.161531637692554900, 0.4000000000000004700, -4.374034365627315100 ) ) ;
#3292 = CARTESIAN_POINT ( 'NONE',  ( -5.750000000000000000, 0.5371092495122248300, -2.450000000000001100 ) ) ;
#3293 = AXIS2_PLACEMENT_3D ( 'NONE', #2327, #6722, #6692 ) ;
#3294 = PLANE ( 'NONE',  #5412 ) ;
#3295 = ADVANCED_FACE ( 'NONE', ( #7657 ), #4553, .T. ) ;
#3296 = LINE ( 'NONE', #6961, #2604 ) ;
#3297 = ORIENTED_EDGE ( 'NONE', *, *, #7028, .F. ) ;
#3299 = LINE ( 'NONE', #6098, #752 ) ;
#3298 = CARTESIAN_POINT ( 'NONE',  ( 0.0000000000000000000, 1.499999999999997300, 0.0000000000000000000 ) ) ;
#3300 = DIRECTION ( 'NONE',  ( 0.6905309921875831800, 0.02292229676231449800, -0.7229394975650260700 ) ) ;
#3301 = EDGE_CURVE ( 'NONE', #3315, #6257, #2050, .T. ) ;
#3302 = ORIENTED_EDGE ( 'NONE', *, *, #3813, .T. ) ;
#3303 =( GEOMETRIC_REPRESENTATION_CONTEXT ( 3 ) GLOBAL_UNCERTAINTY_ASSIGNED_CONTEXT ( ( #5907 ) ) GLOBAL_UNIT_ASSIGNED_CONTEXT ( ( #5184, #1948, #4414 ) ) REPRESENTATION_CONTEXT ( 'NONE', 'WORKASPACE' ) );
#3304 = CARTESIAN_POINT ( 'NONE',  ( 5.500000000000000000, -0.4999999999999991700, 0.5000000000000001100 ) ) ;
#3305 = EDGE_LOOP ( 'NONE', ( #2409, #4922, #1585, #4781, #665, #4889, #3235, #3448, #4704, #5472, #1202, #4313, #4260, #3222, #7636, #1220, #4322, #1258, #4727, #5776, #2105, #8045, #1497, #6625, #7395, #5522, #4700, #2586, #3937, #7624, #4864, #1764, #3537, #1759 ) ) ;
#3306 = CARTESIAN_POINT ( 'NONE',  ( 5.500000000000000000, 1.355252715606880500E-015, 2.449999999999999300 ) ) ;
#3307 = VERTEX_POINT ( 'NONE', #889 ) ;
#3308 = LINE ( 'NONE', #7786, #5661 ) ;
#3309 = AXIS2_PLACEMENT_3D ( 'NONE', #8041, #7317, #7436 ) ;
#3310 = VERTEX_POINT ( 'NONE', #2185 ) ;
#3311 = ORIENTED_EDGE ( 'NONE', *, *, #7590, .F. ) ;
#3312 = CARTESIAN_POINT ( 'NONE',  ( -5.000000000000000000, 5.000000000000000000, 6.000000000000000000 ) ) ;
#3313 = VERTEX_POINT ( 'NONE', #6452 ) ;
#3314 = ORIENTED_EDGE ( 'NONE', *, *, #7233, .F. ) ;
#3315 = VERTEX_POINT ( 'NONE', #290 ) ;
#3316 = CARTESIAN_POINT ( 'NONE',  ( 2.847265478254240800, 0.4000000000000009700, 3.962003905699266000 ) ) ;
#3317 = DIRECTION ( 'NONE',  ( 0.5150380749100538200, 0.0000000000000000000, -0.8571673007021124400 ) ) ;
#3318 = CARTESIAN_POINT ( 'NONE',  ( 4.200000000000002000, -0.2499999999999989700, -2.450000000000001100 ) ) ;
#3319 = DIRECTION ( 'NONE',  ( -0.0000000000000000000, 1.000000000000000000, -0.0000000000000000000 ) ) ;
#3320 = CARTESIAN_POINT ( 'NONE',  ( -3.979289321885084900, -0.3828427124783568300, 2.449999999999999300 ) ) ;
#3321 = ORIENTED_EDGE ( 'NONE', *, *, #5759, .F. ) ;
#3322 = EDGE_LOOP ( 'NONE', ( #4934, #7897, #6135, #7974 ) ) ;
#3323 = CARTESIAN_POINT ( 'NONE',  ( 4.254891097531113600, 3.129497198328496900, -3.104712412919713700 ) ) ;
#3324 = VERTEX_POINT ( 'NONE', #5883 ) ;
#3325 = CARTESIAN_POINT ( 'NONE',  ( -4.028805748864898300, 0.4000000000000023000, 3.320662628199691800 ) ) ;
#3326 = EDGE_CURVE ( 'NONE', #2921, #2065, #518, .T. ) ;
#3327 = DIRECTION ( 'NONE',  ( 0.5150380749100538200, -0.0000000000000000000, -0.8571673007021124400 ) ) ;
#3328 = ORIENTED_EDGE ( 'NONE', *, *, #2737, .F. ) ;
#3329 = ORIENTED_EDGE ( 'NONE', *, *, #6419, .F. ) ;
#3330 = VERTEX_POINT ( 'NONE', #4104 ) ;
#3331 = AXIS2_PLACEMENT_3D ( 'NONE', #3147, #5045, #836 ) ;
#3332 = CARTESIAN_POINT ( 'NONE',  ( 5.750000000000000000, 1.355252715606880500E-015, -2.450000000000001100 ) ) ;
#3333 = DIRECTION ( 'NONE',  ( -0.6905309921875832900, -0.02292229676231452600, 0.7229394975650260700 ) ) ;
#3334 = ORIENTED_EDGE ( 'NONE', *, *, #728, .F. ) ;
#3335 = ORIENTED_EDGE ( 'NONE', *, *, #7639, .F. ) ;
#3336 = ADVANCED_FACE ( 'NONE', ( #5129 ), #3988, .F. ) ;
#3337 = CARTESIAN_POINT ( 'NONE',  ( -6.000000000000000000, 4.400000000000000400, 3.000000000000000000 ) ) ;
#3338 = EDGE_CURVE ( 'NONE', #1533, #3834, #311, .T. ) ;
#3339 = DIRECTION ( 'NONE',  ( -0.0000000000000000000, 0.0000000000000000000, -1.000000000000000000 ) ) ;
#3340 = ORIENTED_EDGE ( 'NONE', *, *, #3754, .T. ) ;
#3341 = PLANE ( 'NONE',  #3630 ) ;
#3342 = DIRECTION ( 'NONE',  ( -0.0000000000000000000, 1.000000000000000000, 0.0000000000000000000 ) ) ;
#3343 = CARTESIAN_POINT ( 'NONE',  ( -3.065585346850876000, 0.2500000000000001700, -3.773755947015232000 ) ) ;
#3344 = EDGE_CURVE ( 'NONE', #6711, #689, #3854, .T. ) ;
#3345 = CARTESIAN_POINT ( 'NONE',  ( 6.031385485800715100E-016, 2.599999999999997400, 4.925000000000000700 ) ) ;
#3346 = VECTOR ( 'NONE', #7634, 1000.000000000000100 ) ;
#3347 = CARTESIAN_POINT ( 'NONE',  ( 3.132808077000298800, 0.4000000000000004100, -3.830774262967693700 ) ) ;
#3348 = FACE_OUTER_BOUND ( 'NONE', #4281, .T. ) ;
#3349 = EDGE_CURVE ( 'NONE', #1293, #7820, #4731, .T. ) ;
#3350 = ORIENTED_EDGE ( 'NONE', *, *, #7628, .T. ) ;
#3351 = CARTESIAN_POINT ( 'NONE',  ( 3.242819847682089300, 2.500000000000000000, 4.223712162953238400 ) ) ;
#3352 = LINE ( 'NONE', #356, #5215 ) ;
#3353 = CARTESIAN_POINT ( 'NONE',  ( 2.924227208185357100, 0.3869266385878518700, 4.090089733749822500 ) ) ;
#3354 = CIRCLE ( 'NONE', #2544, 0.1499999999999999700 ) ;
#3355 = EDGE_CURVE ( 'NONE', #2380, #5149, #1844, .T. ) ;
#3356 = ORIENTED_EDGE ( 'NONE', *, *, #614, .T. ) ;
#3357 = CARTESIAN_POINT ( 'NONE',  ( 2.000000000000000400, 0.0000000000000000000, -1.000000000000000000 ) ) ;
#3358 = ORIENTED_EDGE ( 'NONE', *, *, #6683, .T. ) ;
#3359 = EDGE_LOOP ( 'NONE', ( #6206, #7269, #5686, #2369 ) ) ;
#3360 = VECTOR ( 'NONE', #535, 1000.000000000000000 ) ;
#3361 = VECTOR ( 'NONE', #1219, 1000.000000000000000 ) ;
#3362 = CARTESIAN_POINT ( 'NONE',  ( -4.156066017177984400, -0.2060660171779828100, -2.450000000000001100 ) ) ;
#3363 = EDGE_LOOP ( 'NONE', ( #4012, #1065, #4109, #7549 ) ) ;
#3364 = CARTESIAN_POINT ( 'NONE',  ( 2.738802264660508400, 0.2500000000000000000, 3.587330402084381900 ) ) ;
#3365 = EDGE_CURVE ( 'NONE', #7819, #2137, #3532, .T. ) ;
#3366 = AXIS2_PLACEMENT_3D ( 'NONE', #2475, #1193, #1827 ) ;
#3367 = FILL_AREA_STYLE ('',( #4062 ) ) ;
#3368 = CIRCLE ( 'NONE', #95, 0.09999999999999982500 ) ;
#3369 = DIRECTION ( 'NONE',  ( 0.0000000000000000000, 0.0000000000000000000, 1.000000000000000000 ) ) ;
#3370 = VECTOR ( 'NONE', #5103, 999.9999999999998900 ) ;
#3371 = ADVANCED_FACE ( 'NONE', ( #6752 ), #6538, .T. ) ;
#3372 = CARTESIAN_POINT ( 'NONE',  ( 2.000000000000000000, 0.05000000000000000300, -3.149999999999999900 ) ) ;
#3373 = AXIS2_PLACEMENT_3D ( 'NONE', #3290, #1383, #818 ) ;
#3374 = FACE_OUTER_BOUND ( 'NONE', #4749, .T. ) ;
#3375 = CARTESIAN_POINT ( 'NONE',  ( -2.939196074080929300, 0.7191252243511373500, -4.115002110133876700 ) ) ;
#3376 = VERTEX_POINT ( 'NONE', #1527 ) ;
#3377 = VECTOR ( 'NONE', #758, 1000.000000000000200 ) ;
#3378 = DIRECTION ( 'NONE',  ( 0.0000000000000000000, 0.0000000000000000000, -1.000000000000000000 ) ) ;
#3379 = LINE ( 'NONE', #4134, #6985 ) ;
#3380 = EDGE_CURVE ( 'NONE', #7658, #2887, #1001, .T. ) ;
#3381 = CARTESIAN_POINT ( 'NONE',  ( -4.242640687119284800, 0.0000000000000000000, 5.242640687119287400 ) ) ;
#3382 = ADVANCED_FACE ( 'NONE', ( #1187 ), #1761, .T. ) ;
#3383 = LINE ( 'NONE', #3654, #5740 ) ;
#3384 = VERTEX_POINT ( 'NONE', #4678 ) ;
#3385 = VECTOR ( 'NONE', #4742, 1000.000000000000100 ) ;
#3386 = DIRECTION ( 'NONE',  ( -0.8571673007021132200, -0.0000000000000000000, -0.5150380749100526000 ) ) ;
#3387 = CARTESIAN_POINT ( 'NONE',  ( -3.951485589396468400, 4.193111900177109800, -3.368376543254082200 ) ) ;
#3388 = EDGE_CURVE ( 'NONE', #5469, #2444, #4638, .T. ) ;
#3389 = FACE_OUTER_BOUND ( 'NONE', #133, .T. ) ;
#3390 = ORIENTED_EDGE ( 'NONE', *, *, #601, .F. ) ;
#3391 = EDGE_LOOP ( 'NONE', ( #5853, #1294, #7130, #6382, #6931, #7529, #3223, #5695 ) ) ;
#3392 = CYLINDRICAL_SURFACE ( 'NONE', #2449, 0.5000000000000004400 ) ;
#3393 = FILL_AREA_STYLE_COLOUR ( '', #1872 ) ;
#3394 = DIRECTION ( 'NONE',  ( -0.0000000000000000000, 1.000000000000000000, -0.0000000000000000000 ) ) ;
#3395 = EDGE_CURVE ( 'NONE', #2121, #165, #6562, .T. ) ;
#3396 = ORIENTED_EDGE ( 'NONE', *, *, #886, .F. ) ;
#3397 = VERTEX_POINT ( 'NONE', #7422 ) ;
#3398 = CARTESIAN_POINT ( 'NONE',  ( 3.534314575036435100, 0.2500000000000000000, -2.450000000000001100 ) ) ;
#3399 = ORIENTED_EDGE ( 'NONE', *, *, #5021, .T. ) ;
#3400 = ORIENTED_EDGE ( 'NONE', *, *, #1247, .F. ) ;
#3401 = EDGE_LOOP ( 'NONE', ( #1278, #2606, #5231, #3884 ) ) ;
#3402 = CARTESIAN_POINT ( 'NONE',  ( -4.091316040819109800, 4.170189603414794300, 3.260954597208887600 ) ) ;
#3403 = EDGE_CURVE ( 'NONE', #2612, #3315, #2859, .T. ) ;
#3404 = UNCERTAINTY_MEASURE_WITH_UNIT (LENGTH_MEASURE( 1.000000000000000100E-005 ), #5758, 'distance_accuracy_value', 'NONE');
#3405 = DIRECTION ( 'NONE',  ( 1.000000000000000000, 8.340016711426986100E-017, 0.0000000000000000000 ) ) ;
#3406 = EDGE_LOOP ( 'NONE', ( #2009, #829, #3006, #6715 ) ) ;
#3407 = CARTESIAN_POINT ( 'NONE',  ( 3.365161116995595500, -13.82508089004571200, 3.620273719552296900 ) ) ;
#3408 = PLANE ( 'NONE',  #4993 ) ;
#3409 = DIRECTION ( 'NONE',  ( 0.6907124771418927700, 3.491481338843133400E-015, -0.7231295001038959800 ) ) ;
#3410 =( GEOMETRIC_REPRESENTATION_CONTEXT ( 3 ) GLOBAL_UNCERTAINTY_ASSIGNED_CONTEXT ( ( #7759 ) ) GLOBAL_UNIT_ASSIGNED_CONTEXT ( ( #6429, #5788, #231 ) ) REPRESENTATION_CONTEXT ( 'NONE', 'WORKASPACE' ) );
#3411 = ORIENTED_EDGE ( 'NONE', *, *, #3414, .F. ) ;
#3412 = VERTEX_POINT ( 'NONE', #6154 ) ;
#3413 = ORIENTED_EDGE ( 'NONE', *, *, #2746, .F. ) ;
#3414 = EDGE_CURVE ( 'NONE', #3721, #1758, #5023, .T. ) ;
#3415 = CARTESIAN_POINT ( 'NONE',  ( 3.113047079054825300, 1.093480756201378500E-016, 3.819090036748166800 ) ) ;
#3416 = AXIS2_PLACEMENT_3D ( 'NONE', #7505, #3762, #6240 ) ;
#3417 = ORIENTED_EDGE ( 'NONE', *, *, #4199, .T. ) ;
#3418 = CARTESIAN_POINT ( 'NONE',  ( 6.000000000000000000, 8.673617379884035500E-016, 0.5000000000000001100 ) ) ;
#3419 = VERTEX_POINT ( 'NONE', #1736 ) ;
#3420 = ORIENTED_EDGE ( 'NONE', *, *, #6643, .F. ) ;
#3421 = DIRECTION ( 'NONE',  ( -0.7231295001038958700, -1.498801083243960700E-015, -0.6907124771418927700 ) ) ;
#3422 = ADVANCED_FACE ( 'NONE', ( #2157 ), #6748, .F. ) ;
#3423 = DIRECTION ( 'NONE',  ( -0.8571673007021086700, 0.0000000000000000000, 0.5150380749100603700 ) ) ;
#3424 = ORIENTED_EDGE ( 'NONE', *, *, #2758, .F. ) ;
#3425 = ORIENTED_EDGE ( 'NONE', *, *, #4643, .T. ) ;
#3426 = ORIENTED_EDGE ( 'NONE', *, *, #5583, .T. ) ;
#3427 = DIRECTION ( 'NONE',  ( 0.6905309921875824000, -0.02292229676231597200, -0.7229394975650269600 ) ) ;
#3428 = EDGE_CURVE ( 'NONE', #3307, #5394, #4917, .T. ) ;
#3429 = VERTEX_POINT ( 'NONE', #8004 ) ;
#3430 = CARTESIAN_POINT ( 'NONE',  ( -4.140508901201028100, 3.163880643471973700, -3.170481851183635700 ) ) ;
#3431 = CARTESIAN_POINT ( 'NONE',  ( -3.891963098134026700, 0.04310923855607500000, 3.186957102127511800 ) ) ;
#3432 = AXIS2_PLACEMENT_3D ( 'NONE', #547, #6250, #578 ) ;
#3433 = CARTESIAN_POINT ( 'NONE',  ( 3.830774262967691500, 0.3999999999999989100, 3.132808077000306400 ) ) ;
#3434 = EDGE_CURVE ( 'NONE', #91, #5930, #6458, .T. ) ;
#3435 = FACE_OUTER_BOUND ( 'NONE', #7840, .T. ) ;
#3436 = VECTOR ( 'NONE', #7186, 1000.000000000000000 ) ;
#3437 = DIRECTION ( 'NONE',  ( 1.000000000000000000, 0.0000000000000000000, -0.0000000000000000000 ) ) ;
#3438 = CARTESIAN_POINT ( 'NONE',  ( -3.580664191045914300, 0.4000000000000010200, 3.748714540709007400 ) ) ;
#3439 = AXIS2_PLACEMENT_3D ( 'NONE', #5743, #104, #4509 ) ;
#3440 = LINE ( 'NONE', #3148, #1750 ) ;
#3441 = CARTESIAN_POINT ( 'NONE',  ( 2.544449482552742400, -0.4322214132938677100, -4.234675067689920500 ) ) ;
#3442 = VECTOR ( 'NONE', #7804, 1000.000000000000000 ) ;
#3443 = CARTESIAN_POINT ( 'NONE',  ( -3.817157287505073900, 0.1328427124805983100, -2.450000000010277300 ) ) ;
#3444 = DIRECTION ( 'NONE',  ( 0.0000000000000000000, 0.0000000000000000000, 1.000000000000000000 ) ) ;
#3445 = EDGE_CURVE ( 'NONE', #462, #137, #3054, .T. ) ;
#3446 = DIRECTION ( 'NONE',  ( 1.000000000000000000, 0.0000000000000000000, -0.0000000000000000000 ) ) ;
#3447 = MECHANICAL_DESIGN_GEOMETRIC_PRESENTATION_REPRESENTATION (  '', ( #1345 ), #1742 ) ;
#3448 = ORIENTED_EDGE ( 'NONE', *, *, #1629, .T. ) ;
#3449 = FACE_OUTER_BOUND ( 'NONE', #158, .T. ) ;
#3450 = ORIENTED_EDGE ( 'NONE', *, *, #569, .T. ) ;
#3451 = DIRECTION ( 'NONE',  ( -0.0000000000000000000, 1.000000000000000000, -0.0000000000000000000 ) ) ;
#3452 = CYLINDRICAL_SURFACE ( 'NONE', #6548, 1.000000000000001800 ) ;
#3453 = LINE ( 'NONE', #3057, #2270 ) ;
#3454 = EDGE_CURVE ( 'NONE', #5609, #2773, #3255, .T. ) ;
#3455 = CARTESIAN_POINT ( 'NONE',  ( -3.979289321885084900, -0.3828427124783568300, 2.449999999999999300 ) ) ;
#3456 = CARTESIAN_POINT ( 'NONE',  ( 4.242640687119284800, 0.0000000000000000000, -3.242640687119283000 ) ) ;
#3457 = DIRECTION ( 'NONE',  ( -0.8571673007021082300, 8.454845150946365700E-017, 0.5150380749100608200 ) ) ;
#3458 = CARTESIAN_POINT ( 'NONE',  ( -3.242819847682089300, 2.500000000000000000, -4.223712162953238400 ) ) ;
#3459 = ORIENTED_EDGE ( 'NONE', *, *, #7128, .T. ) ;
#3460 = PLANE ( 'NONE',  #7484 ) ;
#3461 = ADVANCED_FACE ( 'NONE', ( #2659 ), #3646, .F. ) ;
#3462 = LINE ( 'NONE', #1499, #724 ) ;
#3463 = CIRCLE ( 'NONE', #6822, 0.1500000000000000800 ) ;
#3464 = LINE ( 'NONE', #5588, #6770 ) ;
#3465 = CARTESIAN_POINT ( 'NONE',  ( 3.186957102127513600, 0.04310923855607537400, 3.891963098134031600 ) ) ;
#3466 = PRODUCT ( '13008902', '13008902', '', ( #1936 ) ) ;
#3467 = ORIENTED_EDGE ( 'NONE', *, *, #1680, .T. ) ;
#3468 = FACE_OUTER_BOUND ( 'NONE', #4985, .T. ) ;
#3469 = ORIENTED_EDGE ( 'NONE', *, *, #2725, .T. ) ;
#3470 = CARTESIAN_POINT ( 'NONE',  ( 5.500000000000000000, 1.355252715606880500E-015, 0.5000000000000000000 ) ) ;
#3471 = LINE ( 'NONE', #2459, #1778 ) ;
#3472 = CYLINDRICAL_SURFACE ( 'NONE', #2797, 0.1500000000000002400 ) ;
#3473 = CARTESIAN_POINT ( 'NONE',  ( 3.620273719552300900, -13.82508089004571200, -3.365161116995594200 ) ) ;
#3474 = EDGE_CURVE ( 'NONE', #6824, #7155, #3637, .T. ) ;
#3475 = CYLINDRICAL_SURFACE ( 'NONE', #522, 0.1499999999999999700 ) ;
#3476 = CARTESIAN_POINT ( 'NONE',  ( 3.979289321885084900, -0.3828427124783559400, 2.449999999999999300 ) ) ;
#3477 = EDGE_LOOP ( 'NONE', ( #7417, #4352, #6727, #6368, #6252, #6789, #7407, #8109 ) ) ;
#3478 = FACE_OUTER_BOUND ( 'NONE', #3718, .T. ) ;
#3479 = ORIENTED_EDGE ( 'NONE', *, *, #7992, .T. ) ;
#3481 = VECTOR ( 'NONE', #2324, 1000.000000000000000 ) ;
#3480 = DIRECTION ( 'NONE',  ( 8.031127203596331800E-017, 6.697973508958929100E-033, 1.000000000000000000 ) ) ;
#3482 = CARTESIAN_POINT ( 'NONE',  ( 0.0000000000000000000, 5.000000000000000000, 3.000000000000000000 ) ) ;
#3483 = DIRECTION ( 'NONE',  ( 0.0000000000000000000, 0.0000000000000000000, -1.000000000000000000 ) ) ;
#3484 = VECTOR ( 'NONE', #2111, 1000.000000000000000 ) ;
#3485 = EDGE_CURVE ( 'NONE', #2479, #5850, #8048, .T. ) ;
#3486 = VERTEX_POINT ( 'NONE', #6775 ) ;
#3487 = DIRECTION ( 'NONE',  ( 0.0000000000000000000, 0.0000000000000000000, -1.000000000000000000 ) ) ;
#3488 = LINE ( 'NONE', #424, #463 ) ;
#3489 = ORIENTED_EDGE ( 'NONE', *, *, #5512, .T. ) ;
#3490 = ORIENTED_EDGE ( 'NONE', *, *, #6301, .T. ) ;
#3491 = CARTESIAN_POINT ( 'NONE',  ( 3.291769412734989200, 0.1912053364946874300, 3.996642290355197200 ) ) ;
#3492 = AXIS2_PLACEMENT_3D ( 'NONE', #2017, #3244, #4529 ) ;
#3493 = ORIENTED_EDGE ( 'NONE', *, *, #1328, .F. ) ;
#3494 = EDGE_LOOP ( 'NONE', ( #4772, #7331, #2028, #594 ) ) ;
#3495 = CARTESIAN_POINT ( 'NONE',  ( 3.171361079108931500, 2.725251141633910000, -3.793949545425549200 ) ) ;
#3496 = EDGE_CURVE ( 'NONE', #2137, #6923, #7454, .T. ) ;
#3497 = ORIENTED_EDGE ( 'NONE', *, *, #5787, .F. ) ;
#3498 = VERTEX_POINT ( 'NONE', #370 ) ;
#3499 = AXIS2_PLACEMENT_3D ( 'NONE', #2609, #6975, #3300 ) ;
#3500 = ADVANCED_FACE ( 'NONE', ( #3348 ), #1707, .F. ) ;
#3501 = DIRECTION ( 'NONE',  ( 0.0000000000000000000, -0.0000000000000000000, 1.000000000000000000 ) ) ;
#3502 = ORIENTED_EDGE ( 'NONE', *, *, #5672, .T. ) ;
#3503 = ORIENTED_EDGE ( 'NONE', *, *, #6434, .F. ) ;
#3504 = CARTESIAN_POINT ( 'NONE',  ( -3.132808077000298400, 0.4000000000000001900, 3.830774262967694200 ) ) ;
#3505 = ORIENTED_EDGE ( 'NONE', *, *, #3434, .F. ) ;
#3506 = EDGE_CURVE ( 'NONE', #2516, #2205, #4144, .T. ) ;
#3507 = DIRECTION ( 'NONE',  ( -0.7231295001038959800, 0.0000000000000000000, -0.6907124771418927700 ) ) ;
#3508 = DIRECTION ( 'NONE',  ( 1.204669080539449300E-016, 0.0000000000000000000, 1.000000000000000000 ) ) ;
#3509 = EDGE_LOOP ( 'NONE', ( #6258, #1507, #1404, #4524 ) ) ;
#3510 = ORIENTED_EDGE ( 'NONE', *, *, #2885, .F. ) ;
#3511 = EDGE_LOOP ( 'NONE', ( #4088, #649, #7538, #6029 ) ) ;
#3512 = CARTESIAN_POINT ( 'NONE',  ( 2.000000000000000400, 0.0000000000000000000, 1.000000000000000000 ) ) ;
#3513 = CARTESIAN_POINT ( 'NONE',  ( 4.999999999999999100, 5.000000000000000000, 6.000000000000000000 ) ) ;
#3514 = ORIENTED_EDGE ( 'NONE', *, *, #507, .F. ) ;
#3515 = VERTEX_POINT ( 'NONE', #4500 ) ;
#3516 = B_SPLINE_CURVE_WITH_KNOTS ( 'NONE', 3,
 ( #1460, #1411, #1385, #791 ),
 .UNSPECIFIED., .F., .F.,
 ( 4, 4 ),
 ( 0.0000000000000000000, 1.000000000000000000 ),
 .UNSPECIFIED. ) ;
#3517 = ADVANCED_FACE ( 'NONE', ( #210 ), #6656, .F. ) ;
#3518 = AXIS2_PLACEMENT_3D ( 'NONE', #2229, #958, #1564 ) ;
#3519 = PLANE ( 'NONE',  #4712 ) ;
#3520 = DIRECTION ( 'NONE',  ( 0.0000000000000000000, 0.0000000000000000000, 1.000000000000000000 ) ) ;
#3521 = ORIENTED_EDGE ( 'NONE', *, *, #2030, .T. ) ;
#3522 = CARTESIAN_POINT ( 'NONE',  ( -4.223712162953238400, 5.000000000000000000, -3.242819847682089300 ) ) ;
#3523 = CARTESIAN_POINT ( 'NONE',  ( -4.242640687119284800, 5.000000000000000000, 4.242640687119285700 ) ) ;
#3524 = CARTESIAN_POINT ( 'NONE',  ( -6.000000000000000000, 5.000000000000000000, -4.999999999999999100 ) ) ;
#3525 = FACE_OUTER_BOUND ( 'NONE', #7606, .T. ) ;
#3526 = EDGE_CURVE ( 'NONE', #5464, #1155, #2254, .T. ) ;
#3527 = CARTESIAN_POINT ( 'NONE',  ( -5.499999999999998200, -0.5000000000000001100, 2.449999999999999300 ) ) ;
#3528 = FACE_OUTER_BOUND ( 'NONE', #3322, .T. ) ;
#3529 = AXIS2_PLACEMENT_3D ( 'NONE', #3234, #6911, #7552 ) ;
#3530 = CARTESIAN_POINT ( 'NONE',  ( -3.780238010830864000, 3.591048996928916500, -3.185716133469807400 ) ) ;
#3531 = ADVANCED_FACE ( 'NONE', ( #7042 ), #618, .F. ) ;
#3532 = LINE ( 'NONE', #3351, #1752 ) ;
#3533 = CARTESIAN_POINT ( 'NONE',  ( -3.067465623966091100, 0.6973362886642219300, 4.328478490218159900 ) ) ;
#3534 = ORIENTED_EDGE ( 'NONE', *, *, #2113, .F. ) ;
#3535 = CARTESIAN_POINT ( 'NONE',  ( 1.850000000000000100, 0.0000000000000000000, -4.049719055553643100 ) ) ;
#3536 = EDGE_CURVE ( 'NONE', #3906, #5139, #6274, .T. ) ;
#3537 = ORIENTED_EDGE ( 'NONE', *, *, #2079, .T. ) ;
#3538 = FACE_OUTER_BOUND ( 'NONE', #1930, .T. ) ;
#3539 = VECTOR ( 'NONE', #5533, 1000.000000000000100 ) ;
#3540 = CARTESIAN_POINT ( 'NONE',  ( -2.847265478254242600, 0.4000000000000004700, -3.962003905699266900 ) ) ;
#3541 = AXIS2_PLACEMENT_3D ( 'NONE', #6028, #7982, #464 ) ;
#3542 = ORIENTED_EDGE ( 'NONE', *, *, #7334, .T. ) ;
#3543 = ORIENTED_EDGE ( 'NONE', *, *, #2583, .T. ) ;
#3544 = CARTESIAN_POINT ( 'NONE',  ( 3.407986071760452000, -4.815984494934302700, -3.567932165683048100 ) ) ;
#3545 = CYLINDRICAL_SURFACE ( 'NONE', #5471, 1.000000000000001800 ) ;
#3546 = DIRECTION ( 'NONE',  ( 1.000000000000000000, 0.0000000000000000000, 0.0000000000000000000 ) ) ;
#3547 = DIRECTION ( 'NONE',  ( -0.0000000000000000000, 1.000000000000000000, -0.0000000000000000000 ) ) ;
#3548 = LINE ( 'NONE', #6736, #1964 ) ;
#3549 = EDGE_CURVE ( 'NONE', #7295, #7322, #3738, .T. ) ;
#3550 = STYLED_ITEM ( 'NONE', ( #3652 ), #6052 ) ;
#3551 = CARTESIAN_POINT ( 'NONE',  ( -3.793949545425545600, 2.725251141633873600, -3.171361079108933300 ) ) ;
#3552 = ORIENTED_EDGE ( 'NONE', *, *, #4033, .T. ) ;
#3553 = ADVANCED_FACE ( 'NONE', ( #6650 ), #1874, .T. ) ;
#3554 = ORIENTED_EDGE ( 'NONE', *, *, #1179, .F. ) ;
#3555 =( GEOMETRIC_REPRESENTATION_CONTEXT ( 3 ) GLOBAL_UNCERTAINTY_ASSIGNED_CONTEXT ( ( #2546 ) ) GLOBAL_UNIT_ASSIGNED_CONTEXT ( ( #6539, #2240, #2886 ) ) REPRESENTATION_CONTEXT ( 'NONE', 'WORKASPACE' ) );
#3556 = VECTOR ( 'NONE', #6561, 1000.000000000000000 ) ;
#3557 = DIRECTION ( 'NONE',  ( 0.6907124771418927700, 3.491481338843133400E-015, -0.7231295001038959800 ) ) ;
#3558 = CIRCLE ( 'NONE', #3111, 1.000000000000000000 ) ;
#3559 = EDGE_CURVE ( 'NONE', #7798, #8065, #1375, .T. ) ;
#3560 = DIRECTION ( 'NONE',  ( 0.0000000000000000000, 1.000000000000000000, 0.0000000000000000000 ) ) ;
#3561 = ORIENTED_EDGE ( 'NONE', *, *, #7949, .T. ) ;
#3562 = VECTOR ( 'NONE', #6950, 1000.000000000000000 ) ;
#3563 = AXIS2_PLACEMENT_3D ( 'NONE', #4289, #2422, #4929 ) ;
#3564 = DIRECTION ( 'NONE',  ( 0.0000000000000000000, 0.0000000000000000000, -1.000000000000000000 ) ) ;
#3565 = CYLINDRICAL_SURFACE ( 'NONE', #3439, 0.4999999999999995600 ) ;
#3566 = B_SPLINE_CURVE_WITH_KNOTS ( 'NONE', 3,
 ( #3633, #8020, #6763, #3042, #4931, #3665 ),
 .UNSPECIFIED., .F., .F.,
 ( 4, 2, 4 ),
 ( 0.0000000000000000000, 0.5000000000000000000, 1.000000000000000000 ),
 .UNSPECIFIED. ) ;
#3567 = LINE ( 'NONE', #2881, #7880 ) ;
#3568 = CARTESIAN_POINT ( 'NONE',  ( 2.924227208185329600, 0.3869266385878511500, -4.090089733749843900 ) ) ;
#3569 = CIRCLE ( 'NONE', #1588, 5.325000000000001100 ) ;
#3570 = VERTEX_POINT ( 'NONE', #38 ) ;
#3571 = LINE ( 'NONE', #5309, #457 ) ;
#3572 = ADVANCED_FACE ( 'NONE', ( #5410 ), #7943, .F. ) ;
#3573 = FILL_AREA_STYLE ('',( #3393 ) ) ;
#3574 = EDGE_CURVE ( 'NONE', #3376, #3486, #3157, .T. ) ;
#3575 = DIRECTION ( 'NONE',  ( 0.0000000000000000000, -1.000000000000000000, 0.0000000000000000000 ) ) ;
#3576 = CARTESIAN_POINT ( 'NONE',  ( 3.982663422528959900, 0.1912053364946848000, 3.273322737776073000 ) ) ;
#3577 = EDGE_LOOP ( 'NONE', ( #7423, #1923, #6472, #2695 ) ) ;
#3578 = ORIENTED_EDGE ( 'NONE', *, *, #5702, .T. ) ;
#3579 = DIRECTION ( 'NONE',  ( 0.0000000000000000000, 0.0000000000000000000, -1.000000000000000000 ) ) ;
#3580 = CARTESIAN_POINT ( 'NONE',  ( 4.027608712166940400, 0.2949861872786527200, -3.321806003186824600 ) ) ;
#3581 = EDGE_LOOP ( 'NONE', ( #1721, #6426, #2713, #733 ) ) ;
#3582 = ORIENTED_EDGE ( 'NONE', *, *, #5424, .T. ) ;
#3583 = DIRECTION ( 'NONE',  ( 0.01583271637848332500, 0.9997372496366935300, -0.01657578899896433600 ) ) ;
#3584 = EDGE_CURVE ( 'NONE', #6332, #3070, #4784, .T. ) ;
#3585 = CARTESIAN_POINT ( 'NONE',  ( -5.500000000000000000, 0.0000000000000000000, 2.449999999999999300 ) ) ;
#3586 = CARTESIAN_POINT ( 'NONE',  ( 4.242640687119284800, 0.0000000000000000000, -3.242640687119283000 ) ) ;
#3587 = VERTEX_POINT ( 'NONE', #1904 ) ;
#3588 = ORIENTED_EDGE ( 'NONE', *, *, #7053, .T. ) ;
#3589 = ORIENTED_EDGE ( 'NONE', *, *, #668, .F. ) ;
#3590 = CARTESIAN_POINT ( 'NONE',  ( 6.031385485800715100E-016, 0.0000000000000000000, 4.925000000000000700 ) ) ;
#3591 = CARTESIAN_POINT ( 'NONE',  ( -3.038251868144763900, 0.08333333333333332900, -3.745358649331324200 ) ) ;
#3592 = AXIS2_PLACEMENT_3D ( 'NONE', #1474, #5888, #2691 ) ;
#3593 = ORIENTED_EDGE ( 'NONE', *, *, #3692, .F. ) ;
#3594 = ORIENTED_EDGE ( 'NONE', *, *, #7110, .F. ) ;
#3595 = ADVANCED_FACE ( 'NONE', ( #1563 ), #68, .T. ) ;
#3596 = ORIENTED_EDGE ( 'NONE', *, *, #1993, .T. ) ;
#3597 = CARTESIAN_POINT ( 'NONE',  ( -4.242640687119284800, 5.000000000000000000, -4.242640687119284800 ) ) ;
#3598 = ORIENTED_EDGE ( 'NONE', *, *, #475, .T. ) ;
#3599 = ORIENTED_EDGE ( 'NONE', *, *, #1088, .F. ) ;
#3600 = EDGE_CURVE ( 'NONE', #6627, #5938, #5207, .T. ) ;
#3601 = AXIS2_PLACEMENT_3D ( 'NONE', #7435, #5589, #5616 ) ;
#3602 = CARTESIAN_POINT ( 'NONE',  ( 5.750000000000000000, 1.355252715606880500E-015, 2.449999999999999300 ) ) ;
#3603 = CARTESIAN_POINT ( 'NONE',  ( -6.717514421272199800, 0.0000000000000000000, -6.010407640085673200 ) ) ;
#3604 = CARTESIAN_POINT ( 'NONE',  ( 4.011556637993663800, 0.4000000000000010200, 3.305486196285776700 ) ) ;
#3605 = ORIENTED_EDGE ( 'NONE', *, *, #7881, .F. ) ;
#3606 = VERTEX_POINT ( 'NONE', #5783 ) ;
#3607 = AXIS2_PLACEMENT_3D ( 'NONE', #2647, #4569, #7735 ) ;
#3608 = DIRECTION ( 'NONE',  ( 0.0000000000000000000, 1.000000000000000000, -0.0000000000000000000 ) ) ;
#3609 = EDGE_LOOP ( 'NONE', ( #1980, #3777, #3228, #6568, #6329, #6599, #4395, #2728 ) ) ;
#3610 = CARTESIAN_POINT ( 'NONE',  ( 0.0000000000000000000, 0.0000000000000000000, 1.000000000000000000 ) ) ;
#3611 = ORIENTED_EDGE ( 'NONE', *, *, #1692, .F. ) ;
#3612 = ORIENTED_EDGE ( 'NONE', *, *, #7321, .F. ) ;
#3613 = CARTESIAN_POINT ( 'NONE',  ( -3.783485124018386900, 0.2661659644585281400, -3.078507871027549300 ) ) ;
#3614 = CARTESIAN_POINT ( 'NONE',  ( 4.242640687119284800, 0.0000000000000000000, 4.242640687119284800 ) ) ;
#3615 = ORIENTED_EDGE ( 'NONE', *, *, #7136, .F. ) ;
#3616 = ORIENTED_EDGE ( 'NONE', *, *, #3246, .F. ) ;
#3617 = CARTESIAN_POINT ( 'NONE',  ( -1.750000000000000000, 0.2500000000000000000, -4.049719055553581800 ) ) ;
#3618 = DIRECTION ( 'NONE',  ( -1.000000000000000000, 0.0000000000000000000, 0.0000000000000000000 ) ) ;
#3619 = ADVANCED_FACE ( 'NONE', ( #113 ), #5140, .T. ) ;
#3620 = CARTESIAN_POINT ( 'NONE',  ( 0.0000000000000000000, 4.400000000000000400, -6.000000000000000000 ) ) ;
#3621 = DIRECTION ( 'NONE',  ( 0.0000000000000000000, 0.0000000000000000000, 1.000000000000000000 ) ) ;
#3622 = CARTESIAN_POINT ( 'NONE',  ( 3.132808077000298800, 0.4000000000000004100, -3.830774262967693700 ) ) ;
#3623 = EDGE_CURVE ( 'NONE', #3838, #1620, #1946, .T. ) ;
#3624 = DIRECTION ( 'NONE',  ( 0.0000000000000000000, 1.000000000000000000, 0.0000000000000000000 ) ) ;
#3625 = CARTESIAN_POINT ( 'NONE',  ( -5.500000000000000000, 0.0000000000000000000, 2.449999999999999300 ) ) ;
#3626 = LINE ( 'NONE', #6592, #2344 ) ;
#3627 = DIRECTION ( 'NONE',  ( 0.0000000000000000000, 0.0000000000000000000, 1.000000000000000000 ) ) ;
#3628 = VECTOR ( 'NONE', #1362, 1000.000000000000000 ) ;
#3629 = DIRECTION ( 'NONE',  ( 0.6907124771418927700, 3.491481338843133400E-015, -0.7231295001038959800 ) ) ;
#3630 = AXIS2_PLACEMENT_3D ( 'NONE', #769, #3263, #2012 ) ;
#3631 = CARTESIAN_POINT ( 'NONE',  ( 3.022039096752201700, 0.0000000000000000000, -3.729145877938739400 ) ) ;
#3632 = DIRECTION ( 'NONE',  ( 0.5150380749100538200, -0.0000000000000000000, -0.8571673007021124400 ) ) ;
#3633 = CARTESIAN_POINT ( 'NONE',  ( -3.038251868144764800, 0.0000000000000000000, -3.745358649331325600 ) ) ;
#3634 = EDGE_CURVE ( 'NONE', #3806, #4706, #4139, .T. ) ;
#3635 = LINE ( 'NONE', #6986, #6649 ) ;
#3636 = CARTESIAN_POINT ( 'NONE',  ( -3.756479356644851600, 0.2499999999999999400, -3.050436394436109000 ) ) ;
#3637 = LINE ( 'NONE', #2214, #1955 ) ;
#3638 = CARTESIAN_POINT ( 'NONE',  ( 0.0000000000000000000, 5.000000000000000000, 3.000000000000000000 ) ) ;
#3639 = CARTESIAN_POINT ( 'NONE',  ( 3.891963098134028100, 0.04310923855607525600, -3.186957102127510900 ) ) ;
#3640 = CARTESIAN_POINT ( 'NONE',  ( 4.156066017177984400, -0.2060660171779816200, 2.449999999999999300 ) ) ;
#3641 = ORIENTED_EDGE ( 'NONE', *, *, #5680, .F. ) ;
#3642 = AXIS2_PLACEMENT_3D ( 'NONE', #5454, #2964, #2236 ) ;
#3643 = DIRECTION ( 'NONE',  ( 0.0000000000000000000, -0.0000000000000000000, -1.000000000000000000 ) ) ;
#3644 = ORIENTED_EDGE ( 'NONE', *, *, #7201, .F. ) ;
#3645 = LINE ( 'NONE', #5967, #4051 ) ;
#3646 = PLANE ( 'NONE',  #1028 ) ;
#3647 = VECTOR ( 'NONE', #4951, 1000.000000000000000 ) ;
#3648 = DIRECTION ( 'NONE',  ( 1.000000000000000000, 0.0000000000000000000, 0.0000000000000000000 ) ) ;
#3649 = CARTESIAN_POINT ( 'NONE',  ( -1.544447539153289300E-018, 2.168404344971008900E-016, 0.0000000000000000000 ) ) ;
#3650 = EDGE_CURVE ( 'NONE', #3310, #5413, #2446, .T. ) ;
#3651 = ORIENTED_EDGE ( 'NONE', *, *, #2850, .F. ) ;
#3652 = PRESENTATION_STYLE_ASSIGNMENT (( #4547 ) ) ;
#3653 = CIRCLE ( 'NONE', #5255, 0.5000000000000015500 ) ;
#3654 = CARTESIAN_POINT ( 'NONE',  ( -0.9499999999999995100, 0.0000000000000000000, -5.100000000000001400 ) ) ;
#3655 = VECTOR ( 'NONE', #7426, 1000.000000000000000 ) ;
#3656 = EDGE_CURVE ( 'NONE', #4067, #2924, #5122, .T. ) ;
#3657 = DIRECTION ( 'NONE',  ( 0.0000000000000000000, 0.0000000000000000000, 1.000000000000000000 ) ) ;
#3658 = FACE_OUTER_BOUND ( 'NONE', #5003, .T. ) ;
#3659 = DIRECTION ( 'NONE',  ( -0.0000000000000000000, 1.000000000000000000, 0.0000000000000000000 ) ) ;
#3660 = ADVANCED_FACE ( 'NONE', ( #2849 ), #1417, .T. ) ;
#3661 = ORIENTED_EDGE ( 'NONE', *, *, #2874, .F. ) ;
#3662 = LINE ( 'NONE', #2738, #7172 ) ;
#3663 = CARTESIAN_POINT ( 'NONE',  ( -5.500000000000000000, -0.5000000000000002200, 0.5000000000000000000 ) ) ;
#3664 = ORIENTED_EDGE ( 'NONE', *, *, #2338, .T. ) ;
#3665 = CARTESIAN_POINT ( 'NONE',  ( -3.320662628199693200, 0.4000000000000001900, -4.028805748864897400 ) ) ;
#3666 = LINE ( 'NONE', #6210, #5150 ) ;
#3667 = ORIENTED_EDGE ( 'NONE', *, *, #6301, .F. ) ;
#3669 = CIRCLE ( 'NONE', #3373, 1.000000000000001800 ) ;
#3668 = CARTESIAN_POINT ( 'NONE',  ( -3.168643545554899400, 0.04310923855607504800, 3.877851111921486900 ) ) ;
#3670 = SURFACE_STYLE_FILL_AREA ( #2580 ) ;
#3671 = DIRECTION ( 'NONE',  ( 0.0000000000000000000, 0.0000000000000000000, -1.000000000000000000 ) ) ;
#3672 = DIRECTION ( 'NONE',  ( -0.0000000000000000000, -0.0000000000000000000, -1.000000000000000000 ) ) ;
#3673 = ORIENTED_EDGE ( 'NONE', *, *, #4958, .T. ) ;
#3674 = CARTESIAN_POINT ( 'NONE',  ( 0.0000000000000000000, 0.2500000000000000000, 1.000000000000000000 ) ) ;
#3675 = FACE_OUTER_BOUND ( 'NONE', #2108, .T. ) ;
#3676 = ORIENTED_EDGE ( 'NONE', *, *, #7792, .T. ) ;
#3677 = CARTESIAN_POINT ( 'NONE',  ( 4.242640687119284800, 5.000000000000000000, 4.242640687119284800 ) ) ;
#3678 = LINE ( 'NONE', #6014, #1500 ) ;
#3679 = DIRECTION ( 'NONE',  ( 0.6907124771418919900, -3.491481338843133400E-015, -0.7231295001038965400 ) ) ;
#3680 = AXIS2_PLACEMENT_3D ( 'NONE', #4147, #3547, #4714 ) ;
#3681 = DIRECTION ( 'NONE',  ( -0.8571673007021083400, 8.454845150946366900E-017, 0.5150380749100609300 ) ) ;
#3682 = CARTESIAN_POINT ( 'NONE',  ( 4.242640687119284800, 5.000000000000000000, -5.242640687119286500 ) ) ;
#3683 = VECTOR ( 'NONE', #55, 1000.000000000000000 ) ;
#3684 = ORIENTED_EDGE ( 'NONE', *, *, #5424, .F. ) ;
#3685 = ADVANCED_FACE ( 'NONE', ( #7556 ), #5806, .F. ) ;
#3686 = EDGE_LOOP ( 'NONE', ( #426, #6517, #4684, #2533 ) ) ;
#3687 = VECTOR ( 'NONE', #2296, 1000.000000000000000 ) ;
#3688 = CARTESIAN_POINT ( 'NONE',  ( 2.000000000000000000, 0.05000000000000000300, -1.850000000000000100 ) ) ;
#3689 = CARTESIAN_POINT ( 'NONE',  ( 3.961020385856838500, 3.591048996928875700, 3.358394252755281700 ) ) ;
#3690 = CARTESIAN_POINT ( 'NONE',  ( 6.000000000000000000, 0.5371092495122262700, -2.450000000000001100 ) ) ;
#3691 = DIRECTION ( 'NONE',  ( 0.0000000000000000000, 1.000000000000000000, 0.0000000000000000000 ) ) ;
#3692 = EDGE_CURVE ( 'NONE', #5609, #564, #5786, .T. ) ;
#3693 = DIRECTION ( 'NONE',  ( 0.7071067811865462400, 0.0000000000000000000, 0.7071067811865489100 ) ) ;
#3694 = ORIENTED_EDGE ( 'NONE', *, *, #4502, .F. ) ;
#3695 = ORIENTED_EDGE ( 'NONE', *, *, #6097, .T. ) ;
#3696 = CARTESIAN_POINT ( 'NONE',  ( -2.238493367623672000, 0.3869266385878510900, -4.502120193677874300 ) ) ;
#3697 = CYLINDRICAL_SURFACE ( 'NONE', #6378, 0.09999999999999982500 ) ;
#3698 = DIRECTION ( 'NONE',  ( 0.0000000000000000000, 0.0000000000000000000, -1.000000000000000000 ) ) ;
#3699 = ORIENTED_EDGE ( 'NONE', *, *, #1799, .F. ) ;
#3700 = CARTESIAN_POINT ( 'NONE',  ( 2.161531637692523800, 0.4000000000000004700, -4.374034365627328400 ) ) ;
#3701 = ORIENTED_EDGE ( 'NONE', *, *, #6943, .F. ) ;
#3702 = ORIENTED_EDGE ( 'NONE', *, *, #4893, .F. ) ;
#3703 = VECTOR ( 'NONE', #2141, 1000.000000000000000 ) ;
#3704 = CARTESIAN_POINT ( 'NONE',  ( 6.000000000000000000, 1.416485055564248300E-015, -0.5000000000000000000 ) ) ;
#3705 = CARTESIAN_POINT ( 'NONE',  ( -4.924999999999999800, -1.500000000000002400, 0.0000000000000000000 ) ) ;
#3706 = EDGE_CURVE ( 'NONE', #455, #274, #1182, .T. ) ;
#3707 = VERTEX_POINT ( 'NONE', #6396 ) ;
#3708 = PLANE ( 'NONE',  #3161 ) ;
#3709 = ADVANCED_FACE ( 'NONE', ( #5402 ), #6747, .T. ) ;
#3710 = DIRECTION ( 'NONE',  ( 0.01583271637848243700, -0.9997372496366935300, -0.01657578899896339200 ) ) ;
#3711 = ORIENTED_EDGE ( 'NONE', *, *, #3454, .T. ) ;
#3712 = ORIENTED_EDGE ( 'NONE', *, *, #6623, .T. ) ;
#3713 = ORIENTED_EDGE ( 'NONE', *, *, #3403, .T. ) ;
#3714 = EDGE_LOOP ( 'NONE', ( #4166, #2076, #8049, #5212 ) ) ;
#3715 = PLANE ( 'NONE',  #6573 ) ;
#3716 = AXIS2_PLACEMENT_3D ( 'NONE', #2804, #3333, #4610 ) ;
#3717 = DIRECTION ( 'NONE',  ( 0.0000000000000000000, -1.000000000000000000, 0.0000000000000000000 ) ) ;
#3718 = EDGE_LOOP ( 'NONE', ( #6196, #4954, #779, #763 ) ) ;
#3719 = ORIENTED_EDGE ( 'NONE', *, *, #5702, .F. ) ;
#3720 = EDGE_CURVE ( 'NONE', #4469, #7324, #6022, .T. ) ;
#3721 = VERTEX_POINT ( 'NONE', #7696 ) ;
#3722 = AXIS2_PLACEMENT_3D ( 'NONE', #1133, #5510, #1159 ) ;
#3723 = DIRECTION ( 'NONE',  ( 0.6905309921875831800, 0.02292229676231449800, -0.7229394975650261800 ) ) ;
#3724 = DIRECTION ( 'NONE',  ( 0.0000000000000000000, 0.0000000000000000000, -1.000000000000000000 ) ) ;
#3725 = DIRECTION ( 'NONE',  ( 0.0000000000000000000, 0.0000000000000000000, -1.000000000000000000 ) ) ;
#3726 = CARTESIAN_POINT ( 'NONE',  ( 2.738802264660508400, 0.2500000000000000000, 3.487330402084382300 ) ) ;
#3727 = ORIENTED_EDGE ( 'NONE', *, *, #101, .T. ) ;
#3728 = EDGE_CURVE ( 'NONE', #5890, #1156, #790, .T. ) ;
#3729 = ADVANCED_FACE ( 'NONE', ( #4243 ), #224, .F. ) ;
#3730 = DIRECTION ( 'NONE',  ( -0.0000000000000000000, 1.000000000000000000, -0.0000000000000000000 ) ) ;
#3731 = DIRECTION ( 'NONE',  ( -1.000000000000000000, -1.668003342285397200E-016, 0.0000000000000000000 ) ) ;
#3732 = FACE_OUTER_BOUND ( 'NONE', #2819, .T. ) ;
#3733 = VECTOR ( 'NONE', #7105, 1000.000000000000000 ) ;
#3734 = CARTESIAN_POINT ( 'NONE',  ( -3.131611045383194500, 0.3606199873797613100, 3.831917633101739300 ) ) ;
#3735 = DIRECTION ( 'NONE',  ( -0.5130781995407807100, -0.08715574274766248200, -0.8539055203370534700 ) ) ;
#3736 = DIRECTION ( 'NONE',  ( -1.000000000000000000, -8.031127203596331800E-017, -8.031127203596331800E-017 ) ) ;
#3737 = CIRCLE ( 'NONE', #2498, 0.5000000000000017800 ) ;
#3738 = LINE ( 'NONE', #1310, #412 ) ;
#3739 = EDGE_CURVE ( 'NONE', #3906, #3419, #2650, .T. ) ;
#3740 = DIRECTION ( 'NONE',  ( 0.0000000000000000000, 0.0000000000000000000, 1.000000000000000000 ) ) ;
#3741 = ORIENTED_EDGE ( 'NONE', *, *, #2815, .T. ) ;
#3742 = DIRECTION ( 'NONE',  ( 0.01657578899896300400, 0.9997372496366935300, 0.01583271637848216200 ) ) ;
#3743 = ORIENTED_EDGE ( 'NONE', *, *, #1291, .F. ) ;
#3744 = CARTESIAN_POINT ( 'NONE',  ( 1.850000000000001000, 0.0000000000000000000, 4.049719055553578300 ) ) ;
#3745 = ADVANCED_FACE ( 'NONE', ( #994 ), #4649, .T. ) ;
#3746 = DIRECTION ( 'NONE',  ( -1.000000000000000000, 0.0000000000000000000, 0.0000000000000000000 ) ) ;
#3747 = ORIENTED_EDGE ( 'NONE', *, *, #3917, .T. ) ;
#3748 = VECTOR ( 'NONE', #4739, 1000.000000000000000 ) ;
#3749 = AXIS2_PLACEMENT_3D ( 'NONE', #3744, #4400, #5013 ) ;
#3750 = CARTESIAN_POINT ( 'NONE',  ( 3.756479356644846200, 0.2499999999999997800, 3.050436394436112100 ) ) ;
#3751 = DIRECTION ( 'NONE',  ( -0.0000000000000000000, -0.0000000000000000000, -1.000000000000000000 ) ) ;
#3752 = FACE_OUTER_BOUND ( 'NONE', #2503, .T. ) ;
#3753 = DIRECTION ( 'NONE',  ( 1.000000000000000000, -0.0000000000000000000, -0.0000000000000000000 ) ) ;
#3754 = EDGE_CURVE ( 'NONE', #5139, #2431, #2556, .T. ) ;
#3755 = LINE ( 'NONE', #1337, #1661 ) ;
#3756 = VECTOR ( 'NONE', #5436, 1000.000000000000100 ) ;
#3757 = CARTESIAN_POINT ( 'NONE',  ( 4.399502812818740300, 5.000000000000000000, 3.000000000000000000 ) ) ;
#3758 = FACE_OUTER_BOUND ( 'NONE', #8063, .T. ) ;
#3759 = DIRECTION ( 'NONE',  ( -0.5130781995407750500, 0.08715574274766199600, 0.8539055203370569100 ) ) ;
#3760 = DIRECTION ( 'NONE',  ( 0.0000000000000000000, -1.000000000000000000, -0.0000000000000000000 ) ) ;
#3761 = AXIS2_PLACEMENT_3D ( 'NONE', #2064, #1985, #7001 ) ;
#3762 = DIRECTION ( 'NONE',  ( -0.8571673007021083400, 8.454845150946366900E-017, 0.5150380749100609300 ) ) ;
#3763 = ORIENTED_EDGE ( 'NONE', *, *, #1096, .F. ) ;
#3764 = FACE_OUTER_BOUND ( 'NONE', #1376, .T. ) ;
#3765 = CARTESIAN_POINT ( 'NONE',  ( -3.022039096752198600, 0.2500000000000000000, 3.729145877938738500 ) ) ;
#3766 = DIRECTION ( 'NONE',  ( 0.0000000000000000000, 0.0000000000000000000, -1.000000000000000000 ) ) ;
#3767 = VECTOR ( 'NONE', #456, 1000.000000000000000 ) ;
#3768 = EDGE_CURVE ( 'NONE', #5183, #7724, #896, .T. ) ;
#3769 = B_SPLINE_CURVE_WITH_KNOTS ( 'NONE', 1,
 ( #7638, #7614 ),
 .UNSPECIFIED., .F., .F.,
 ( 2, 2 ),
 ( 0.0000000000000000000, 1.000000000000000000 ),
 .UNSPECIFIED. ) ;
#3770 = LINE ( 'NONE', #2628, #5151 ) ;
#3771 = AXIS2_PLACEMENT_3D ( 'NONE', #2809, #6543, #7171 ) ;
#3772 = ADVANCED_FACE ( 'NONE', ( #1273 ), #6553, .F. ) ;
#3773 = ORIENTED_EDGE ( 'NONE', *, *, #5859, .F. ) ;
#3774 = VECTOR ( 'NONE', #5119, 1000.000000000000000 ) ;
#3775 = EDGE_CURVE ( 'NONE', #4557, #6053, #1092, .T. ) ;
#3776 = CARTESIAN_POINT ( 'NONE',  ( 3.067465623966121800, 0.6973362886642217000, 4.328478490218136800 ) ) ;
#3777 = ORIENTED_EDGE ( 'NONE', *, *, #5173, .T. ) ;
#3778 = CYLINDRICAL_SURFACE ( 'NONE', #2013, 0.5000000000000004400 ) ;
#3779 = LINE ( 'NONE', #8027, #2088 ) ;
#3780 = DIRECTION ( 'NONE',  ( -0.6905309921875832900, -0.02292229676231452600, 0.7229394975650260700 ) ) ;
#3781 = CARTESIAN_POINT ( 'NONE',  ( -2.653085534590288400, 0.0000000000000000000, -3.638834209575374500 ) ) ;
#3782 = DIRECTION ( 'NONE',  ( 0.0000000000000000000, 0.0000000000000000000, -1.000000000000000000 ) ) ;
#3783 = VERTEX_POINT ( 'NONE', #2124 ) ;
#3784 = PLANE ( 'NONE',  #4132 ) ;
#3785 = DIRECTION ( 'NONE',  ( 0.0000000000000000000, 0.0000000000000000000, 1.000000000000000000 ) ) ;
#3786 = EDGE_CURVE ( 'NONE', #2794, #4122, #7035, .T. ) ;
#3787 = CIRCLE ( 'NONE', #4309, 0.1500000000000004900 ) ;
#3788 = ORIENTED_EDGE ( 'NONE', *, *, #546, .T. ) ;
#3789 = CARTESIAN_POINT ( 'NONE',  ( -4.223712162953236600, 5.000000000000000000, 3.242819847682089800 ) ) ;
#3790 = LINE ( 'NONE', #7441, #4494 ) ;
#3791 = DIRECTION ( 'NONE',  ( 9.334688547309178700E-012, -0.0000000000000000000, -1.000000000000000000 ) ) ;
#3792 = ORIENTED_EDGE ( 'NONE', *, *, #3183, .F. ) ;
#3793 = PLANE ( 'NONE',  #7214 ) ;
#3794 = CARTESIAN_POINT ( 'NONE',  ( 5.750000000000000000, 0.5371092495122262700, 2.449999999999999300 ) ) ;
#3795 = ADVANCED_FACE ( 'NONE', ( #7342 ), #7652, .F. ) ;
#3796 = ORIENTED_EDGE ( 'NONE', *, *, #4534, .F. ) ;
#3797 = ORIENTED_EDGE ( 'NONE', *, *, #2388, .F. ) ;
#3799 = VECTOR ( 'NONE', #5887, 1000.000000000000000 ) ;
#3798 = DIRECTION ( 'NONE',  ( 0.4994745683111426700, -0.6907124771418925400, -0.5229162739205085500 ) ) ;
#3800 = EDGE_CURVE ( 'NONE', #4965, #6725, #305, .T. ) ;
#3801 = AXIS2_PLACEMENT_3D ( 'NONE', #6742, #6719, #3023 ) ;
#3802 = DIRECTION ( 'NONE',  ( -0.5150380749100597100, 0.0000000000000000000, -0.8571673007021091100 ) ) ;
#3803 = APPLICATION_CONTEXT ( 'automotive_design' ) ;
#3804 = ORIENTED_EDGE ( 'NONE', *, *, #2661, .T. ) ;
#3805 = ORIENTED_EDGE ( 'NONE', *, *, #878, .T. ) ;
#3806 = VERTEX_POINT ( 'NONE', #3398 ) ;
#3807 = ORIENTED_EDGE ( 'NONE', *, *, #3395, .T. ) ;
#3808 = EDGE_LOOP ( 'NONE', ( #3215, #3821, #6999, #7401 ) ) ;
#3809 = FACE_OUTER_BOUND ( 'NONE', #4343, .T. ) ;
#3810 = ORIENTED_EDGE ( 'NONE', *, *, #7344, .F. ) ;
#3811 = VERTEX_POINT ( 'NONE', #362 ) ;
#3812 = DIRECTION ( 'NONE',  ( 0.0000000000000000000, -0.0000000000000000000, -1.000000000000000000 ) ) ;
#3813 = EDGE_CURVE ( 'NONE', #6351, #1940, #5705, .T. ) ;
#3814 = ORIENTED_EDGE ( 'NONE', *, *, #2272, .T. ) ;
#3815 = CARTESIAN_POINT ( 'NONE',  ( -3.890771617045456500, 3.509236882042920500, -3.431939988143891500 ) ) ;
#3816 = ORIENTED_EDGE ( 'NONE', *, *, #6838, .F. ) ;
#3817 = ORIENTED_EDGE ( 'NONE', *, *, #7940, .F. ) ;
#3818 = CARTESIAN_POINT ( 'NONE',  ( -4.399502812818740300, 5.000000000000000000, 3.000000000000000000 ) ) ;
#3819 = AXIS2_PLACEMENT_3D ( 'NONE', #2905, #7267, #476 ) ;
#3820 = ORIENTED_EDGE ( 'NONE', *, *, #11, .T. ) ;
#3821 = ORIENTED_EDGE ( 'NONE', *, *, #1528, .F. ) ;
#3822 = DIRECTION ( 'NONE',  ( 0.0000000000000000000, -0.0000000000000000000, 1.000000000000000000 ) ) ;
#3823 = ORIENTED_EDGE ( 'NONE', *, *, #6260, .T. ) ;
#3824 = EDGE_LOOP ( 'NONE', ( #7257, #6186, #5230, #3390, #294, #6628 ) ) ;
#3825 = DIRECTION ( 'NONE',  ( 0.01583271637848332500, 0.9997372496366935300, -0.01657578899896433600 ) ) ;
#3826 = EDGE_LOOP ( 'NONE', ( #469, #4205, #5737, #3168, #4314, #6157, #3187, #4597, #7386, #5694 ) ) ;
#3827 = EDGE_CURVE ( 'NONE', #4019, #4016, #3248, .T. ) ;
#3828 = FILL_AREA_STYLE_COLOUR ( '', #4249 ) ;
#3829 = DIRECTION ( 'NONE',  ( -0.7071067812014962800, -0.7071067811715988600, 0.0000000000000000000 ) ) ;
#3830 = PLANE ( 'NONE',  #5590 ) ;
#3831 = CARTESIAN_POINT ( 'NONE',  ( 3.801827423606676700, 0.2661659644585282500, -3.092591114224412200 ) ) ;
#3832 = DIRECTION ( 'NONE',  ( 1.000000000000000000, 0.0000000000000000000, 0.0000000000000000000 ) ) ;
#3833 = EDGE_CURVE ( 'NONE', #3606, #2468, #7744, .T. ) ;
#3834 = VERTEX_POINT ( 'NONE', #5879 ) ;
#3835 = ORIENTED_EDGE ( 'NONE', *, *, #7590, .T. ) ;
#3836 = DIRECTION ( 'NONE',  ( -3.633292013170003700E-011, -0.0000000000000000000, 1.000000000000000000 ) ) ;
#3837 = EDGE_CURVE ( 'NONE', #6511, #3124, #5603, .T. ) ;
#3838 = VERTEX_POINT ( 'NONE', #940 ) ;
#3839 = CARTESIAN_POINT ( 'NONE',  ( 4.242640687119284800, 0.0000000000000000000, 3.242640687119283000 ) ) ;
#3840 = ADVANCED_FACE ( 'NONE', ( #7831 ), #2346, .F. ) ;
#3841 = DIRECTION ( 'NONE',  ( -0.7231295001038968700, 3.491481338843133400E-015, -0.6907124771418917700 ) ) ;
#3842 = DIRECTION ( 'NONE',  ( -1.000000000000000000, 0.0000000000000000000, 0.0000000000000000000 ) ) ;
#3843 = AXIS2_PLACEMENT_3D ( 'NONE', #3877, #1329, #5133 ) ;
#3844 = DIRECTION ( 'NONE',  ( -0.0000000000000000000, -0.0000000000000000000, 1.000000000000000000 ) ) ;
#3845 = EDGE_CURVE ( 'NONE', #7480, #1105, #4449, .T. ) ;
#3846 = LINE ( 'NONE', #1003, #701 ) ;
#3847 = DIRECTION ( 'NONE',  ( 0.01583271637848332500, 0.9997372496366935300, -0.01657578899896433600 ) ) ;
#3848 = VECTOR ( 'NONE', #2340, 1000.000000000000100 ) ;
#3849 = AXIS2_PLACEMENT_3D ( 'NONE', #3850, #3885, #2655 ) ;
#3850 = CARTESIAN_POINT ( 'NONE',  ( -6.500000000000000000, -0.5000000000000002200, 5.099999999999997900 ) ) ;
#3851 = ORIENTED_EDGE ( 'NONE', *, *, #3454, .F. ) ;
#3852 = LINE ( 'NONE', #7054, #992 ) ;
#3853 = DIRECTION ( 'NONE',  ( -0.7229394975650266200, -0.02292229676231499100, -0.6905309921875825200 ) ) ;
#3854 = LINE ( 'NONE', #5866, #6366 ) ;
#3855 = CARTESIAN_POINT ( 'NONE',  ( 4.262132034355966300, -0.09999999999999904800, 2.449999999999999300 ) ) ;
#3856 = CARTESIAN_POINT ( 'NONE',  ( 0.0000000000000000000, 2.850000000000000100, 0.0000000000000000000 ) ) ;
#3857 = EDGE_LOOP ( 'NONE', ( #5761, #2391, #7512, #2416 ) ) ;
#3858 = COLOUR_RGB ( '',0.7960784313725489700, 0.8235294117647058400, 0.9372549019607843100 ) ;
#3859 = ORIENTED_EDGE ( 'NONE', *, *, #3706, .F. ) ;
#3860 = EDGE_CURVE ( 'NONE', #3913, #7677, #7239, .T. ) ;
#3861 = CYLINDRICAL_SURFACE ( 'NONE', #6646, 0.1499999999999999700 ) ;
#3862 = PRODUCT_DEFINITION_SHAPE ( 'NONE', 'NONE',  #5146 ) ;
#3863 = CARTESIAN_POINT ( 'NONE',  ( 4.262132034355966300, -0.09999999999999904800, -2.450000000000001100 ) ) ;
#3864 = VECTOR ( 'NONE', #8014, 1000.000000000000000 ) ;
#3865 = DIRECTION ( 'NONE',  ( 0.0000000000000000000, -1.000000000000000000, 0.0000000000000000000 ) ) ;
#3866 = DIRECTION ( 'NONE',  ( -1.000000000000000000, -8.340016711426986100E-017, 0.0000000000000000000 ) ) ;
#3867 = ORIENTED_EDGE ( 'NONE', *, *, #3739, .T. ) ;
#3868 = SHAPE_REPRESENTATION_RELATIONSHIP ( 'NONE' , 'NONE' ,  #5391, #1432 ) ;
#3869 = DIRECTION ( 'NONE',  ( -0.6907124771418919900, 3.491481338843133400E-015, 0.7231295001038965400 ) ) ;
#3870 = VECTOR ( 'NONE', #6281, 1000.000000000000000 ) ;
#3871 = VERTEX_POINT ( 'NONE', #1645 ) ;
#3872 = DIRECTION ( 'NONE',  ( 0.0000000000000000000, 0.0000000000000000000, -1.000000000000000000 ) ) ;
#3873 = LINE ( 'NONE', #2778, #2370 ) ;
#3874 = VECTOR ( 'NONE', #4230, 1000.000000000000200 ) ;
#3875 = DIRECTION ( 'NONE',  ( -0.7071067811715977500, -0.7071067812014971700, -0.0000000000000000000 ) ) ;
#3876 = EDGE_CURVE ( 'NONE', #6861, #374, #2246, .T. ) ;
#3877 = CARTESIAN_POINT ( 'NONE',  ( 3.104712412919693700, 3.129497198328494300, 4.254891097531134000 ) ) ;
#3878 = LINE ( 'NONE', #4465, #5631 ) ;
#3879 = CARTESIAN_POINT ( 'NONE',  ( -2.738802264660499500, 0.0000000000000000000, -3.587330402084368600 ) ) ;
#3880 = DIRECTION ( 'NONE',  ( -0.8571673007021084500, 8.454845150946368200E-017, 0.5150380749100610400 ) ) ;
#3881 = DIRECTION ( 'NONE',  ( 1.000000000000000000, 0.0000000000000000000, 0.0000000000000000000 ) ) ;
#3882 = LINE ( 'NONE', #4189, #2882 ) ;
#3883 = AXIS2_PLACEMENT_3D ( 'NONE', #1289, #782, #7629 ) ;
#3884 = ORIENTED_EDGE ( 'NONE', *, *, #4798, .T. ) ;
#3885 = DIRECTION ( 'NONE',  ( -0.0000000000000000000, 0.0000000000000000000, 1.000000000000000000 ) ) ;
#3886 = LINE ( 'NONE', #245, #7679 ) ;
#3887 = APPLICATION_CONTEXT ( 'automotive_design' ) ;
#3888 = EDGE_CURVE ( 'NONE', #5100, #7432, #2959, .T. ) ;
#3889 = AXIS2_PLACEMENT_3D ( 'NONE', #5142, #3226, #7567 ) ;
#3890 = VECTOR ( 'NONE', #2248, 1000.000000000000000 ) ;
#3891 = ORIENTED_EDGE ( 'NONE', *, *, #2483, .T. ) ;
#3892 = VECTOR ( 'NONE', #7373, 1000.000000000000000 ) ;
#3893 = DIRECTION ( 'NONE',  ( 1.000000000000000000, 0.0000000000000000000, 0.0000000000000000000 ) ) ;
#3894 = EDGE_CURVE ( 'NONE', #232, #2812, #8038, .T. ) ;
#3895 = EDGE_CURVE ( 'NONE', #2727, #1619, #1745, .T. ) ;
#3896 = CARTESIAN_POINT ( 'NONE',  ( 6.031385485800713100E-016, 0.0000000000000000000, 4.924999999999998900 ) ) ;
#3897 = CYLINDRICAL_SURFACE ( 'NONE', #1636, 1.000000000000000000 ) ;
#3898 = ORIENTED_EDGE ( 'NONE', *, *, #19, .T. ) ;
#3899 = CYLINDRICAL_SURFACE ( 'NONE', #6741, 1.000000000000001800 ) ;
#3900 = DIRECTION ( 'NONE',  ( 0.4994745683111421200, 0.6907124771418918800, -0.5229162739205098800 ) ) ;
#3901 = EDGE_LOOP ( 'NONE', ( #2199, #1755, #5765, #1634, #3104, #4683, #5824, #4914, #7623 ) ) ;
#3902 = VERTEX_POINT ( 'NONE', #5430 ) ;
#3903 = LINE ( 'NONE', #3934, #2617 ) ;
#3904 = DIRECTION ( 'NONE',  ( 0.8571673007021086700, 0.0000000000000000000, -0.5150380749100602600 ) ) ;
#3905 = FILL_AREA_STYLE ('',( #1360 ) ) ;
#3906 = VERTEX_POINT ( 'NONE', #7347 ) ;
#3907 = CARTESIAN_POINT ( 'NONE',  ( -2.918057294831143200, 0.0000000000000000000, -4.079821273546523100 ) ) ;
#3908 = EDGE_CURVE ( 'NONE', #2219, #1438, #4037, .T. ) ;
#3909 = ORIENTED_EDGE ( 'NONE', *, *, #6489, .F. ) ;
#3910 = VERTEX_POINT ( 'NONE', #3551 ) ;
#3911 = LINE ( 'NONE', #7125, #3703 ) ;
#3912 = CARTESIAN_POINT ( 'NONE',  ( 0.0000000000000000000, 0.0000000000000000000, 0.0000000000000000000 ) ) ;
#3913 = VERTEX_POINT ( 'NONE', #4797 ) ;
#3914 = ORIENTED_EDGE ( 'NONE', *, *, #2022, .F. ) ;
#3915 = ORIENTED_EDGE ( 'NONE', *, *, #5398, .T. ) ;
#3916 = ORIENTED_EDGE ( 'NONE', *, *, #4667, .T. ) ;
#3917 = EDGE_CURVE ( 'NONE', #2431, #5860, #6360, .T. ) ;
#3918 = ORIENTED_EDGE ( 'NONE', *, *, #5173, .F. ) ;
#3919 = ORIENTED_EDGE ( 'NONE', *, *, #1228, .F. ) ;
#3920 = CARTESIAN_POINT ( 'NONE',  ( -6.010407640085648300, 0.0000000000000000000, -6.717514421272221100 ) ) ;
#3921 = CARTESIAN_POINT ( 'NONE',  ( 3.817157287505073900, 0.1328427124805988100, -2.450000000000000600 ) ) ;
#3922 = AXIS2_PLACEMENT_3D ( 'NONE', #1048, #5483, #6658 ) ;
#3923 = CARTESIAN_POINT ( 'NONE',  ( 0.0000000000000000000, 5.000000000000000000, 0.0000000000000000000 ) ) ;
#3924 = CARTESIAN_POINT ( 'NONE',  ( 0.9500000000000005100, 0.0000000000000000000, -1.000000000000000000 ) ) ;
#3925 = DIRECTION ( 'NONE',  ( -0.7231295001038968700, 3.491481338843133400E-015, -0.6907124771418917700 ) ) ;
#3926 = CARTESIAN_POINT ( 'NONE',  ( -6.000000000000000000, 0.0000000000000000000, 2.449999999999999300 ) ) ;
#3927 = EDGE_CURVE ( 'NONE', #4191, #2612, #702, .T. ) ;
#3928 = CARTESIAN_POINT ( 'NONE',  ( 3.270489393669256300, 3.568126700166547800, 4.081333750320307100 ) ) ;
#3929 = AXIS2_PLACEMENT_3D ( 'NONE', #2779, #7141, #2836 ) ;
#3930 = CARTESIAN_POINT ( 'NONE',  ( 1.749999999999999600, 0.2500000000000000000, -7.199999999999999300 ) ) ;
#3931 = EDGE_CURVE ( 'NONE', #163, #926, #600, .T. ) ;
#3932 = LINE ( 'NONE', #6214, #7033 ) ;
#3933 = VECTOR ( 'NONE', #3271, 1000.000000000000000 ) ;
#3934 = CARTESIAN_POINT ( 'NONE',  ( -6.500000000000000000, 0.2500000000000000000, 5.099999999999997900 ) ) ;
#3935 = DIRECTION ( 'NONE',  ( 0.0000000000000000000, 0.0000000000000000000, -1.000000000000000000 ) ) ;
#3936 = CARTESIAN_POINT ( 'NONE',  ( 5.999999999999999100, 4.400000000000000400, -3.000000000000000000 ) ) ;
#3937 = ORIENTED_EDGE ( 'NONE', *, *, #7596, .T. ) ;
#3938 = FACE_OUTER_BOUND ( 'NONE', #679, .T. ) ;
#3939 = VECTOR ( 'NONE', #4471, 1000.000000000000000 ) ;
#3940 = ORIENTED_EDGE ( 'NONE', *, *, #924, .F. ) ;
#3941 = CARTESIAN_POINT ( 'NONE',  ( -4.223712162953238400, 2.500000000000000000, -3.242819847682089300 ) ) ;
#3942 = ORIENTED_EDGE ( 'NONE', *, *, #7713, .T. ) ;
#3943 = DIRECTION ( 'NONE',  ( 0.0000000000000000000, 0.0000000000000000000, -1.000000000000000000 ) ) ;
#3944 = VECTOR ( 'NONE', #848, 1000.000000000000100 ) ;
#3945 = DIRECTION ( 'NONE',  ( -0.6907124771418917700, -0.0000000000000000000, 0.7231295001038968700 ) ) ;
#3946 = FACE_OUTER_BOUND ( 'NONE', #4171, .T. ) ;
#3947 = CARTESIAN_POINT ( 'NONE',  ( 2.161531637692554900, 0.4000000000000010200, 4.374034365627314200 ) ) ;
#3948 = DIRECTION ( 'NONE',  ( -0.0000000000000000000, 1.000000000000000000, -0.0000000000000000000 ) ) ;
#3949 = PLANE ( 'NONE',  #2575 ) ;
#3950 = ORIENTED_EDGE ( 'NONE', *, *, #7833, .T. ) ;
#3951 = ADVANCED_FACE ( 'NONE', ( #6074 ), #1837, .F. ) ;
#3952 = ORIENTED_EDGE ( 'NONE', *, *, #837, .F. ) ;
#3953 = ORIENTED_EDGE ( 'NONE', *, *, #3973, .T. ) ;
#3954 = LINE ( 'NONE', #4608, #5625 ) ;
#3955 = AXIS2_PLACEMENT_3D ( 'NONE', #4905, #2403, #6687 ) ;
#3956 = CARTESIAN_POINT ( 'NONE',  ( 3.748714540709014600, 0.4000000000000028000, 3.580664191045905400 ) ) ;
#3957 = LINE ( 'NONE', #8098, #3647 ) ;
#3958 = B_SPLINE_SURFACE_WITH_KNOTS ( 'NONE', 1, 3, ( 
 ( #5591, #3206, #6823, #2539, #4436, #602 ),
 ( #6227, #2478, #6848, #4991, #3750, #633 ) ),
 .UNSPECIFIED., .F., .F., .F.,
 ( 2, 2 ),
 ( 4, 2, 4 ),
 ( 0.0000000000000000000, 1.000000000000000000 ),
 ( 0.0000000000000000000, 0.5000000000000000000, 1.000000000000000000 ),
 .UNSPECIFIED. ) ;
#3959 = CARTESIAN_POINT ( 'NONE',  ( -3.534314575036434600, -0.1500000000000000200, 26.95000000000126800 ) ) ;
#3960 = EDGE_CURVE ( 'NONE', #2224, #3570, #6162, .T. ) ;
#3961 = DIRECTION ( 'NONE',  ( -0.0000000000000000000, -1.000000000000000000, -0.0000000000000000000 ) ) ;
#3962 = VERTEX_POINT ( 'NONE', #1076 ) ;
#3963 = VECTOR ( 'NONE', #6312, 1000.000000000000000 ) ;
#3964 = CARTESIAN_POINT ( 'NONE',  ( 3.854930597962322700, 0.3606199873797607000, -3.141023623307763700 ) ) ;
#3965 = FACE_OUTER_BOUND ( 'NONE', #2939, .T. ) ;
#3966 = CIRCLE ( 'NONE', #5478, 5.325000000000001100 ) ;
#3967 = AXIS2_PLACEMENT_3D ( 'NONE', #4744, #5453, #990 ) ;
#3968 = LINE ( 'NONE', #3245, #4949 ) ;
#3969 = DIRECTION ( 'NONE',  ( -0.8571673007021130000, 8.511960079772420200E-017, -0.5150380749100531600 ) ) ;
#3970 = ORIENTED_EDGE ( 'NONE', *, *, #5265, .T. ) ;
#3971 = CARTESIAN_POINT ( 'NONE',  ( -1.999999999999999600, 0.0000000000000000000, -1.000000000000000000 ) ) ;
#3972 = VECTOR ( 'NONE', #2134, 1000.000000000000000 ) ;
#3973 = EDGE_CURVE ( 'NONE', #2188, #4125, #7144, .T. ) ;
#3974 = LINE ( 'NONE', #1225, #7690 ) ;
#3975 = CARTESIAN_POINT ( 'NONE',  ( 3.459462740667452100, 0.0000000000000000000, 3.304379200189157700 ) ) ;
#3976 = CARTESIAN_POINT ( 'NONE',  ( -3.821364523832310000, 0.3217020011855081800, -3.119254674084823700 ) ) ;
#3977 = ORIENTED_EDGE ( 'NONE', *, *, #1648, .F. ) ;
#3978 = EDGE_CURVE ( 'NONE', #4016, #4802, #204, .T. ) ;
#3979 = DIRECTION ( 'NONE',  ( 0.0000000000000000000, -1.000000000000000000, 0.0000000000000000000 ) ) ;
#3980 = LINE ( 'NONE', #6058, #6898 ) ;
#3981 = ORIENTED_EDGE ( 'NONE', *, *, #88, .F. ) ;
#3982 = CIRCLE ( 'NONE', #4438, 0.4000000000000001900 ) ;
#3983 = DIRECTION ( 'NONE',  ( -0.5150380749100536000, 0.0000000000000000000, 0.8571673007021126700 ) ) ;
#3984 = EDGE_CURVE ( 'NONE', #3315, #969, #5201, .T. ) ;
#3985 = ORIENTED_EDGE ( 'NONE', *, *, #5613, .F. ) ;
#3986 = AXIS2_PLACEMENT_3D ( 'NONE', #5628, #2547, #6804 ) ;
#3987 = CARTESIAN_POINT ( 'NONE',  ( 2.000000000000000000, 0.0000000000000000000, -3.149999999999999900 ) ) ;
#3988 = PLANE ( 'NONE',  #4703 ) ;
#3989 = ORIENTED_EDGE ( 'NONE', *, *, #893, .F. ) ;
#3990 = CARTESIAN_POINT ( 'NONE',  ( 5.499999999999998200, -0.2499999999999988100, 2.449999999999999300 ) ) ;
#3991 = VERTEX_POINT ( 'NONE', #446 ) ;
#3992 = COLOUR_RGB ( '',0.7960784313725489700, 0.8235294117647058400, 0.9372549019607843100 ) ;
#3993 = AXIS2_PLACEMENT_3D ( 'NONE', #1697, #504, #4880 ) ;
#3994 = ORIENTED_EDGE ( 'NONE', *, *, #5859, .T. ) ;
#3995 = ORIENTED_EDGE ( 'NONE', *, *, #2513, .F. ) ;
#3996 = ORIENTED_EDGE ( 'NONE', *, *, #7905, .F. ) ;
#3997 = CARTESIAN_POINT ( 'NONE',  ( -5.000000000000000000, 5.000000000000000000, 5.000000000000000000 ) ) ;
#3998 = ADVANCED_FACE ( 'NONE', ( #3525 ), #4087, .F. ) ;
#3999 = EDGE_CURVE ( 'NONE', #3412, #1620, #403, .T. ) ;
#4000 = CARTESIAN_POINT ( 'NONE',  ( 3.195698423968604800, 4.193111900177084000, -3.770703214370501000 ) ) ;
#4001 = VERTEX_POINT ( 'NONE', #2260 ) ;
#4002 = ORIENTED_EDGE ( 'NONE', *, *, #778, .T. ) ;
#4003 = CYLINDRICAL_SURFACE ( 'NONE', #4481, 1.000000000000001800 ) ;
#4004 = AXIS2_PLACEMENT_3D ( 'NONE', #7409, #5646, #7493 ) ;
#4005 = CARTESIAN_POINT ( 'NONE',  ( -3.304379200189151900, 0.0000000000000000000, 3.459462740667452100 ) ) ;
#4006 = CARTESIAN_POINT ( 'NONE',  ( 4.140508901201069800, 3.163880643471967500, 3.170481851183593900 ) ) ;
#4007 = DIRECTION ( 'NONE',  ( -0.0000000000000000000, -1.000000000000000000, -0.0000000000000000000 ) ) ;
#4008 = ADVANCED_FACE ( 'NONE', ( #5929 ), #1623, .F. ) ;
#4009 = EDGE_LOOP ( 'NONE', ( #5108, #3153 ) ) ;
#4010 = ORIENTED_EDGE ( 'NONE', *, *, #4582, .F. ) ;
#4011 = CARTESIAN_POINT ( 'NONE',  ( -3.139880253173719500, 0.3999999999999999100, -3.856127629579424500 ) ) ;
#4012 = ORIENTED_EDGE ( 'NONE', *, *, #849, .F. ) ;
#4013 = CARTESIAN_POINT ( 'NONE',  ( 4.156066017177984400, -0.2060660171779816200, 2.449999999999999300 ) ) ;
#4014 = EDGE_CURVE ( 'NONE', #5159, #2516, #65, .T. ) ;
#4015 = ORIENTED_EDGE ( 'NONE', *, *, #2113, .T. ) ;
#4016 = VERTEX_POINT ( 'NONE', #4998 ) ;
#4017 = ORIENTED_EDGE ( 'NONE', *, *, #384, .T. ) ;
#4018 = ORIENTED_EDGE ( 'NONE', *, *, #3349, .T. ) ;
#4019 = VERTEX_POINT ( 'NONE', #557 ) ;
#4020 = CARTESIAN_POINT ( 'NONE',  ( -3.327817459305214300, 0.0000000000000000000, 2.620710678118654400 ) ) ;
#4021 = CARTESIAN_POINT ( 'NONE',  ( 3.368376543254078200, 4.193111900177085800, -3.951485589396475500 ) ) ;
#4022 = AXIS2_PLACEMENT_3D ( 'NONE', #5124, #3203, #5071 ) ;
#4023 = CARTESIAN_POINT ( 'NONE',  ( 4.262132034355966300, -0.2499999999999989700, 2.449999999999999300 ) ) ;
#4024 = CARTESIAN_POINT ( 'NONE',  ( -5.499999999999998200, -0.2500000000000001700, -2.450000000000001100 ) ) ;
#4025 = ORIENTED_EDGE ( 'NONE', *, *, #5665, .T. ) ;
#4026 = ORIENTED_EDGE ( 'NONE', *, *, #202, .F. ) ;
#4027 = DIRECTION ( 'NONE',  ( -0.0000000000000000000, -1.000000000000000000, -0.0000000000000000000 ) ) ;
#4028 = EDGE_CURVE ( 'NONE', #6809, #3429, #1694, .T. ) ;
#4029 = DIRECTION ( 'NONE',  ( 0.0000000000000000000, 0.0000000000000000000, -1.000000000000000000 ) ) ;
#4030 = AXIS2_PLACEMENT_3D ( 'NONE', #982, #1713, #7399 ) ;
#4031 = DIRECTION ( 'NONE',  ( -0.4994745683111426700, -0.7231295001038960900, -0.4770837260794870100 ) ) ;
#4032 = CARTESIAN_POINT ( 'NONE',  ( -3.534314575036434600, -0.1500000000000000200, 2.450000000010277300 ) ) ;
#4033 = EDGE_CURVE ( 'NONE', #7248, #2102, #558, .T. ) ;
#4034 = DIRECTION ( 'NONE',  ( 0.4994745683111426700, -0.6907124771418925400, -0.5229162739205085500 ) ) ;
#4035 = AXIS2_PLACEMENT_3D ( 'NONE', #691, #1965, #6254 ) ;
#4036 = CIRCLE ( 'NONE', #6678, 5.325000000000001100 ) ;
#4037 = LINE ( 'NONE', #4259, #3049 ) ;
#4038 = CARTESIAN_POINT ( 'NONE',  ( -6.717514421272199800, 0.2500000000000000000, -6.010407640085673200 ) ) ;
#4039 = AXIS2_PLACEMENT_3D ( 'NONE', #241, #1434, #2699 ) ;
#4040 = CARTESIAN_POINT ( 'NONE',  ( 4.262132034355966300, -0.09999999999999904800, 2.449999999999999300 ) ) ;
#4041 = DIRECTION ( 'NONE',  ( -0.01657578899896361400, 0.9997372496366935300, -0.01583271637848265900 ) ) ;
#4042 = CIRCLE ( 'NONE', #6272, 1.000000000000001800 ) ;
#4043 = DIRECTION ( 'NONE',  ( -1.000000000000000000, -7.115076756936119700E-015, 3.633269900216172000E-011 ) ) ;
#4044 = CARTESIAN_POINT ( 'NONE',  ( -2.161531637692554900, 0.2499999999999998300, -4.374034365627315100 ) ) ;
#4045 = CYLINDRICAL_SURFACE ( 'NONE', #4241, 0.1000000000000002600 ) ;
#4046 = CARTESIAN_POINT ( 'NONE',  ( 0.0000000000000000000, -1.500000000000002400, -2.450000000000000200 ) ) ;
#4047 = ORIENTED_EDGE ( 'NONE', *, *, #7970, .F. ) ;
#4048 = CARTESIAN_POINT ( 'NONE',  ( 4.999999999999999100, 0.0000000000000000000, 6.000000000000000000 ) ) ;
#4049 = LINE ( 'NONE', #5060, #223 ) ;
#4050 = ORIENTED_EDGE ( 'NONE', *, *, #6477, .F. ) ;
#4051 = VECTOR ( 'NONE', #2883, 1000.000000000000000 ) ;
#4052 = LINE ( 'NONE', #4671, #2361 ) ;
#4053 = DIRECTION ( 'NONE',  ( 0.0000000000000000000, 0.0000000000000000000, 1.000000000000000000 ) ) ;
#4054 = ORIENTED_EDGE ( 'NONE', *, *, #3445, .F. ) ;
#4055 = CYLINDRICAL_SURFACE ( 'NONE', #6224, 0.4999999999999998900 ) ;
#4056 = ORIENTED_EDGE ( 'NONE', *, *, #4402, .F. ) ;
#4057 = DIRECTION ( 'NONE',  ( -0.6907124771418919900, 3.491481338843133400E-015, 0.7231295001038965400 ) ) ;
#4058 = PLANE ( 'NONE',  #3518 ) ;
#4059 = VERTEX_POINT ( 'NONE', #1226 ) ;
#4060 = EDGE_CURVE ( 'NONE', #3060, #5781, #1602, .T. ) ;
#4061 = FACE_OUTER_BOUND ( 'NONE', #2457, .T. ) ;
#4062 = FILL_AREA_STYLE_COLOUR ( '', #3858 ) ;
#4063 = VECTOR ( 'NONE', #7481, 1000.000000000000000 ) ;
#4064 = CARTESIAN_POINT ( 'NONE',  ( -3.951485589396468400, 4.193111900177109800, -3.368376543254082200 ) ) ;
#4065 = FACE_OUTER_BOUND ( 'NONE', #2662, .T. ) ;
#4066 = AXIS2_PLACEMENT_3D ( 'NONE', #499, #4232, #1094 ) ;
#4067 = VERTEX_POINT ( 'NONE', #4381 ) ;
#4068 = CYLINDRICAL_SURFACE ( 'NONE', #203, 1.000000000000000000 ) ;
#4069 = CARTESIAN_POINT ( 'NONE',  ( -3.000000000000000000, 4.400000000000000400, -6.000000000000000000 ) ) ;
#4070 = ORIENTED_EDGE ( 'NONE', *, *, #8007, .F. ) ;
#4071 = FACE_OUTER_BOUND ( 'NONE', #3857, .T. ) ;
#4072 = DIRECTION ( 'NONE',  ( 0.0000000000000000000, 0.0000000000000000000, -1.000000000000000000 ) ) ;
#4073 = EDGE_LOOP ( 'NONE', ( #4996, #3037, #3534, #4604, #2723, #472, #7391, #8121 ) ) ;
#4074 = FACE_OUTER_BOUND ( 'NONE', #8108, .T. ) ;
#4075 = DIRECTION ( 'NONE',  ( 0.0000000000000000000, 1.000000000000000000, 0.0000000000000000000 ) ) ;
#4076 = EDGE_CURVE ( 'NONE', #5723, #3070, #944, .T. ) ;
#4077 = CARTESIAN_POINT ( 'NONE',  ( -4.650000000000000400, -0.2500000000000000600, 0.5000000000000001100 ) ) ;
#4078 = EDGE_LOOP ( 'NONE', ( #5479, #4227, #2405, #2605 ) ) ;
#4079 = DIRECTION ( 'NONE',  ( 0.01657578899896300400, 0.9997372496366935300, 0.01583271637848216200 ) ) ;
#4080 = DIRECTION ( 'NONE',  ( -0.7071067811865463500, 0.0000000000000000000, -0.7071067811865487900 ) ) ;
#4081 = LINE ( 'NONE', #898, #938 ) ;
#4082 = AXIS2_PLACEMENT_3D ( 'NONE', #1456, #812, #3284 ) ;
#4083 = VERTEX_POINT ( 'NONE', #8078 ) ;
#4084 = LINE ( 'NONE', #4843, #3892 ) ;
#4085 = EDGE_CURVE ( 'NONE', #5259, #5174, #4591, .T. ) ;
#4086 = AXIS2_PLACEMENT_3D ( 'NONE', #52, #3841, #2559 ) ;
#4087 = CYLINDRICAL_SURFACE ( 'NONE', #7251, 0.1500000000000001900 ) ;
#4088 = ORIENTED_EDGE ( 'NONE', *, *, #1143, .F. ) ;
#4089 = DIRECTION ( 'NONE',  ( 0.4994745683111420600, -0.6907124771418927700, -0.5229162739205088800 ) ) ;
#4090 = DIRECTION ( 'NONE',  ( 1.000000000000000000, 0.0000000000000000000, 0.0000000000000000000 ) ) ;
#4091 = CARTESIAN_POINT ( 'NONE',  ( -3.130470514038336200, 0.3217020011855077900, -3.842574226663948000 ) ) ;
#4092 = EDGE_CURVE ( 'NONE', #1613, #4896, #4293, .T. ) ;
#4093 = ORIENTED_EDGE ( 'NONE', *, *, #7046, .F. ) ;
#4094 = DIRECTION ( 'NONE',  ( 0.0000000000000000000, 1.000000000000000000, 0.0000000000000000000 ) ) ;
#4095 = DIRECTION ( 'NONE',  ( 0.01583271637848332500, 0.9997372496366935300, -0.01657578899896433600 ) ) ;
#4096 = ORIENTED_EDGE ( 'NONE', *, *, #1734, .T. ) ;
#4097 = ORIENTED_EDGE ( 'NONE', *, *, #2420, .T. ) ;
#4098 = CARTESIAN_POINT ( 'NONE',  ( 3.974731920451517500, 2.725251141633900700, 3.344039198394408900 ) ) ;
#4099 = CIRCLE ( 'NONE', #5248, 0.4000000000000001900 ) ;
#4100 = CARTESIAN_POINT ( 'NONE',  ( 0.0000000000000000000, 4.400000000000000400, 0.0000000000000000000 ) ) ;
#4101 = DIRECTION ( 'NONE',  ( 0.0000000000000000000, 0.0000000000000000000, -1.000000000000000000 ) ) ;
#4102 = DIRECTION ( 'NONE',  ( 0.0000000000000000000, 0.0000000000000000000, 1.000000000000000000 ) ) ;
#4103 = EDGE_LOOP ( 'NONE', ( #4493, #444, #2854, #5731 ) ) ;
#4104 = CARTESIAN_POINT ( 'NONE',  ( -3.242819847682089300, 0.0000000000000000000, 4.223712162953237500 ) ) ;
#4105 = DIRECTION ( 'NONE',  ( 0.0000000000000000000, -0.0000000000000000000, 1.000000000000000000 ) ) ;
#4106 = CARTESIAN_POINT ( 'NONE',  ( -2.847265478254213300, 0.3999999999999995200, 3.962003905699285100 ) ) ;
#4107 = ORIENTED_EDGE ( 'NONE', *, *, #225, .F. ) ;
#4108 = VERTEX_POINT ( 'NONE', #4932 ) ;
#4109 = ORIENTED_EDGE ( 'NONE', *, *, #6070, .F. ) ;
#4110 = DIRECTION ( 'NONE',  ( -0.5150380749100537100, 0.0000000000000000000, 0.8571673007021124400 ) ) ;
#4111 = B_SPLINE_CURVE_WITH_KNOTS ( 'NONE', 3,
 ( #3193, #3224, #7646, #6974 ),
 .UNSPECIFIED., .F., .F.,
 ( 4, 4 ),
 ( 0.0000000000000000000, 1.000000000000000000 ),
 .UNSPECIFIED. ) ;
#4112 = AXIS2_PLACEMENT_3D ( 'NONE', #7875, #2962, #6603 ) ;
#4113 = ORIENTED_EDGE ( 'NONE', *, *, #529, .T. ) ;
#4114 = CARTESIAN_POINT ( 'NONE',  ( 2.918057294831113000, 0.0000000000000000000, -4.079821273546540900 ) ) ;
#4115 = ORIENTED_EDGE ( 'NONE', *, *, #3775, .F. ) ;
#4116 = ORIENTED_EDGE ( 'NONE', *, *, #3728, .F. ) ;
#4117 = CARTESIAN_POINT ( 'NONE',  ( -3.398528137423869800, 0.2500000000000000000, 2.549999999999999400 ) ) ;
#4118 = DIRECTION ( 'NONE',  ( 0.5130781995407820400, -0.08715574274766126100, 0.8539055203370528000 ) ) ;
#4119 = DIRECTION ( 'NONE',  ( -0.7071067811865460200, -0.0000000000000000000, -0.7071067811865489100 ) ) ;
#4120 = CARTESIAN_POINT ( 'NONE',  ( 5.750000000000000000, 1.355252715606880500E-015, 2.449999999999999300 ) ) ;
#4121 = CARTESIAN_POINT ( 'NONE',  ( -5.000000000000000000, 0.0000000000000000000, -4.999999999999999100 ) ) ;
#4122 = VERTEX_POINT ( 'NONE', #4962 ) ;
#4124 = VERTEX_POINT ( 'NONE', #4903 ) ;
#4123 = UNCERTAINTY_MEASURE_WITH_UNIT (LENGTH_MEASURE( 1.000000000000000100E-005 ), #6339, 'distance_accuracy_value', 'NONE');
#4125 = VERTEX_POINT ( 'NONE', #1725 ) ;
#4126 = CARTESIAN_POINT ( 'NONE',  ( -1.750000000000000200, 0.0000000000000000000, -5.100000000000001400 ) ) ;
#4127 = DIRECTION ( 'NONE',  ( 1.000000000000000000, 8.340016711426986100E-017, 0.0000000000000000000 ) ) ;
#4128 = EDGE_CURVE ( 'NONE', #2519, #4602, #3098, .T. ) ;
#4129 = CARTESIAN_POINT ( 'NONE',  ( 4.399502812818740300, 4.400000000000000400, 3.000000000000000000 ) ) ;
#4130 = DIRECTION ( 'NONE',  ( -0.0000000000000000000, -1.000000000000000000, -0.0000000000000000000 ) ) ;
#4131 = CARTESIAN_POINT ( 'NONE',  ( 2.000000000000000000, 0.05000000000000000300, -2.500000000000000000 ) ) ;
#4132 = AXIS2_PLACEMENT_3D ( 'NONE', #3209, #7609, #7579 ) ;
#4133 = CARTESIAN_POINT ( 'NONE',  ( 3.821364523832308200, 0.3217020011855067900, 3.119254674084830400 ) ) ;
#4134 = CARTESIAN_POINT ( 'NONE',  ( 5.750000000000000000, 1.355252715606880500E-015, -2.450000000000001100 ) ) ;
#4135 = CARTESIAN_POINT ( 'NONE',  ( 0.0000000000000000000, 0.0000000000000000000, 0.0000000000000000000 ) ) ;
#4136 = EDGE_CURVE ( 'NONE', #8120, #1808, #1227, .T. ) ;
#4137 = VECTOR ( 'NONE', #401, 1000.000000000000100 ) ;
#4138 = PLANE ( 'NONE',  #7031 ) ;
#4139 = CIRCLE ( 'NONE', #3492, 0.3999999999999997400 ) ;
#4140 = CARTESIAN_POINT ( 'NONE',  ( 3.640380592212174400, -0.04393398281977550100, 2.450000000007637200 ) ) ;
#4141 = DIRECTION ( 'NONE',  ( -1.000000000000000000, 0.0000000000000000000, 0.0000000000000000000 ) ) ;
#4142 = ORIENTED_EDGE ( 'NONE', *, *, #828, .F. ) ;
#4143 = VECTOR ( 'NONE', #4252, 1000.000000000000000 ) ;
#4144 = LINE ( 'NONE', #7223, #5611 ) ;
#4145 = CARTESIAN_POINT ( 'NONE',  ( -2.918057294831143200, 0.2500000000000000000, -4.079821273546523100 ) ) ;
#4146 = CARTESIAN_POINT ( 'NONE',  ( 5.500000000000000000, 1.355252715606880500E-015, -2.450000000000001100 ) ) ;
#4147 = CARTESIAN_POINT ( 'NONE',  ( 4.999999999999999100, 5.000000000000000000, -5.000000000000000000 ) ) ;
#4148 = EDGE_LOOP ( 'NONE', ( #4050, #4211, #6040, #5682 ) ) ;
#4149 = EDGE_CURVE ( 'NONE', #3324, #5367, #2837, .T. ) ;
#4150 = STYLED_ITEM ( 'NONE', ( #721 ), #1432 ) ;
#4151 = ORIENTED_EDGE ( 'NONE', *, *, #4740, .F. ) ;
#4152 = CIRCLE ( 'NONE', #4004, 1.000000000000001800 ) ;
#4153 = DIRECTION ( 'NONE',  ( 0.0000000000000000000, 0.0000000000000000000, 1.000000000000000000 ) ) ;
#4154 = LINE ( 'NONE', #6499, #2753 ) ;
#4155 = ADVANCED_FACE ( 'NONE', ( #6998 ), #3097, .T. ) ;
#4156 = CARTESIAN_POINT ( 'NONE',  ( -1.544447539153307200E-018, 4.336808689942017700E-016, 0.0000000000000000000 ) ) ;
#4157 = CIRCLE ( 'NONE', #2001, 0.09999999999999982500 ) ;
#4158 = AXIS2_PLACEMENT_3D ( 'NONE', #4901, #4871, #6139 ) ;
#4159 = CARTESIAN_POINT ( 'NONE',  ( 3.545943492021569600, -13.82508089004571200, 3.792951838837770300 ) ) ;
#4160 = DIRECTION ( 'NONE',  ( 0.8571673007021122200, -8.511960079772363500E-017, 0.5150380749100543800 ) ) ;
#4161 = ORIENTED_EDGE ( 'NONE', *, *, #498, .T. ) ;
#4162 = EDGE_CURVE ( 'NONE', #1818, #360, #1510, .T. ) ;
#4163 = DIRECTION ( 'NONE',  ( 0.0000000000000000000, 1.000000000000000000, -0.0000000000000000000 ) ) ;
#4164 = DIRECTION ( 'NONE',  ( 0.6907124771418916600, 0.0000000000000000000, -0.7231295001038967600 ) ) ;
#4165 = FACE_OUTER_BOUND ( 'NONE', #5893, .T. ) ;
#4166 = ORIENTED_EDGE ( 'NONE', *, *, #2022, .T. ) ;
#4167 = LINE ( 'NONE', #2879, #2471 ) ;
#4168 = LINE ( 'NONE', #2724, #2473 ) ;
#4169 = PRODUCT ( 'DR125', 'DR125', '', ( #1877 ) ) ;
#4170 = LINE ( 'NONE', #6096, #6774 ) ;
#4171 = EDGE_LOOP ( 'NONE', ( #3599, #1546, #4210, #5258 ) ) ;
#4172 = LINE ( 'NONE', #2434, #6674 ) ;
#4173 = FACE_OUTER_BOUND ( 'NONE', #5954, .T. ) ;
#4174 = CARTESIAN_POINT ( 'NONE',  ( -2.847265478254243000, 0.4000000000000004700, -3.962003905699266900 ) ) ;
#4175 = EDGE_CURVE ( 'NONE', #7820, #1010, #4764, .T. ) ;
#4176 = LINE ( 'NONE', #1876, #238 ) ;
#4177 = DIRECTION ( 'NONE',  ( -0.0000000000000000000, -1.000000000000000000, -0.0000000000000000000 ) ) ;
#4178 = CARTESIAN_POINT ( 'NONE',  ( -4.262132034355966300, -0.1000000000000001000, 2.449999999999999300 ) ) ;
#4179 = VECTOR ( 'NONE', #2644, 1000.000000000000000 ) ;
#4180 = FACE_OUTER_BOUND ( 'NONE', #1996, .T. ) ;
#4181 = AXIS2_PLACEMENT_3D ( 'NONE', #2250, #7367, #6060 ) ;
#4182 = CARTESIAN_POINT ( 'NONE',  ( -4.435071983487120000, 0.3999999999999999700, 2.379457550551447000 ) ) ;
#4183 = PLANE ( 'NONE',  #595 ) ;
#4184 = DIRECTION ( 'NONE',  ( 0.0000000000000000000, 0.0000000000000000000, -1.000000000000000000 ) ) ;
#4185 = FACE_OUTER_BOUND ( 'NONE', #807, .T. ) ;
#4186 = EDGE_CURVE ( 'NONE', #1010, #2307, #3205, .T. ) ;
#4187 = CARTESIAN_POINT ( 'NONE',  ( -5.750000000000000000, 0.0000000000000000000, 2.449999999999999300 ) ) ;
#4188 = ORIENTED_EDGE ( 'NONE', *, *, #3656, .T. ) ;
#4189 = CARTESIAN_POINT ( 'NONE',  ( 5.999999999999999100, 5.000000000000000000, 6.000000000000000000 ) ) ;
#4190 = LINE ( 'NONE', #2902, #7388 ) ;
#4191 = VERTEX_POINT ( 'NONE', #5019 ) ;
#4192 = DIRECTION ( 'NONE',  ( 0.0000000000000000000, 1.000000000000000000, 0.0000000000000000000 ) ) ;
#4193 = AXIS2_PLACEMENT_3D ( 'NONE', #1443, #5735, #7720 ) ;
#4194 = ORIENTED_EDGE ( 'NONE', *, *, #1648, .T. ) ;
#4195 = ADVANCED_FACE ( 'NONE', ( #6315 ), #2000, .F. ) ;
#4196 = ORIENTED_EDGE ( 'NONE', *, *, #7414, .F. ) ;
#4197 = LINE ( 'NONE', #2665, #1423 ) ;
#4198 = DIRECTION ( 'NONE',  ( -0.01657578899896361400, 0.9997372496366935300, -0.01583271637848265900 ) ) ;
#4199 = EDGE_CURVE ( 'NONE', #6605, #689, #7991, .T. ) ;
#4200 = ORIENTED_EDGE ( 'NONE', *, *, #7770, .F. ) ;
#4201 = ORIENTED_EDGE ( 'NONE', *, *, #4987, .F. ) ;
#4202 = AXIS2_PLACEMENT_3D ( 'NONE', #4135, #1737, #3564 ) ;
#4203 = PLANE ( 'NONE',  #1971 ) ;
#4204 = EDGE_LOOP ( 'NONE', ( #541, #2389, #6563, #5670 ) ) ;
#4205 = ORIENTED_EDGE ( 'NONE', *, *, #2092, .T. ) ;
#4206 = CARTESIAN_POINT ( 'NONE',  ( 2.738802264660374700, 0.0000000000000000000, -3.487330402084222000 ) ) ;
#4207 = EDGE_LOOP ( 'NONE', ( #7515, #4777, #4632, #669 ) ) ;
#4208 = DIRECTION ( 'NONE',  ( 0.0000000000000000000, 0.0000000000000000000, 1.000000000000000000 ) ) ;
#4209 = CARTESIAN_POINT ( 'NONE',  ( -3.729145877938738100, 0.0000000000000000000, -3.022039096752199500 ) ) ;
#4210 = ORIENTED_EDGE ( 'NONE', *, *, #4315, .T. ) ;
#4211 = ORIENTED_EDGE ( 'NONE', *, *, #7353, .T. ) ;
#4212 = VERTEX_POINT ( 'NONE', #3211 ) ;
#4213 = DIRECTION ( 'NONE',  ( 0.0000000000000000000, 1.000000000000000000, 0.0000000000000000000 ) ) ;
#4214 = DIRECTION ( 'NONE',  ( 0.0000000000000000000, 0.0000000000000000000, -1.000000000000000000 ) ) ;
#4215 = EDGE_CURVE ( 'NONE', #7295, #2102, #3296, .T. ) ;
#4216 = CARTESIAN_POINT ( 'NONE',  ( -1.749999999999998900, 0.0000000000000000000, 5.099999999999997900 ) ) ;
#4217 = ADVANCED_FACE ( 'NONE', ( #5551 ), #3897, .T. ) ;
#4218 = ORIENTED_EDGE ( 'NONE', *, *, #1847, .F. ) ;
#4219 = ORIENTED_EDGE ( 'NONE', *, *, #1657, .F. ) ;
#4220 = ORIENTED_EDGE ( 'NONE', *, *, #1637, .F. ) ;
#4221 = CARTESIAN_POINT ( 'NONE',  ( -6.000000000000000000, 5.000000000000000000, 6.000000000000000000 ) ) ;
#4222 = CARTESIAN_POINT ( 'NONE',  ( -3.038251868144765200, 0.2500000000000000000, -3.745358649331325100 ) ) ;
#4223 = B_SPLINE_CURVE_WITH_KNOTS ( 'NONE', 3,
 ( #178, #746, #2565, #230, #6342, #3018 ),
 .UNSPECIFIED., .F., .F.,
 ( 4, 2, 4 ),
 ( 0.0000000000000000000, 0.5000000000000000000, 1.000000000000000000 ),
 .UNSPECIFIED. ) ;
#4224 = EDGE_CURVE ( 'NONE', #4001, #1699, #2801, .T. ) ;
#4225 = AXIS2_PLACEMENT_3D ( 'NONE', #1676, #451, #3483 ) ;
#4226 = DIRECTION ( 'NONE',  ( -0.8571673007021086700, 0.0000000000000000000, 0.5150380749100603700 ) ) ;
#4227 = ORIENTED_EDGE ( 'NONE', *, *, #2048, .T. ) ;
#4228 = DIRECTION ( 'NONE',  ( 0.7231295001038959800, 3.491481338843133400E-015, 0.6907124771418926600 ) ) ;
#4229 = ORIENTED_EDGE ( 'NONE', *, *, #4623, .F. ) ;
#4230 = DIRECTION ( 'NONE',  ( -0.6907124771418926600, -3.491481338843132600E-015, 0.7231295001038958700 ) ) ;
#4231 = AXIS2_PLACEMENT_3D ( 'NONE', #1600, #4101, #336 ) ;
#4232 = DIRECTION ( 'NONE',  ( 0.0000000000000000000, -1.000000000000000000, 0.0000000000000000000 ) ) ;
#4233 = DIRECTION ( 'NONE',  ( -0.4994745683111420100, -0.7231295001038964300, -0.4770837260794872400 ) ) ;
#4234 = EDGE_CURVE ( 'NONE', #7793, #5948, #3002, .T. ) ;
#4235 = ADVANCED_FACE ( 'NONE', ( #7788 ), #4498, .F. ) ;
#4236 = CARTESIAN_POINT ( 'NONE',  ( -0.9499999999999995100, 0.0000000000000000000, -6.299999999999998900 ) ) ;
#4237 = CARTESIAN_POINT ( 'NONE',  ( 6.000000000000000000, 1.355252715606880500E-015, -2.450000000000001100 ) ) ;
#4238 = CARTESIAN_POINT ( 'NONE',  ( 0.9500000000000005100, 0.0000000000000000000, -6.299999999999998900 ) ) ;
#4239 = DIRECTION ( 'NONE',  ( -0.0000000000000000000, 1.000000000000000000, -0.0000000000000000000 ) ) ;
#4240 = LINE ( 'NONE', #459, #895 ) ;
#4241 = AXIS2_PLACEMENT_3D ( 'NONE', #6142, #1830, #4878 ) ;
#4242 = CARTESIAN_POINT ( 'NONE',  ( -4.242640687119284800, 0.0000000000000000000, -4.242640687119284800 ) ) ;
#4243 = FACE_OUTER_BOUND ( 'NONE', #4078, .T. ) ;
#4244 = PLANE ( 'NONE',  #1089 ) ;
#4245 = EDGE_CURVE ( 'NONE', #4617, #5238, #6119, .T. ) ;
#4246 = LINE ( 'NONE', #4598, #5984 ) ;
#4247 = LINE ( 'NONE', #390, #7563 ) ;
#4248 = EDGE_CURVE ( 'NONE', #4059, #6234, #5351, .T. ) ;
#4249 = COLOUR_RGB ( '',0.7960784313725489700, 0.8235294117647058400, 0.9372549019607843100 ) ;
#4250 = DIRECTION ( 'NONE',  ( 0.0000000000000000000, 1.000000000000000000, 0.0000000000000000000 ) ) ;
#4251 = ADVANCED_FACE ( 'NONE', ( #162 ), #1415, .F. ) ;
#4252 = DIRECTION ( 'NONE',  ( 0.0000000000000000000, 0.0000000000000000000, -1.000000000000000000 ) ) ;
#4253 = ORIENTED_EDGE ( 'NONE', *, *, #5333, .T. ) ;
#4254 = CARTESIAN_POINT ( 'NONE',  ( -3.890771617045456500, 3.509236882042920500, -3.431939988143891500 ) ) ;
#4255 = CYLINDRICAL_SURFACE ( 'NONE', #5840, 0.4000000000000000200 ) ;
#4256 = EDGE_CURVE ( 'NONE', #6725, #1209, #4863, .T. ) ;
#4257 = DIRECTION ( 'NONE',  ( -0.5150380749100597100, -0.0000000000000000000, -0.8571673007021091100 ) ) ;
#4258 = DIRECTION ( 'NONE',  ( 0.04488852596211161100, -0.9961946980917452100, -0.07470705275170119700 ) ) ;
#4259 = CARTESIAN_POINT ( 'NONE',  ( 6.000000000000000000, 8.673617379884035500E-016, -0.5000000000000001100 ) ) ;
#4260 = ORIENTED_EDGE ( 'NONE', *, *, #3506, .T. ) ;
#4261 = VECTOR ( 'NONE', #3948, 1000.000000000000000 ) ;
#4262 = CARTESIAN_POINT ( 'NONE',  ( 3.000000000000000000, 5.000000000000000000, 4.399502812818740300 ) ) ;
#4263 = EDGE_LOOP ( 'NONE', ( #1545, #7762, #3503, #5722 ) ) ;
#4264 = ORIENTED_EDGE ( 'NONE', *, *, #4248, .T. ) ;
#4265 = MECHANICAL_DESIGN_GEOMETRIC_PRESENTATION_REPRESENTATION (  '', ( #7166 ), #3555 ) ;
#4266 = CARTESIAN_POINT ( 'NONE',  ( 2.738802264660374700, 0.0000000000000000000, -3.487330402084222000 ) ) ;
#4267 = CYLINDRICAL_SURFACE ( 'NONE', #3432, 1.000000000000001800 ) ;
#4268 = DIRECTION ( 'NONE',  ( 0.0000000000000000000, 0.0000000000000000000, -1.000000000000000000 ) ) ;
#4269 = LINE ( 'NONE', #4988, #7368 ) ;
#4270 = CARTESIAN_POINT ( 'NONE',  ( -5.500000000000000000, 0.0000000000000000000, 0.5000000000000000000 ) ) ;
#4271 = EDGE_CURVE ( 'NONE', #918, #4897, #7694, .T. ) ;
#4272 = CARTESIAN_POINT ( 'NONE',  ( 4.999999999999999100, 0.0000000000000000000, 5.000000000000000000 ) ) ;
#4273 = DIRECTION ( 'NONE',  ( 1.000000000000000000, 0.0000000000000000000, 0.0000000000000000000 ) ) ;
#4274 = LINE ( 'NONE', #3292, #3963 ) ;
#4275 = ORIENTED_EDGE ( 'NONE', *, *, #5868, .T. ) ;
#4276 = AXIS2_PLACEMENT_3D ( 'NONE', #4669, #904, #7151 ) ;
#4277 = DIRECTION ( 'NONE',  ( 0.0000000000000000000, 0.0000000000000000000, 1.000000000000000000 ) ) ;
#4278 = VECTOR ( 'NONE', #3103, 1000.000000000000000 ) ;
#4279 = FACE_OUTER_BOUND ( 'NONE', #978, .T. ) ;
#4280 = ADVANCED_FACE ( 'NONE', ( #6696 ), #7637, .T. ) ;
#4281 = EDGE_LOOP ( 'NONE', ( #2527, #4980, #3804, #7537 ) ) ;
#4282 = ORIENTED_EDGE ( 'NONE', *, *, #728, .T. ) ;
#4283 = LINE ( 'NONE', #6386, #3890 ) ;
#4284 = ORIENTED_EDGE ( 'NONE', *, *, #423, .F. ) ;
#4285 = FACE_OUTER_BOUND ( 'NONE', #3477, .T. ) ;
#4286 = CARTESIAN_POINT ( 'NONE',  ( 0.9500000000000005100, 0.0000000000000000000, -5.100000000000001400 ) ) ;
#4287 = DIRECTION ( 'NONE',  ( 0.0000000000000000000, 1.000000000000000000, 0.0000000000000000000 ) ) ;
#4288 = EDGE_CURVE ( 'NONE', #1633, #4108, #7194, .T. ) ;
#4289 = CARTESIAN_POINT ( 'NONE',  ( 3.534314575036435100, -0.1500000000000000200, 26.95000000000126800 ) ) ;
#4290 = DIRECTION ( 'NONE',  ( 0.0000000000000000000, 0.0000000000000000000, -1.000000000000000000 ) ) ;
#4291 = CARTESIAN_POINT ( 'NONE',  ( 0.0000000000000000000, 0.0000000000000000000, 1.000000000000000000 ) ) ;
#4292 = DIRECTION ( 'NONE',  ( -0.0000000000000000000, 1.000000000000000000, -0.0000000000000000000 ) ) ;
#4293 = LINE ( 'NONE', #586, #7393 ) ;
#4294 = AXIS2_PLACEMENT_3D ( 'NONE', #8036, #1741, #3115 ) ;
#4295 = ORIENTED_EDGE ( 'NONE', *, *, #3650, .F. ) ;
#4297 = ORIENTED_EDGE ( 'NONE', *, *, #796, .F. ) ;
#4296 = DIRECTION ( 'NONE',  ( 0.0000000000000000000, 1.000000000000000000, 0.0000000000000000000 ) ) ;
#4298 = CARTESIAN_POINT ( 'NONE',  ( -4.028805748864899200, 0.4000000000000001900, 3.320662628199693600 ) ) ;
#4299 = VERTEX_POINT ( 'NONE', #3818 ) ;
#4300 = ORIENTED_EDGE ( 'NONE', *, *, #6466, .F. ) ;
#4301 = PLANE ( 'NONE',  #2175 ) ;
#4302 = EDGE_CURVE ( 'NONE', #5777, #2261, #5162, .T. ) ;
#4303 = CARTESIAN_POINT ( 'NONE',  ( 5.500000000000000000, 1.355252715606880500E-015, -2.450000000000001100 ) ) ;
#4304 = ADVANCED_FACE ( 'NONE', ( #7882 ), #2673, .T. ) ;
#4305 = EDGE_LOOP ( 'NONE', ( #7394, #7083, #7413, #5175 ) ) ;
#4306 = ORIENTED_EDGE ( 'NONE', *, *, #5796, .F. ) ;
#4308 = LINE ( 'NONE', #7254, #2911 ) ;
#4307 = CARTESIAN_POINT ( 'NONE',  ( -4.925000000000000700, 2.599999999999999200, 0.0000000000000000000 ) ) ;
#4309 = AXIS2_PLACEMENT_3D ( 'NONE', #955, #5928, #378 ) ;
#4310 = EDGE_LOOP ( 'NONE', ( #2223, #4015, #4624, #5176, #1381, #799 ) ) ;
#4311 = ORIENTED_EDGE ( 'NONE', *, *, #6608, .F. ) ;
#4312 = DIRECTION ( 'NONE',  ( 0.7071067811865487900, 0.0000000000000000000, -0.7071067811865463500 ) ) ;
#4313 = ORIENTED_EDGE ( 'NONE', *, *, #4867, .F. ) ;
#4314 = ORIENTED_EDGE ( 'NONE', *, *, #3973, .F. ) ;
#4315 = EDGE_CURVE ( 'NONE', #2497, #7470, #5746, .T. ) ;
#4316 = DIRECTION ( 'NONE',  ( 1.000000000000000000, 0.0000000000000000000, -0.0000000000000000000 ) ) ;
#4317 = CARTESIAN_POINT ( 'NONE',  ( -3.817157287505073900, 0.1328427124805983100, -2.450000000000000600 ) ) ;
#4318 = CARTESIAN_POINT ( 'NONE',  ( 3.260954597208886300, 4.170189603414773800, 4.091316040819109800 ) ) ;
#4319 = AXIS2_PLACEMENT_3D ( 'NONE', #7894, #5393, #381 ) ;
#4320 = ORIENTED_EDGE ( 'NONE', *, *, #4162, .F. ) ;
#4321 = ORIENTED_EDGE ( 'NONE', *, *, #6558, .T. ) ;
#4322 = ORIENTED_EDGE ( 'NONE', *, *, #6558, .F. ) ;
#4323 = CARTESIAN_POINT ( 'NONE',  ( -6.500000000000000900, -0.5000000000000002200, -5.100000000000001400 ) ) ;
#4324 = EDGE_CURVE ( 'NONE', #2414, #4191, #4963, .T. ) ;
#4325 = ADVANCED_FACE ( 'NONE', ( #2694 ), #6438, .T. ) ;
#4326 = CARTESIAN_POINT ( 'NONE',  ( -3.729145877938738100, 0.2500000000000000000, -3.022039096752199900 ) ) ;
#4327 = ORIENTED_EDGE ( 'NONE', *, *, #1618, .T. ) ;
#4328 = DIRECTION ( 'NONE',  ( -0.7229394975650260700, 0.02292229676231420700, -0.6905309921875832900 ) ) ;
#4329 = EDGE_LOOP ( 'NONE', ( #5689, #6691, #1569, #5640 ) ) ;
#4330 = CARTESIAN_POINT ( 'NONE',  ( -2.809512942779034200, 0.2500000000000000000, 3.516619723965575900 ) ) ;
#4331 = DIRECTION ( 'NONE',  ( 0.0000000000000000000, 0.0000000000000000000, 1.000000000000000000 ) ) ;
#4332 = CARTESIAN_POINT ( 'NONE',  ( -3.242819847682089300, 5.000000000000000000, -4.223712162953238400 ) ) ;
#4333 = EDGE_CURVE ( 'NONE', #6340, #1959, #4394, .T. ) ;
#4334 = CARTESIAN_POINT ( 'NONE',  ( 2.939196074080898700, 0.7191252243511374600, -4.115002110133894500 ) ) ;
#4335 = CARTESIAN_POINT ( 'NONE',  ( -6.000000000000000000, 5.000000000000000000, -6.000000000000000000 ) ) ;
#4336 = FACE_OUTER_BOUND ( 'NONE', #5772, .T. ) ;
#4337 = CARTESIAN_POINT ( 'NONE',  ( 2.253462233519209200, 0.7191252243511374600, -4.527032570061938300 ) ) ;
#4338 = ADVANCED_FACE ( 'NONE', ( #3389 ), #253, .T. ) ;
#4339 = VECTOR ( 'NONE', #4127, 1000.000000000000000 ) ;
#4340 = CARTESIAN_POINT ( 'NONE',  ( 3.132808077000298800, 0.4000000000000004700, -3.830774262967693700 ) ) ;
#4341 = AXIS2_PLACEMENT_3D ( 'NONE', #295, #5327, #5950 ) ;
#4342 = CARTESIAN_POINT ( 'NONE',  ( 2.232323454269423000, 0.0000000000000000000, -4.491851733474584700 ) ) ;
#4343 = EDGE_LOOP ( 'NONE', ( #5585, #957, #7010, #7993 ) ) ;
#4344 = EDGE_CURVE ( 'NONE', #6766, #3498, #5074, .T. ) ;
#4345 = FACE_OUTER_BOUND ( 'NONE', #6061, .T. ) ;
#4346 = DIRECTION ( 'NONE',  ( 0.0000000000000000000, -1.000000000000000000, 0.0000000000000000000 ) ) ;
#4347 = VECTOR ( 'NONE', #1575, 1000.000000000000200 ) ;
#4348 = CARTESIAN_POINT ( 'NONE',  ( -3.195698423968606100, 4.193111900177107100, 3.770703214370499300 ) ) ;
#4349 = ORIENTED_EDGE ( 'NONE', *, *, #5680, .T. ) ;
#4350 = DIRECTION ( 'NONE',  ( 0.0000000000000000000, -1.000000000000000000, 0.0000000000000000000 ) ) ;
#4351 = CARTESIAN_POINT ( 'NONE',  ( 0.0000000000000000000, 4.400000000000000400, 0.0000000000000000000 ) ) ;
#4352 = ORIENTED_EDGE ( 'NONE', *, *, #7128, .F. ) ;
#4353 = AXIS2_PLACEMENT_3D ( 'NONE', #2148, #255, #6504 ) ;
#4354 = VECTOR ( 'NONE', #3751, 1000.000000000000000 ) ;
#4355 = CARTESIAN_POINT ( 'NONE',  ( 3.534314575036435100, -5.421010862427522200E-017, 2.450000000006540700 ) ) ;
#4356 = ORIENTED_EDGE ( 'NONE', *, *, #7028, .T. ) ;
#4357 = CIRCLE ( 'NONE', #5063, 0.09999999999999982500 ) ;
#4358 = CARTESIAN_POINT ( 'NONE',  ( 3.070012341272744500, -13.80215859328339600, -4.236474484209154000 ) ) ;
#4359 = VECTOR ( 'NONE', #5565, 1000.000000000000000 ) ;
#4360 = CARTESIAN_POINT ( 'NONE',  ( 2.672719032437936200, -0.4540103489807831800, -4.448151447774185000 ) ) ;
#4361 = EDGE_CURVE ( 'NONE', #2307, #1633, #7288, .T. ) ;
#4362 = B_SPLINE_CURVE_WITH_KNOTS ( 'NONE', 3,
 ( #1976, #87, #3212, #4540, #7659, #3259 ),
 .UNSPECIFIED., .F., .F.,
 ( 4, 2, 4 ),
 ( 0.0000000000000000000, 0.5000000000000000000, 1.000000000000000000 ),
 .UNSPECIFIED. ) ;
#4363 = AXIS2_PLACEMENT_3D ( 'NONE', #5220, #5820, #2745 ) ;
#4364 = ADVANCED_FACE ( 'NONE', ( #5832 ), #1433, .F. ) ;
#4365 = ORIENTED_EDGE ( 'NONE', *, *, #2030, .F. ) ;
#4366 = LINE ( 'NONE', #2448, #1379 ) ;
#4367 = DIRECTION ( 'NONE',  ( 0.7071067811865487900, 0.0000000000000000000, -0.7071067811865463500 ) ) ;
#4368 = VECTOR ( 'NONE', #3051, 1000.000000000000000 ) ;
#4369 = EDGE_CURVE ( 'NONE', #5952, #5169, #57, .T. ) ;
#4370 = CARTESIAN_POINT ( 'NONE',  ( 2.000000000000000400, 0.2500000000000000000, 0.0000000000000000000 ) ) ;
#4371 = VECTOR ( 'NONE', #1542, 1000.000000000000000 ) ;
#4372 = CARTESIAN_POINT ( 'NONE',  ( 3.080172222182912600, 4.170189603414772100, 3.918637921533636000 ) ) ;
#4373 = DIRECTION ( 'NONE',  ( -0.0000000000000000000, 1.000000000000000000, -0.0000000000000000000 ) ) ;
#4374 = ORIENTED_EDGE ( 'NONE', *, *, #519, .T. ) ;
#4375 = CIRCLE ( 'NONE', #2876, 0.1000000000000002600 ) ;
#4376 = CARTESIAN_POINT ( 'NONE',  ( 4.200000000000002000, -0.2499999999999989700, 0.5000000000000000000 ) ) ;
#4377 = EDGE_LOOP ( 'NONE', ( #1038, #5921, #888, #6979 ) ) ;
#4378 = CARTESIAN_POINT ( 'NONE',  ( 3.284200928263934400, 2.702328844871600300, 4.066978695959434700 ) ) ;
#4379 = PRODUCT_RELATED_PRODUCT_CATEGORY ( 'part', '', ( #1004 ) ) ;
#4380 = LINE ( 'NONE', #3513, #7483 ) ;
#4382 = VECTOR ( 'NONE', #4384, 1000.000000000000000 ) ;
#4381 = CARTESIAN_POINT ( 'NONE',  ( 1.749999999999999800, 0.0000000000000000000, -5.100000000000001400 ) ) ;
#4383 = LINE ( 'NONE', #98, #4842 ) ;
#4384 = DIRECTION ( 'NONE',  ( -0.0000000000000000000, 1.000000000000000000, -0.0000000000000000000 ) ) ;
#4385 = CARTESIAN_POINT ( 'NONE',  ( 4.066978695959433000, 2.702328844871582100, -3.284200928263937100 ) ) ;
#4386 = PLANE ( 'NONE',  #6370 ) ;
#4387 = FACE_OUTER_BOUND ( 'NONE', #2735, .T. ) ;
#4388 = DIRECTION ( 'NONE',  ( 0.6907124771418919900, -3.491481338843133400E-015, -0.7231295001038965400 ) ) ;
#4389 = LINE ( 'NONE', #5316, #2492 ) ;
#4390 = ADVANCED_FACE ( 'NONE', ( #3478 ), #844, .T. ) ;
#4391 = DIRECTION ( 'NONE',  ( 0.0000000000000000000, 0.0000000000000000000, 1.000000000000000000 ) ) ;
#4392 = DIRECTION ( 'NONE',  ( 0.7231295001038959800, 3.491481338843133400E-015, 0.6907124771418926600 ) ) ;
#4393 = CARTESIAN_POINT ( 'NONE',  ( 5.750000000000000000, 1.355252715606880500E-015, 2.449999999999999300 ) ) ;
#4394 = LINE ( 'NONE', #2006, #1901 ) ;
#4395 = ORIENTED_EDGE ( 'NONE', *, *, #5034, .F. ) ;
#4396 = LINE ( 'NONE', #7818, #6219 ) ;
#4397 = AXIS2_PLACEMENT_3D ( 'NONE', #611, #1231, #672 ) ;
#4398 = CARTESIAN_POINT ( 'NONE',  ( 2.738802264660374700, 0.0000000000000000000, -3.587330402084222000 ) ) ;
#4399 = CARTESIAN_POINT ( 'NONE',  ( -6.717514421272199800, 0.0000000000000000000, -6.010407640085673200 ) ) ;
#4400 = DIRECTION ( 'NONE',  ( -0.0000000000000000000, 1.000000000000000000, -0.0000000000000000000 ) ) ;
#4401 = CARTESIAN_POINT ( 'NONE',  ( 3.304289159587813000, 0.2949861872786539400, -4.012700012980801000 ) ) ;
#4402 = EDGE_CURVE ( 'NONE', #1532, #4191, #739, .T. ) ;
#4403 = DIRECTION ( 'NONE',  ( 0.0000000000000000000, -1.000000000000000000, 0.0000000000000000000 ) ) ;
#4404 = EDGE_LOOP ( 'NONE', ( #4284, #380, #3651, #3694 ) ) ;
#4405 = ORIENTED_EDGE ( 'NONE', *, *, #7841, .T. ) ;
#4406 = ORIENTED_EDGE ( 'NONE', *, *, #5923, .F. ) ;
#4407 = ORIENTED_EDGE ( 'NONE', *, *, #3999, .T. ) ;
#4408 = CARTESIAN_POINT ( 'NONE',  ( 5.499999999999998200, -0.4999999999999987200, 2.449999999999999300 ) ) ;
#4409 = ADVANCED_FACE ( 'NONE', ( #4492 ), #5256, .T. ) ;
#4410 = ORIENTED_EDGE ( 'NONE', *, *, #1894, .T. ) ;
#4411 = ORIENTED_EDGE ( 'NONE', *, *, #3241, .T. ) ;
#4412 = LINE ( 'NONE', #4005, #4986 ) ;
#4413 = CARTESIAN_POINT ( 'NONE',  ( 4.223712162953238400, 5.000000000000000000, -3.242819847682089300 ) ) ;
#4414 =( NAMED_UNIT ( * ) SI_UNIT ( $, .STERADIAN. ) SOLID_ANGLE_UNIT ( ) );
#4415 = CARTESIAN_POINT ( 'NONE',  ( -3.185716133469805200, 3.591048996928861000, 3.780238010830868900 ) ) ;
#4416 = EDGE_CURVE ( 'NONE', #418, #4469, #5341, .T. ) ;
#4417 = EDGE_LOOP ( 'NONE', ( #3763, #4321, #415, #7620 ) ) ;
#4418 = CARTESIAN_POINT ( 'NONE',  ( -6.000000000000000000, -2.168404344971008900E-016, -0.5000000000000000000 ) ) ;
#4419 = DIRECTION ( 'NONE',  ( -0.4994745683111422900, 0.7231295001038958700, -0.4770837260794877900 ) ) ;
#4420 = EDGE_LOOP ( 'NONE', ( #1185, #7416, #7507, #8126 ) ) ;
#4421 = EDGE_LOOP ( 'NONE', ( #3489, #110, #7210, #7633 ) ) ;
#4422 = PLANE ( 'NONE',  #2741 ) ;
#4423 = ORIENTED_EDGE ( 'NONE', *, *, #6996, .F. ) ;
#4424 = CARTESIAN_POINT ( 'NONE',  ( -2.232323454269456300, 0.0000000000000000000, -4.491851733474571300 ) ) ;
#4425 = DIRECTION ( 'NONE',  ( 0.0000000000000000000, 0.0000000000000000000, 1.000000000000000000 ) ) ;
#4426 = EDGE_CURVE ( 'NONE', #5938, #6705, #549, .T. ) ;
#4427 = CARTESIAN_POINT ( 'NONE',  ( -3.817157287505073900, 0.1328427124805983100, 2.450000000007637200 ) ) ;
#4428 = ORIENTED_EDGE ( 'NONE', *, *, #2618, .F. ) ;
#4429 = ORIENTED_EDGE ( 'NONE', *, *, #6133, .F. ) ;
#4430 = EDGE_CURVE ( 'NONE', #6818, #2519, #5447, .T. ) ;
#4431 = ORIENTED_EDGE ( 'NONE', *, *, #1189, .F. ) ;
#4432 = ORIENTED_EDGE ( 'NONE', *, *, #6016, .F. ) ;
#4433 = PRESENTATION_LAYER_ASSIGNMENT (  '', '', ( #3550 ) ) ;
#4434 = ADVANCED_FACE ( 'NONE', ( #4185 ), #4853, .F. ) ;
#4435 = DIRECTION ( 'NONE',  ( 0.8571673007021085600, -7.589415207398531000E-016, -0.5150380749100604800 ) ) ;
#4436 = CARTESIAN_POINT ( 'NONE',  ( 3.803941088848795000, -4.053195729745902300E-016, 3.095770484169041200 ) ) ;
#4437 = DIRECTION ( 'NONE',  ( -0.7071067811865489100, 0.0000000000000000000, 0.7071067811865462400 ) ) ;
#4438 = AXIS2_PLACEMENT_3D ( 'NONE', #2484, #5596, #1272 ) ;
#4439 = CARTESIAN_POINT ( 'NONE',  ( -4.262132034355966300, -0.5000000000000000000, 2.449999999999999300 ) ) ;
#4440 = VERTEX_POINT ( 'NONE', #5392 ) ;
#4441 = DIRECTION ( 'NONE',  ( -1.000000000000000000, -0.0000000000000000000, -0.0000000000000000000 ) ) ;
#4442 = EDGE_CURVE ( 'NONE', #8003, #1749, #3198, .T. ) ;
#4443 = CARTESIAN_POINT ( 'NONE',  ( 3.185716133469803900, 3.591048996928859300, -3.780238010830870600 ) ) ;
#4444 = CARTESIAN_POINT ( 'NONE',  ( -6.010407640085669600, 0.0000000000000000000, 6.717514421272200700 ) ) ;
#4445 = CARTESIAN_POINT ( 'NONE',  ( 3.200141044849041700, 0.4000000000000010200, 3.913687002674583600 ) ) ;
#4446 = CARTESIAN_POINT ( 'NONE',  ( 2.381731783404402900, 0.6973362886642219300, -4.740508950146201900 ) ) ;
#4447 = DIRECTION ( 'NONE',  ( 1.000000000000000000, -0.0000000000000000000, 0.0000000000000000000 ) ) ;
#4448 = APPLICATION_PROTOCOL_DEFINITION ( 'draft international standard', 'automotive_design', 1998, #5120 ) ;
#4449 = CIRCLE ( 'NONE', #1233, 0.2500000000000002200 ) ;
#4450 = EDGE_CURVE ( 'NONE', #6234, #7533, #4283, .T. ) ;
#4451 = DIRECTION ( 'NONE',  ( 0.4994745683111419000, 0.6907124771418917700, -0.5229162739205103200 ) ) ;
#4452 = ORIENTED_EDGE ( 'NONE', *, *, #6461, .F. ) ;
#4453 = LINE ( 'NONE', #7037, #4559 ) ;
#4454 = AXIS2_PLACEMENT_3D ( 'NONE', #4221, #6055, #6671 ) ;
#4455 = DIRECTION ( 'NONE',  ( -0.8571673007021132200, 0.0000000000000000000, -0.5150380749100526000 ) ) ;
#4456 = CYLINDRICAL_SURFACE ( 'NONE', #5538, 0.3999999999999999100 ) ;
#4457 = DIRECTION ( 'NONE',  ( 0.0000000000000000000, 1.000000000000000000, -0.0000000000000000000 ) ) ;
#4458 = EDGE_LOOP ( 'NONE', ( #389, #5751 ) ) ;
#4459 = EDGE_CURVE ( 'NONE', #265, #5609, #1506, .T. ) ;
#4460 = DIRECTION ( 'NONE',  ( 0.0000000000000000000, -0.0000000000000000000, -1.000000000000000000 ) ) ;
#4461 = ORIENTED_EDGE ( 'NONE', *, *, #2008, .F. ) ;
#4462 = FACE_OUTER_BOUND ( 'NONE', #7999, .T. ) ;
#4463 = CARTESIAN_POINT ( 'NONE',  ( 3.979289321885084900, -0.3828427124783559400, 2.449999999999999300 ) ) ;
#4464 = VECTOR ( 'NONE', #7925, 1000.000000000000200 ) ;
#4465 = CARTESIAN_POINT ( 'NONE',  ( 1.935716730070211400, 0.2500000000000000000, -3.998215248062637600 ) ) ;
#4466 = AXIS2_PLACEMENT_3D ( 'NONE', #4895, #6079, #7311 ) ;
#4467 = CARTESIAN_POINT ( 'NONE',  ( 3.052496758070553500, 0.3651377029009364400, 4.303566113834087900 ) ) ;
#4468 = ADVANCED_FACE ( 'NONE', ( #7184 ), #3519, .T. ) ;
#4469 = VERTEX_POINT ( 'NONE', #2867 ) ;
#4470 = ORIENTED_EDGE ( 'NONE', *, *, #2987, .F. ) ;
#4471 = DIRECTION ( 'NONE',  ( -1.000000000000000000, -8.340016711426987300E-017, 0.0000000000000000000 ) ) ;
#4472 = DIRECTION ( 'NONE',  ( -1.000000000000000000, 0.0000000000000000000, 0.0000000000000000000 ) ) ;
#4473 = APPLICATION_CONTEXT ( 'automotive_design' ) ;
#4474 = CIRCLE ( 'NONE', #7673, 1.000000000000001800 ) ;
#4475 = EDGE_CURVE ( 'NONE', #4699, #867, #650, .T. ) ;
#4476 = CIRCLE ( 'NONE', #4341, 1.000000000000000000 ) ;
#4477 = AXIS2_PLACEMENT_3D ( 'NONE', #8034, #430, #4277 ) ;
#4478 = EDGE_LOOP ( 'NONE', ( #3029, #84, #5911, #3712, #2624, #2877, #4562, #4924, #2115 ) ) ;
#4479 = VECTOR ( 'NONE', #2715, 1000.000000000000000 ) ;
#4480 = CARTESIAN_POINT ( 'NONE',  ( 0.9500000000000005100, 0.0000000000000000000, -1.000000000000000000 ) ) ;
#4481 = AXIS2_PLACEMENT_3D ( 'NONE', #2750, #5871, #4053 ) ;
#4482 = ORIENTED_EDGE ( 'NONE', *, *, #6864, .T. ) ;
#4483 = VECTOR ( 'NONE', #6817, 1000.000000000000100 ) ;
#4484 = LINE ( 'NONE', #89, #3282 ) ;
#4485 = PLANE ( 'NONE',  #7525 ) ;
#4486 = CARTESIAN_POINT ( 'NONE',  ( -2.161531637692523800, 0.2499999999999992500, 4.374034365627325700 ) ) ;
#4487 = CARTESIAN_POINT ( 'NONE',  ( 2.738802264660508400, 0.0000000000000000000, 3.487330402084382300 ) ) ;
#4488 = CARTESIAN_POINT ( 'NONE',  ( 3.534314575036435100, 0.2499999999999999400, 2.450000000006540700 ) ) ;
#4489 = UNCERTAINTY_MEASURE_WITH_UNIT (LENGTH_MEASURE( 1.000000000000000100E-005 ), #3195, 'distance_accuracy_value', 'NONE');
#4490 = DIRECTION ( 'NONE',  ( -0.0000000000000000000, -1.000000000000000000, 0.0000000000000000000 ) ) ;
#4491 = CARTESIAN_POINT ( 'NONE',  ( 4.223712162953238400, 0.0000000000000000000, 3.242819847682089300 ) ) ;
#4492 = FACE_OUTER_BOUND ( 'NONE', #2251, .T. ) ;
#4493 = ORIENTED_EDGE ( 'NONE', *, *, #7431, .T. ) ;
#4494 = VECTOR ( 'NONE', #3730, 1000.000000000000000 ) ;
#4495 = CARTESIAN_POINT ( 'NONE',  ( -5.750000000000000000, -1.967626164881100400E-016, 0.5000000000000000000 ) ) ;
#4496 = CARTESIAN_POINT ( 'NONE',  ( 3.951485589396470200, 4.193111900177088500, 3.368376543254082200 ) ) ;
#4497 =( NAMED_UNIT ( * ) PLANE_ANGLE_UNIT ( ) SI_UNIT ( $, .RADIAN. ) );
#4498 = CYLINDRICAL_SURFACE ( 'NONE', #5852, 0.1499999999999999400 ) ;
#4499 = VERTEX_POINT ( 'NONE', #2783 ) ;
#4501 = PRESENTATION_STYLE_ASSIGNMENT (( #7224 ) ) ;
#4500 = CARTESIAN_POINT ( 'NONE',  ( 0.9500000000000005100, 0.2500000000000000000, -1.000000000000000000 ) ) ;
#4502 = EDGE_CURVE ( 'NONE', #3838, #4499, #4672, .T. ) ;
#4503 = AXIS2_PLACEMENT_3D ( 'NONE', #3291, #3904, #6361 ) ;
#4504 = DIRECTION ( 'NONE',  ( -0.0000000000000000000, -1.000000000000000000, 0.0000000000000000000 ) ) ;
#4505 = APPLICATION_CONTEXT ( 'automotive_design' ) ;
#4506 = VERTEX_POINT ( 'NONE', #4140 ) ;
#4507 = AXIS2_PLACEMENT_3D ( 'NONE', #7987, #6195, #2562 ) ;
#4508 = EDGE_LOOP ( 'NONE', ( #1255, #3131, #5962, #7530 ) ) ;
#4509 = DIRECTION ( 'NONE',  ( 0.4994745683111422900, -0.6907124771418931000, -0.5229162739205082100 ) ) ;
#4510 = ORIENTED_EDGE ( 'NONE', *, *, #2538, .T. ) ;
#4511 = FACE_OUTER_BOUND ( 'NONE', #7913, .T. ) ;
#4512 = ORIENTED_EDGE ( 'NONE', *, *, #7222, .F. ) ;
#4513 = ORIENTED_EDGE ( 'NONE', *, *, #4603, .F. ) ;
#4514 = ADVANCED_FACE ( 'NONE', ( #3675 ), #7145, .F. ) ;
#4515 = EDGE_CURVE ( 'NONE', #6340, #7248, #3787, .T. ) ;
#4516 = PLANE ( 'NONE',  #2256 ) ;
#4517 = EDGE_LOOP ( 'NONE', ( #4944, #6149, #190, #6127, #2125, #2584 ) ) ;
#4518 = CARTESIAN_POINT ( 'NONE',  ( -2.381731783404402900, 0.6973362886642219300, 4.740508950146200100 ) ) ;
#4519 = ORIENTED_EDGE ( 'NONE', *, *, #6116, .F. ) ;
#4520 = ORIENTED_EDGE ( 'NONE', *, *, #3894, .T. ) ;
#4521 = CARTESIAN_POINT ( 'NONE',  ( 0.0000000000000000000, 5.000000000000000000, 0.0000000000000000000 ) ) ;
#4522 = ORIENTED_EDGE ( 'NONE', *, *, #8068, .T. ) ;
#4523 = DIRECTION ( 'NONE',  ( 0.4994745683111419000, 0.6907124771418917700, -0.5229162739205103200 ) ) ;
#4524 = ORIENTED_EDGE ( 'NONE', *, *, #2802, .F. ) ;
#4525 = ORIENTED_EDGE ( 'NONE', *, *, #2700, .F. ) ;
#4526 = ORIENTED_EDGE ( 'NONE', *, *, #5555, .T. ) ;
#4527 = EDGE_CURVE ( 'NONE', #360, #2384, #452, .T. ) ;
#4528 = CARTESIAN_POINT ( 'NONE',  ( -1.749999999999999100, 0.0000000000000000000, 4.049719055553636000 ) ) ;
#4529 = DIRECTION ( 'NONE',  ( -1.000000000000000000, 0.0000000000000000000, -3.633269900216176500E-011 ) ) ;
#4530 = DIRECTION ( 'NONE',  ( -1.204669080539449300E-016, 0.0000000000000000000, -1.000000000000000000 ) ) ;
#4531 = ORIENTED_EDGE ( 'NONE', *, *, #7668, .T. ) ;
#4532 = CARTESIAN_POINT ( 'NONE',  ( -0.9499999999999991800, 0.0000000000000000000, -5.100000000000001400 ) ) ;
#4533 = DIRECTION ( 'NONE',  ( 0.0000000000000000000, 0.0000000000000000000, 1.000000000000000000 ) ) ;
#4534 = EDGE_CURVE ( 'NONE', #6257, #5654, #347, .T. ) ;
#4535 = ORIENTED_EDGE ( 'NONE', *, *, #5461, .T. ) ;
#4536 = PRODUCT_DEFINITION_CONTEXT ( 'detailed design', #4505, 'design' ) ;
#4537 = CARTESIAN_POINT ( 'NONE',  ( -6.010407640085648300, 0.0000000000000000000, -6.717514421272221100 ) ) ;
#4538 = DIRECTION ( 'NONE',  ( 0.0000000000000000000, 1.000000000000000000, -0.0000000000000000000 ) ) ;
#4539 = DIRECTION ( 'NONE',  ( -0.0000000000000000000, -1.000000000000000000, -0.0000000000000000000 ) ) ;
#4540 = CARTESIAN_POINT ( 'NONE',  ( -3.877851111921486000, 0.04310923855607483300, -3.168643545554900700 ) ) ;
#4541 = ORIENTED_EDGE ( 'NONE', *, *, #6784, .T. ) ;
#4542 = CIRCLE ( 'NONE', #3929, 0.2500000000000002200 ) ;
#4543 = VECTOR ( 'NONE', #3508, 1000.000000000000000 ) ;
#4544 = CARTESIAN_POINT ( 'NONE',  ( -3.000000000000000000, 4.400000000000000400, -6.000000000000000000 ) ) ;
#4545 = CARTESIAN_POINT ( 'NONE',  ( -2.238493367623672000, 0.3869266385878510900, -4.502120193677874300 ) ) ;
#4546 = MECHANICAL_DESIGN_GEOMETRIC_PRESENTATION_REPRESENTATION (  '', ( #7920 ), #6181 ) ;
#4547 = SURFACE_STYLE_USAGE ( .BOTH. , #7588 ) ;
#4548 = CARTESIAN_POINT ( 'NONE',  ( -2.847265478254212800, 0.2499999999999993600, 3.962003905699284200 ) ) ;
#4549 = ADVANCED_FACE ( 'NONE', ( #1787 ), #7230, .F. ) ;
#4550 = ORIENTED_EDGE ( 'NONE', *, *, #2645, .T. ) ;
#4551 = VECTOR ( 'NONE', #1093, 1000.000000000000000 ) ;
#4552 = DIRECTION ( 'NONE',  ( -0.0000000000000000000, -1.000000000000000000, -0.0000000000000000000 ) ) ;
#4553 = CYLINDRICAL_SURFACE ( 'NONE', #2856, 4.924999999999998900 ) ;
#4554 = DIRECTION ( 'NONE',  ( -0.0000000000000000000, 1.000000000000000000, -0.0000000000000000000 ) ) ;
#4555 = ORIENTED_EDGE ( 'NONE', *, *, #1387, .T. ) ;
#4556 = CYLINDRICAL_SURFACE ( 'NONE', #4112, 0.5000000000000004400 ) ;
#4557 = VERTEX_POINT ( 'NONE', #2839 ) ;
#4558 = EDGE_CURVE ( 'NONE', #3871, #7000, #5648, .T. ) ;
#4559 = VECTOR ( 'NONE', #819, 1000.000000000000000 ) ;
#4560 = CARTESIAN_POINT ( 'NONE',  ( 3.534314575036435100, -0.1500000000000000200, -2.450000000010273700 ) ) ;
#4561 = VECTOR ( 'NONE', #1943, 1000.000000000000100 ) ;
#4562 = ORIENTED_EDGE ( 'NONE', *, *, #8013, .T. ) ;
#4563 = DIRECTION ( 'NONE',  ( -0.8571673007021128900, 8.511960079772417800E-017, -0.5150380749100530500 ) ) ;
#4564 = AXIS2_PLACEMENT_3D ( 'NONE', #4911, #3081, #2411 ) ;
#4565 = VECTOR ( 'NONE', #3632, 1000.000000000000100 ) ;
#4566 = LINE ( 'NONE', #1819, #4063 ) ;
#4568 = VECTOR ( 'NONE', #6031, 1000.000000000000100 ) ;
#4567 = DIRECTION ( 'NONE',  ( 0.8571673007021082300, -8.454845150946365700E-017, -0.5150380749100609300 ) ) ;
#4569 = DIRECTION ( 'NONE',  ( -1.126788943614999500E-011, -1.126788943567357300E-011, 1.000000000000000000 ) ) ;
#4570 = EDGE_CURVE ( 'NONE', #7102, #1627, #4081, .T. ) ;
#4571 = VECTOR ( 'NONE', #7823, 1000.000000000000000 ) ;
#4572 = CARTESIAN_POINT ( 'NONE',  ( -3.783485124018386900, 0.2661659644585281400, -3.078507871027548400 ) ) ;
#4573 = ORIENTED_EDGE ( 'NONE', *, *, #384, .F. ) ;
#4574 = CARTESIAN_POINT ( 'NONE',  ( -1.999999999999999600, 0.0000000000000000000, -1.000000000000000000 ) ) ;
#4575 = VECTOR ( 'NONE', #3047, 1000.000000000000000 ) ;
#4576 = AXIS2_PLACEMENT_3D ( 'NONE', #7081, #5917, #5843 ) ;
#4577 = DIRECTION ( 'NONE',  ( 0.0000000000000000000, 0.0000000000000000000, 1.000000000000000000 ) ) ;
#4578 = FACE_OUTER_BOUND ( 'NONE', #3363, .T. ) ;
#4579 = DIRECTION ( 'NONE',  ( 0.8571673007021086700, 0.0000000000000000000, -0.5150380749100602600 ) ) ;
#4580 = FACE_OUTER_BOUND ( 'NONE', #2, .T. ) ;
#4581 = CARTESIAN_POINT ( 'NONE',  ( 3.979289321885084900, -0.3828427124783560000, 2.449999999999999300 ) ) ;
#4582 = EDGE_CURVE ( 'NONE', #4965, #6619, #3569, .T. ) ;
#4583 = AXIS2_PLACEMENT_3D ( 'NONE', #717, #5114, #1334 ) ;
#4584 = LINE ( 'NONE', #6871, #3190 ) ;
#4585 = VECTOR ( 'NONE', #5128, 999.9999999999998900 ) ;
#4586 = DIRECTION ( 'NONE',  ( 0.8571673007021122200, -8.511960079772363500E-017, 0.5150380749100544900 ) ) ;
#4587 = AXIS2_PLACEMENT_3D ( 'NONE', #4657, #3961, #205 ) ;
#4588 = ADVANCED_FACE ( 'NONE', ( #6109 ), #5304, .T. ) ;
#4589 = EDGE_CURVE ( 'NONE', #6050, #2924, #2793, .T. ) ;
#4590 = DIRECTION ( 'NONE',  ( 0.0000000000000000000, -1.000000000000000000, 0.0000000000000000000 ) ) ;
#4591 = CIRCLE ( 'NONE', #7420, 0.09999999999999982500 ) ;
#4592 = EDGE_LOOP ( 'NONE', ( #7052, #1566, #6308, #4070 ) ) ;
#4593 = LINE ( 'NONE', #7329, #1136 ) ;
#4594 = DIRECTION ( 'NONE',  ( 0.0000000000000000000, -1.000000000000000000, 0.0000000000000000000 ) ) ;
#4595 = CARTESIAN_POINT ( 'NONE',  ( -3.420219135339146900, 2.802315893420017200, 3.901967038161343400 ) ) ;
#4596 = EDGE_LOOP ( 'NONE', ( #6433, #6632, #6640, #6248 ) ) ;
#4597 = ORIENTED_EDGE ( 'NONE', *, *, #2716, .F. ) ;
#4598 = CARTESIAN_POINT ( 'NONE',  ( 4.223712162953238400, 2.500000000000000000, -3.242819847682089300 ) ) ;
#4599 = CARTESIAN_POINT ( 'NONE',  ( -3.038251868144766100, 0.0000000000000000000, -3.745358649331325600 ) ) ;
#4600 = ORIENTED_EDGE ( 'NONE', *, *, #5405, .F. ) ;
#4601 = EDGE_LOOP ( 'NONE', ( #710, #2451, #3340, #5387 ) ) ;
#4602 = VERTEX_POINT ( 'NONE', #2925 ) ;
#4603 = EDGE_CURVE ( 'NONE', #7013, #6824, #7983, .T. ) ;
#4604 = ORIENTED_EDGE ( 'NONE', *, *, #4245, .T. ) ;
#4605 = ORIENTED_EDGE ( 'NONE', *, *, #1718, .F. ) ;
#4606 = LINE ( 'NONE', #2112, #1246 ) ;
#4607 = DIRECTION ( 'NONE',  ( -0.0000000000000000000, -0.0000000000000000000, -1.000000000000000000 ) ) ;
#4608 = CARTESIAN_POINT ( 'NONE',  ( 3.979289321885084900, -0.3828427124783559400, -2.450000000000000200 ) ) ;
#4609 = DIRECTION ( 'NONE',  ( 0.5130781995407814900, -0.08715574274766144100, 0.8539055203370531400 ) ) ;
#4610 = DIRECTION ( 'NONE',  ( -0.01583271637848232900, 0.9997372496366935300, 0.01657578899896328500 ) ) ;
#4611 = ORIENTED_EDGE ( 'NONE', *, *, #6107, .T. ) ;
#4612 = ORIENTED_EDGE ( 'NONE', *, *, #6246, .T. ) ;
#4613 = ORIENTED_EDGE ( 'NONE', *, *, #6729, .T. ) ;
#4614 = CARTESIAN_POINT ( 'NONE',  ( 0.0000000000000000000, 0.0000000000000000000, 0.0000000000000000000 ) ) ;
#4615 = EDGE_CURVE ( 'NONE', #7058, #6933, #3980, .T. ) ;
#4616 = ORIENTED_EDGE ( 'NONE', *, *, #909, .F. ) ;
#4617 = VERTEX_POINT ( 'NONE', #2276 ) ;
#4618 = CARTESIAN_POINT ( 'NONE',  ( 1.935716730070211200, 0.0000000000000000000, 3.998215248062572300 ) ) ;
#4619 = ORIENTED_EDGE ( 'NONE', *, *, #1629, .F. ) ;
#4620 = AXIS2_PLACEMENT_3D ( 'NONE', #3700, #3043, #530 ) ;
#4621 = CARTESIAN_POINT ( 'NONE',  ( -1.850000000000000100, 0.2500000000000000000, -4.049719055553581800 ) ) ;
#4622 = CARTESIAN_POINT ( 'NONE',  ( -4.242640687119284800, 0.0000000000000000000, -4.242640687119284800 ) ) ;
#4623 = EDGE_CURVE ( 'NONE', #5890, #118, #2191, .T. ) ;
#4624 = ORIENTED_EDGE ( 'NONE', *, *, #6729, .F. ) ;
#4625 = ORIENTED_EDGE ( 'NONE', *, *, #881, .F. ) ;
#4626 = DIRECTION ( 'NONE',  ( 0.8571673007021083400, 0.0000000000000000000, -0.5150380749100608200 ) ) ;
#4627 = ADVANCED_FACE ( 'NONE', ( #1037 ), #2332, .T. ) ;
#4628 = DIRECTION ( 'NONE',  ( 0.5150380749100530500, 0.0000000000000000000, -0.8571673007021130000 ) ) ;
#4629 = DIRECTION ( 'NONE',  ( 0.01583271637848332500, 0.9997372496366935300, -0.01657578899896433600 ) ) ;
#4630 = AXIS2_PLACEMENT_3D ( 'NONE', #6942, #6388, #6305 ) ;
#4631 = CARTESIAN_POINT ( 'NONE',  ( 1.750000000000000000, 0.2500000000000000000, -4.049719055553643100 ) ) ;
#4632 = ORIENTED_EDGE ( 'NONE', *, *, #1114, .T. ) ;
#4633 = CARTESIAN_POINT ( 'NONE',  ( 4.223712162953238400, 0.0000000000000000000, -3.242819847682089300 ) ) ;
#4634 = DIRECTION ( 'NONE',  ( -0.6907124771418919900, 3.491481338843133400E-015, 0.7231295001038965400 ) ) ;
#4635 = EDGE_CURVE ( 'NONE', #2224, #2616, #7597, .T. ) ;
#4636 = DIRECTION ( 'NONE',  ( 0.0000000000000000000, 1.000000000000000000, 0.0000000000000000000 ) ) ;
#4637 = LINE ( 'NONE', #4861, #5121 ) ;
#4638 = LINE ( 'NONE', #3620, #795 ) ;
#4639 = DIRECTION ( 'NONE',  ( -0.7071067811865460200, 0.0000000000000000000, -0.7071067811865489100 ) ) ;
#4640 = LINE ( 'NONE', #1515, #2561 ) ;
#4641 = CARTESIAN_POINT ( 'NONE',  ( -4.242640687119284800, 5.000000000000000000, 4.242640687119285700 ) ) ;
#4642 = CYLINDRICAL_SURFACE ( 'NONE', #453, 0.1499999999999999700 ) ;
#4643 = EDGE_CURVE ( 'NONE', #7045, #6766, #7087, .T. ) ;
#4644 = AXIS2_PLACEMENT_3D ( 'NONE', #6641, #338, #7274 ) ;
#4645 = CARTESIAN_POINT ( 'NONE',  ( -1.750000000000000400, 0.2500000000000000000, -7.199999999999999300 ) ) ;
#4646 = CARTESIAN_POINT ( 'NONE',  ( -1.999999999999999600, 0.2500000000000000000, 1.000000000000000000 ) ) ;
#4647 = ORIENTED_EDGE ( 'NONE', *, *, #2689, .T. ) ;
#4648 = LINE ( 'NONE', #2059, #6471 ) ;
#4649 = PLANE ( 'NONE',  #402 ) ;
#4650 = LINE ( 'NONE', #4496, #2973 ) ;
#4651 = AXIS2_PLACEMENT_3D ( 'NONE', #1889, #5076, #658 ) ;
#4652 = CARTESIAN_POINT ( 'NONE',  ( -3.918637921533636900, 4.170189603414792500, 3.080172222182913500 ) ) ;
#4653 = FACE_OUTER_BOUND ( 'NONE', #3199, .T. ) ;
#4654 = DIRECTION ( 'NONE',  ( -0.7231295001038968700, 3.491481338843133400E-015, -0.6907124771418917700 ) ) ;
#4655 = DIRECTION ( 'NONE',  ( -8.340016711426986100E-017, 1.000000000000000000, 0.0000000000000000000 ) ) ;
#4656 = EDGE_CURVE ( 'NONE', #8113, #5170, #839, .T. ) ;
#4657 = CARTESIAN_POINT ( 'NONE',  ( 0.0000000000000000000, 0.0000000000000000000, 0.0000000000000000000 ) ) ;
#4658 = VERTEX_POINT ( 'NONE', #6673 ) ;
#4659 = ORIENTED_EDGE ( 'NONE', *, *, #6996, .T. ) ;
#4660 = CIRCLE ( 'NONE', #5985, 0.4000000000000001900 ) ;
#4661 = CIRCLE ( 'NONE', #5015, 1.000000000000001800 ) ;
#4662 = PLANE ( 'NONE',  #6424 ) ;
#4663 = FACE_OUTER_BOUND ( 'NONE', #198, .T. ) ;
#4664 = EDGE_LOOP ( 'NONE', ( #7026, #3099, #2005, #354 ) ) ;
#4665 = DIRECTION ( 'NONE',  ( 8.340016711426986100E-017, -1.000000000000000000, -0.0000000000000000000 ) ) ;
#4666 = LINE ( 'NONE', #3142, #6685 ) ;
#4667 = EDGE_CURVE ( 'NONE', #6818, #2444, #5545, .T. ) ;
#4668 = VECTOR ( 'NONE', #6718, 1000.000000000000000 ) ;
#4669 = CARTESIAN_POINT ( 'NONE',  ( 3.534314575036435100, -0.1500000000000000200, 26.95000000000126800 ) ) ;
#4670 = EDGE_CURVE ( 'NONE', #5543, #2921, #5925, .T. ) ;
#4671 = CARTESIAN_POINT ( 'NONE',  ( -3.459462740667453900, -0.0000000000000000000, -3.304379200189150500 ) ) ;
#4672 = LINE ( 'NONE', #1509, #1313 ) ;
#4673 = ORIENTED_EDGE ( 'NONE', *, *, #4987, .T. ) ;
#4674 = VECTOR ( 'NONE', #4691, 1000.000000000000100 ) ;
#4675 = EDGE_CURVE ( 'NONE', #6989, #5373, #1134, .T. ) ;
#4676 = VERTEX_POINT ( 'NONE', #7364 ) ;
#4677 = PRODUCT_DEFINITION_FORMATION_WITH_SPECIFIED_SOURCE ( 'ANY', '', #3466, .NOT_KNOWN. ) ;
#4678 = CARTESIAN_POINT ( 'NONE',  ( 2.847265478254240400, 0.2500000000000013300, 3.962003905699266000 ) ) ;
#4679 = VECTOR ( 'NONE', #6167, 1000.000000000000100 ) ;
#4680 = ORIENTED_EDGE ( 'NONE', *, *, #5885, .T. ) ;
#4681 = CARTESIAN_POINT ( 'NONE',  ( 4.028805748864899200, 0.4000000000000010800, -3.320662628199691400 ) ) ;
#4682 = AXIS2_PLACEMENT_3D ( 'NONE', #6800, #609, #6202 ) ;
#4683 = ORIENTED_EDGE ( 'NONE', *, *, #156, .F. ) ;
#4684 = ORIENTED_EDGE ( 'NONE', *, *, #5583, .F. ) ;
#4685 = CARTESIAN_POINT ( 'NONE',  ( 5.750000000000000000, 8.472839199794127200E-016, -0.5000000000000001100 ) ) ;
#4686 = ORIENTED_EDGE ( 'NONE', *, *, #6443, .T. ) ;
#4687 = ORIENTED_EDGE ( 'NONE', *, *, #6156, .T. ) ;
#4688 = VECTOR ( 'NONE', #1994, 1000.000000000000100 ) ;
#4689 = DIRECTION ( 'NONE',  ( -0.7231295001038965400, 0.0000000000000000000, -0.6907124771418919900 ) ) ;
#4690 = DIRECTION ( 'NONE',  ( 0.01657578899896300400, 0.9997372496366935300, 0.01583271637848216200 ) ) ;
#4691 = DIRECTION ( 'NONE',  ( 0.8571673007021082300, 2.775557561562891000E-017, -0.5150380749100607100 ) ) ;
#4692 = ORIENTED_EDGE ( 'NONE', *, *, #3301, .T. ) ;
#4693 = EDGE_LOOP ( 'NONE', ( #6175, #2780, #4054, #4994 ) ) ;
#4694 = ORIENTED_EDGE ( 'NONE', *, *, #2523, .T. ) ;
#4695 = CARTESIAN_POINT ( 'NONE',  ( -4.242640687119284800, 0.0000000000000000000, 4.242640687119285700 ) ) ;
#4696 = EDGE_CURVE ( 'NONE', #176, #7057, #5066, .T. ) ;
#4697 = DIRECTION ( 'NONE',  ( 0.0000000000000000000, -1.000000000000000000, 0.0000000000000000000 ) ) ;
#4698 = DIRECTION ( 'NONE',  ( -0.0000000000000000000, -0.0000000000000000000, 1.000000000000000000 ) ) ;
#4699 = VERTEX_POINT ( 'NONE', #3568 ) ;
#4700 = ORIENTED_EDGE ( 'NONE', *, *, #2538, .F. ) ;
#4701 = EDGE_LOOP ( 'NONE', ( #1937, #4705, #5862, #882, #127, #2926, #7121, #7710, #7203, #5067, #737, #6908, #666, #2712, #7217, #8119, #2020, #349, #7845, #6468, #2406, #7095, #2717, #300, #4349, #1325, #7814, #1983, #5211, #1712, #2816, #4891, #1653, #1560 ) ) ;
#4702 = CARTESIAN_POINT ( 'NONE',  ( -3.305486196285771300, 0.4000000000000010200, 4.011556637993668200 ) ) ;
#4703 = AXIS2_PLACEMENT_3D ( 'NONE', #2830, #7193, #4655 ) ;
#4704 = ORIENTED_EDGE ( 'NONE', *, *, #5503, .F. ) ;
#4705 = ORIENTED_EDGE ( 'NONE', *, *, #3623, .T. ) ;
#4706 = VERTEX_POINT ( 'NONE', #6753 ) ;
#4707 = DIRECTION ( 'NONE',  ( -0.8571673007021132200, 4.160695883722964900E-017, -0.5150380749100526000 ) ) ;
#4708 = EDGE_CURVE ( 'NONE', #8021, #7057, #1686, .T. ) ;
#4709 = DIRECTION ( 'NONE',  ( 1.000000000000000000, 0.0000000000000000000, 8.031127203596331800E-017 ) ) ;
#4710 = CARTESIAN_POINT ( 'NONE',  ( 1.850000000000000100, 0.0000000000000000000, -4.049719055553643100 ) ) ;
#4711 = ORIENTED_EDGE ( 'NONE', *, *, #5338, .F. ) ;
#4712 = AXIS2_PLACEMENT_3D ( 'NONE', #4114, #2814, #320 ) ;
#4713 = CARTESIAN_POINT ( 'NONE',  ( -3.327817459305194800, 0.0000000000000000000, -2.620710678118655300 ) ) ;
#4714 = DIRECTION ( 'NONE',  ( 0.0000000000000000000, 0.0000000000000000000, -1.000000000000000000 ) ) ;
#4715 = EDGE_CURVE ( 'NONE', #6321, #945, #7860, .T. ) ;
#4716 = CARTESIAN_POINT ( 'NONE',  ( 3.089707018643283100, 3.568126700166547800, 3.908655631034832400 ) ) ;
#4717 = PRODUCT_DEFINITION ( 'UNKNOWN', '', #4677, #4536 ) ;
#4718 = LINE ( 'NONE', #2726, #8037 ) ;
#4719 = VECTOR ( 'NONE', #7908, 1000.000000000000000 ) ;
#4720 = PLANE ( 'NONE',  #1047 ) ;
#4721 = AXIS2_PLACEMENT_3D ( 'NONE', #7729, #3278, #1473 ) ;
#4722 = CARTESIAN_POINT ( 'NONE',  ( 3.534314575036435100, -0.1500000000000000200, 2.450000000006540700 ) ) ;
#4723 = EDGE_CURVE ( 'NONE', #91, #7576, #3383, .T. ) ;
#4724 = VECTOR ( 'NONE', #6163, 1000.000000000000200 ) ;
#4725 = CARTESIAN_POINT ( 'NONE',  ( -3.534314575036434600, -0.1500000000000000200, -2.450000000010277300 ) ) ;
#4726 = VECTOR ( 'NONE', #692, 1000.000000000000000 ) ;
#4727 = ORIENTED_EDGE ( 'NONE', *, *, #4798, .F. ) ;
#4728 = DIRECTION ( 'NONE',  ( -0.6907124771418926600, -3.491481338843132600E-015, 0.7231295001038958700 ) ) ;
#4729 = ORIENTED_EDGE ( 'NONE', *, *, #2916, .F. ) ;
#4730 = CARTESIAN_POINT ( 'NONE',  ( -4.399502812818740300, 4.400000000000000400, -3.000000000000000000 ) ) ;
#4731 = B_SPLINE_CURVE_WITH_KNOTS ( 'NONE', 3,
 ( #5839, #2718, #2771, #2740 ),
 .UNSPECIFIED., .F., .F.,
 ( 4, 4 ),
 ( 0.0000000000000000000, 1.000000000000000000 ),
 .UNSPECIFIED. ) ;
#4732 = LINE ( 'NONE', #4902, #4565 ) ;
#4733 = EDGE_LOOP ( 'NONE', ( #3985, #5623, #1244, #3424, #3210, #1079, #3400, #3396, #722 ) ) ;
#4734 = FACE_OUTER_BOUND ( 'NONE', #7683, .T. ) ;
#4735 = FACE_OUTER_BOUND ( 'NONE', #128, .T. ) ;
#4736 = DIRECTION ( 'NONE',  ( 9.334688547309178700E-012, -0.0000000000000000000, 1.000000000000000000 ) ) ;
#4737 = DIRECTION ( 'NONE',  ( 0.0000000000000000000, 0.0000000000000000000, -1.000000000000000000 ) ) ;
#4738 = ADVANCED_FACE ( 'NONE', ( #6208 ), #5496, .F. ) ;
#4739 = DIRECTION ( 'NONE',  ( -0.01583271637848321400, -0.9997372496366935300, 0.01657578899896422500 ) ) ;
#4740 = EDGE_CURVE ( 'NONE', #753, #5077, #2687, .T. ) ;
#4741 = VECTOR ( 'NONE', #1450, 1000.000000000000000 ) ;
#4742 = DIRECTION ( 'NONE',  ( 0.7231295001038967600, -3.491481338843133000E-015, 0.6907124771418916600 ) ) ;
#4743 = FACE_OUTER_BOUND ( 'NONE', #950, .T. ) ;
#4744 = CARTESIAN_POINT ( 'NONE',  ( 0.0000000000000000000, -1.500000000000002400, 0.0000000000000000000 ) ) ;
#4745 = FACE_OUTER_BOUND ( 'NONE', #100, .T. ) ;
#4746 = EDGE_LOOP ( 'NONE', ( #2227, #5982, #2907, #4619 ) ) ;
#4747 = FACE_OUTER_BOUND ( 'NONE', #3258, .T. ) ;
#4748 = DIRECTION ( 'NONE',  ( -0.8571673007021085600, 0.0000000000000000000, 0.5150380749100604800 ) ) ;
#4749 = EDGE_LOOP ( 'NONE', ( #7310, #3176, #2775, #5262 ) ) ;
#4750 = FACE_OUTER_BOUND ( 'NONE', #1549, .T. ) ;
#4751 = VECTOR ( 'NONE', #4388, 1000.000000000000000 ) ;
#4752 = EDGE_CURVE ( 'NONE', #6217, #4997, #5826, .T. ) ;
#4753 = DIRECTION ( 'NONE',  ( 0.0000000000000000000, -1.000000000000000000, 0.0000000000000000000 ) ) ;
#4754 = ORIENTED_EDGE ( 'NONE', *, *, #5885, .F. ) ;
#4755 = LINE ( 'NONE', #4038, #6100 ) ;
#4756 = DIRECTION ( 'NONE',  ( -0.7071067811865487900, 0.0000000000000000000, 0.7071067811865463500 ) ) ;
#4757 = VECTOR ( 'NONE', #4312, 999.9999999999998900 ) ;
#4758 = FACE_OUTER_BOUND ( 'NONE', #3391, .T. ) ;
#4759 = ADVANCED_FACE ( 'NONE', ( #1306 ), #6401, .F. ) ;
#4760 = CARTESIAN_POINT ( 'NONE',  ( 4.082212978245641100, 3.129497198328495200, -2.923930037893739600 ) ) ;
#4761 = DIRECTION ( 'NONE',  ( 0.8571673007021083400, -0.0000000000000000000, -0.5150380749100608200 ) ) ;
#4762 = EDGE_CURVE ( 'NONE', #6340, #5159, #4847, .T. ) ;
#4763 = AXIS2_PLACEMENT_3D ( 'NONE', #18, #5104, #4451 ) ;
#4764 = LINE ( 'NONE', #6828, #353 ) ;
#4765 = VERTEX_POINT ( 'NONE', #5638 ) ;
#4766 = FACE_OUTER_BOUND ( 'NONE', #6609, .T. ) ;
#4767 = CARTESIAN_POINT ( 'NONE',  ( -4.262132034355966300, -0.1000000000000001000, -2.450000000000001100 ) ) ;
#4768 = CARTESIAN_POINT ( 'NONE',  ( 3.729145877938737200, 0.0000000000000000000, 3.022039096752205700 ) ) ;
#4769 = EDGE_CURVE ( 'NONE', #2657, #7155, #4584, .T. ) ;
#4770 = DIRECTION ( 'NONE',  ( 0.0000000000000000000, 0.0000000000000000000, 1.000000000000000000 ) ) ;
#4771 = VERTEX_POINT ( 'NONE', #8096 ) ;
#4772 = ORIENTED_EDGE ( 'NONE', *, *, #397, .T. ) ;
#4773 = CARTESIAN_POINT ( 'NONE',  ( -4.200000000000002000, -0.5000000000000000000, 2.449999999999999300 ) ) ;
#4774 = VECTOR ( 'NONE', #4609, 1000.000000000000000 ) ;
#4775 = PLANE ( 'NONE',  #7398 ) ;
#4776 = ORIENTED_EDGE ( 'NONE', *, *, #2548, .F. ) ;
#4777 = ORIENTED_EDGE ( 'NONE', *, *, #6064, .F. ) ;
#4778 = DIRECTION ( 'NONE',  ( 0.0000000000000000000, 0.0000000000000000000, -1.000000000000000000 ) ) ;
#4779 = DIRECTION ( 'NONE',  ( -0.8571673007021130000, 8.511960079772420200E-017, -0.5150380749100531600 ) ) ;
#4780 = ORIENTED_EDGE ( 'NONE', *, *, #559, .F. ) ;
#4781 = ORIENTED_EDGE ( 'NONE', *, *, #7353, .F. ) ;
#4782 = ORIENTED_EDGE ( 'NONE', *, *, #1734, .F. ) ;
#4783 = CARTESIAN_POINT ( 'NONE',  ( -6.717514421272220200, 0.0000000000000000000, 6.010407640085649200 ) ) ;
#4784 = B_SPLINE_CURVE_WITH_KNOTS ( 'NONE', 3,
 ( #97, #1280, #2493, #5692, #6291, #2552 ),
 .UNSPECIFIED., .F., .F.,
 ( 4, 2, 4 ),
 ( 0.0000000000000000000, 0.5000000000000000000, 1.000000000000000000 ),
 .UNSPECIFIED. ) ;
#4785 = ORIENTED_EDGE ( 'NONE', *, *, #2352, .T. ) ;
#4786 = AXIS2_PLACEMENT_3D ( 'NONE', #5707, #1927, #3731 ) ;
#4787 = ORIENTED_EDGE ( 'NONE', *, *, #6829, .F. ) ;
#4788 = DIRECTION ( 'NONE',  ( 0.0000000000000000000, 0.0000000000000000000, 1.000000000000000000 ) ) ;
#4789 = ORIENTED_EDGE ( 'NONE', *, *, #7691, .F. ) ;
#4790 = ORIENTED_EDGE ( 'NONE', *, *, #3768, .F. ) ;
#4791 = CARTESIAN_POINT ( 'NONE',  ( 5.499999999999998200, -0.4999999999999987200, 2.449999999999999300 ) ) ;
#4792 = AXIS2_PLACEMENT_3D ( 'NONE', #5700, #21, #5619 ) ;
#4793 = DIRECTION ( 'NONE',  ( -0.0000000000000000000, 1.000000000000000000, -0.0000000000000000000 ) ) ;
#4794 = ORIENTED_EDGE ( 'NONE', *, *, #3344, .F. ) ;
#4795 = EDGE_LOOP ( 'NONE', ( #7912, #3605, #6337, #3859 ) ) ;
#4796 = VERTEX_POINT ( 'NONE', #5554 ) ;
#4797 = CARTESIAN_POINT ( 'NONE',  ( 5.499999999999998200, -0.2499999999999988100, -0.5000000000000000000 ) ) ;
#4798 = EDGE_CURVE ( 'NONE', #2316, #5838, #7075, .T. ) ;
#4799 = ADVANCED_FACE ( 'NONE', ( #6888 ), #4984, .F. ) ;
#4800 = CARTESIAN_POINT ( 'NONE',  ( -2.847265478254213300, 0.3999999999999995200, 3.962003905699285100 ) ) ;
#4801 = CARTESIAN_POINT ( 'NONE',  ( 0.0000000000000000000, 4.400000000000000400, 0.0000000000000000000 ) ) ;
#4802 = VERTEX_POINT ( 'NONE', #2415 ) ;
#4803 = VERTEX_POINT ( 'NONE', #6783 ) ;
#4804 = CARTESIAN_POINT ( 'NONE',  ( -2.161531637692524200, 0.3999999999999994700, 4.374034365627326600 ) ) ;
#4805 = CARTESIAN_POINT ( 'NONE',  ( -4.254891097531117200, 3.129497198328496900, 3.104712412919713200 ) ) ;
#4806 = EDGE_CURVE ( 'NONE', #1959, #4765, #3091, .T. ) ;
#4807 = EDGE_LOOP ( 'NONE', ( #6709, #1257, #2670, #4510 ) ) ;
#4808 = DIRECTION ( 'NONE',  ( 0.0000000000000000000, 0.0000000000000000000, -1.000000000000000000 ) ) ;
#4809 = EDGE_CURVE ( 'NONE', #3962, #2722, #2087, .T. ) ;
#4810 = ORIENTED_EDGE ( 'NONE', *, *, #7475, .T. ) ;
#4811 = VECTOR ( 'NONE', #2862, 1000.000000000000000 ) ;
#4812 = ADVANCED_FACE ( 'NONE', ( #643 ), #7547, .T. ) ;
#4813 = VECTOR ( 'NONE', #6556, 1000.000000000000100 ) ;
#4814 = CARTESIAN_POINT ( 'NONE',  ( -5.000000000000000000, 5.000000000000000000, -4.999999999999999100 ) ) ;
#4815 = CARTESIAN_POINT ( 'NONE',  ( -3.368376543254079100, 4.193111900177108000, 3.951485589396473800 ) ) ;
#4816 = EDGE_CURVE ( 'NONE', #5535, #4997, #4666, .T. ) ;
#4817 = DIRECTION ( 'NONE',  ( -0.0000000000000000000, -0.0000000000000000000, -1.000000000000000000 ) ) ;
#4818 =( GEOMETRIC_REPRESENTATION_CONTEXT ( 3 ) GLOBAL_UNCERTAINTY_ASSIGNED_CONTEXT ( ( #4123 ) ) GLOBAL_UNIT_ASSIGNED_CONTEXT ( ( #6339, #6896, #7648 ) ) REPRESENTATION_CONTEXT ( 'NONE', 'WORKASPACE' ) );
#4819 = CARTESIAN_POINT ( 'NONE',  ( -2.161531637692524200, 0.3999999999999994700, 4.374034365627326600 ) ) ;
#4820 = ORIENTED_EDGE ( 'NONE', *, *, #6369, .T. ) ;
#4821 = LINE ( 'NONE', #5829, #5886 ) ;
#4822 = CARTESIAN_POINT ( 'NONE',  ( -3.831917633101739300, 0.3606199873797612000, -3.131611045383196200 ) ) ;
#4823 = CIRCLE ( 'NONE', #4964, 1.000000000000000000 ) ;
#4824 = DIRECTION ( 'NONE',  ( 0.0000000000000000000, 0.0000000000000000000, -1.000000000000000000 ) ) ;
#4825 = EDGE_LOOP ( 'NONE', ( #5622, #2305, #5833, #7006 ) ) ;
#4826 = CARTESIAN_POINT ( 'NONE',  ( 1.935716730070211400, 0.2500000000000000000, -3.998215248062637600 ) ) ;
#4827 = ORIENTED_EDGE ( 'NONE', *, *, #1780, .F. ) ;
#4828 = CIRCLE ( 'NONE', #5738, 0.1500000000000000800 ) ;
#4829 = LINE ( 'NONE', #2957, #7758 ) ;
#4830 = AXIS2_PLACEMENT_3D ( 'NONE', #1856, #4437, #2509 ) ;
#4831 = DIRECTION ( 'NONE',  ( -1.000000000000000000, 0.0000000000000000000, 0.0000000000000000000 ) ) ;
#4832 = B_SPLINE_CURVE_WITH_KNOTS ( 'NONE', 1,
 ( #3631, #3063 ),
 .UNSPECIFIED., .F., .F.,
 ( 2, 2 ),
 ( 0.0000000000000000000, 1.000000000000000000 ),
 .UNSPECIFIED. ) ;
#4833 = ORIENTED_EDGE ( 'NONE', *, *, #2079, .F. ) ;
#4834 = ADVANCED_FACE ( 'NONE', ( #3286 ), #242, .F. ) ;
#4835 = VERTEX_POINT ( 'NONE', #7487 ) ;
#4836 = CARTESIAN_POINT ( 'NONE',  ( -3.320662628199693200, 0.4000000000000001900, -4.028805748864897400 ) ) ;
#4837 = LINE ( 'NONE', #3533, #1490 ) ;
#4838 = LINE ( 'NONE', #1616, #2984 ) ;
#4839 = DIRECTION ( 'NONE',  ( 0.8571673007021082300, -8.454845150946365700E-017, -0.5150380749100609300 ) ) ;
#4840 = CARTESIAN_POINT ( 'NONE',  ( -1.750000000000000000, 0.2500000000000000000, -4.049719055553581800 ) ) ;
#4841 = EDGE_CURVE ( 'NONE', #5781, #1531, #5442, .T. ) ;
#4842 = VECTOR ( 'NONE', #7594, 1000.000000000000100 ) ;
#4843 = CARTESIAN_POINT ( 'NONE',  ( 2.847265478254212400, 0.2500000000000002200, -3.962003905699284200 ) ) ;
#4844 = CARTESIAN_POINT ( 'NONE',  ( 3.304289159587813000, 0.2949861872786539400, -4.012700012980801000 ) ) ;
#4845 = DIRECTION ( 'NONE',  ( 0.04488852596211080600, -0.9961946980917452100, -0.07470705275170173900 ) ) ;
#4846 = EDGE_LOOP ( 'NONE', ( #7695, #3598, #7132, #2508 ) ) ;
#4847 = LINE ( 'NONE', #7455, #7589 ) ;
#4849 = FACE_OUTER_BOUND ( 'NONE', #6437, .T. ) ;
#4848 = DIRECTION ( 'NONE',  ( -0.0000000000000000000, 1.000000000000000000, -0.0000000000000000000 ) ) ;
#4850 = CARTESIAN_POINT ( 'NONE',  ( 3.748714540709021200, -4.815984494934300900, 3.580664191045924500 ) ) ;
#4851 = PLANE ( 'NONE',  #1816 ) ;
#4852 = DIRECTION ( 'NONE',  ( 0.0000000000000000000, 1.000000000000000000, 0.0000000000000000000 ) ) ;
#4853 = CYLINDRICAL_SURFACE ( 'NONE', #3078, 5.325000000000001100 ) ;
#4854 = EDGE_CURVE ( 'NONE', #6146, #152, #1407, .T. ) ;
#4855 = DIRECTION ( 'NONE',  ( 0.0000000000000000000, 0.0000000000000000000, -1.000000000000000000 ) ) ;
#4856 = ORIENTED_EDGE ( 'NONE', *, *, #6652, .F. ) ;
#4857 = CARTESIAN_POINT ( 'NONE',  ( 3.113047079054825300, 1.093480756201378500E-016, 3.819090036748166800 ) ) ;
#4858 = FACE_OUTER_BOUND ( 'NONE', #5844, .T. ) ;
#4859 = ADVANCED_FACE ( 'NONE', ( #157 ), #6901, .F. ) ;
#4860 = UNCERTAINTY_MEASURE_WITH_UNIT (LENGTH_MEASURE( 1.000000000000000100E-005 ), #218, 'distance_accuracy_value', 'NONE');
#4861 = CARTESIAN_POINT ( 'NONE',  ( -2.360593004154651900, 0.2282110643130845200, -4.705328113558835000 ) ) ;
#4862 = AXIS2_PLACEMENT_3D ( 'NONE', #3306, #5697, #732 ) ;
#4863 = CIRCLE ( 'NONE', #297, 5.325000000000001100 ) ;
#4864 = ORIENTED_EDGE ( 'NONE', *, *, #3344, .T. ) ;
#4865 = LINE ( 'NONE', #486, #3208 ) ;
#4866 = DIRECTION ( 'NONE',  ( -1.000000000000000000, 0.0000000000000000000, 0.0000000000000000000 ) ) ;
#4867 = EDGE_CURVE ( 'NONE', #2516, #1156, #2989, .T. ) ;
#4868 = ORIENTED_EDGE ( 'NONE', *, *, #7548, .F. ) ;
#4869 = ORIENTED_EDGE ( 'NONE', *, *, #2058, .T. ) ;
#4870 = AXIS2_PLACEMENT_3D ( 'NONE', #1365, #4554, #5096 ) ;
#4871 = DIRECTION ( 'NONE',  ( 0.6905309921875831800, 0.02292229676231467500, -0.7229394975650260700 ) ) ;
#4872 = ORIENTED_EDGE ( 'NONE', *, *, #4854, .F. ) ;
#4873 = EDGE_LOOP ( 'NONE', ( #7176, #872, #323, #613 ) ) ;
#4874 = CARTESIAN_POINT ( 'NONE',  ( 4.223712162953238400, 5.000000000000000000, 3.242819847682089300 ) ) ;
#4875 = LINE ( 'NONE', #7062, #3216 ) ;
#4876 = EDGE_CURVE ( 'NONE', #771, #6984, #7977, .T. ) ;
#4877 = DIRECTION ( 'NONE',  ( 1.000000000000000000, 0.0000000000000000000, -1.204669080539449300E-016 ) ) ;
#4878 = DIRECTION ( 'NONE',  ( 0.0000000000000000000, 0.0000000000000000000, 1.000000000000000000 ) ) ;
#4879 = ADVANCED_FACE ( 'NONE', ( #2891 ), #1913, .F. ) ;
#4880 = DIRECTION ( 'NONE',  ( 4.336808689942025600E-015, 0.0000000000000000000, -1.000000000000000000 ) ) ;
#4881 = EDGE_LOOP ( 'NONE', ( #3970, #3814, #4219, #682 ) ) ;
#4882 = ORIENTED_EDGE ( 'NONE', *, *, #6530, .F. ) ;
#4883 = ORIENTED_EDGE ( 'NONE', *, *, #7833, .F. ) ;
#4884 = DIRECTION ( 'NONE',  ( -0.0000000000000000000, 1.000000000000000000, -0.0000000000000000000 ) ) ;
#4885 = CARTESIAN_POINT ( 'NONE',  ( 3.000384657911015900E-016, -1.500000000000002400, 2.450000000000000200 ) ) ;
#4886 = DIRECTION ( 'NONE',  ( 1.204669080539449300E-016, 0.0000000000000000000, 1.000000000000000000 ) ) ;
#4887 = CARTESIAN_POINT ( 'NONE',  ( -0.9499999999999995100, 0.2500000000000000000, -6.299999999999998900 ) ) ;
#4888 = EDGE_LOOP ( 'NONE', ( #4365, #5552, #6567, #2598 ) ) ;
#4889 = ORIENTED_EDGE ( 'NONE', *, *, #4570, .T. ) ;
#4890 = DIRECTION ( 'NONE',  ( 0.0000000000000000000, 0.0000000000000000000, -1.000000000000000000 ) ) ;
#4891 = ORIENTED_EDGE ( 'NONE', *, *, #2618, .T. ) ;
#4892 = DIRECTION ( 'NONE',  ( 0.0000000000000000000, 0.0000000000000000000, -1.000000000000000000 ) ) ;
#4893 = EDGE_CURVE ( 'NONE', #1627, #3515, #1033, .T. ) ;
#4894 = AXIS2_PLACEMENT_3D ( 'NONE', #4131, #6015, #4824 ) ;
#4895 = CARTESIAN_POINT ( 'NONE',  ( -4.200000000000002000, -0.5000000000000000000, 2.449999999999999300 ) ) ;
#4896 = VERTEX_POINT ( 'NONE', #46 ) ;
#4897 = VERTEX_POINT ( 'NONE', #5070 ) ;
#4898 = ADVANCED_FACE ( 'NONE', ( #7878 ), #3565, .F. ) ;
#4899 = CARTESIAN_POINT ( 'NONE',  ( 5.750000000000000000, 1.355252715606880500E-015, -2.450000000000001100 ) ) ;
#4900 = AXIS2_PLACEMENT_3D ( 'NONE', #2944, #4213, #2912 ) ;
#4901 = CARTESIAN_POINT ( 'NONE',  ( 4.236474484209154000, -13.80215859328339600, 3.070012341272741800 ) ) ;
#4902 = CARTESIAN_POINT ( 'NONE',  ( 2.918057294831113000, 0.0000000000000000000, -4.079821273546540900 ) ) ;
#4903 = CARTESIAN_POINT ( 'NONE',  ( -6.000000000000000000, 5.000000000000000000, 5.000000000000000000 ) ) ;
#4904 = EDGE_CURVE ( 'NONE', #7024, #753, #445, .T. ) ;
#4905 = CARTESIAN_POINT ( 'NONE',  ( 2.000000000000000400, 0.0000000000000000000, 0.0000000000000000000 ) ) ;
#4906 = DIRECTION ( 'NONE',  ( 0.0000000000000000000, 0.0000000000000000000, -1.000000000000000000 ) ) ;
#4907 = PLANE ( 'NONE',  #7796 ) ;
#4908 = CYLINDRICAL_SURFACE ( 'NONE', #2656, 1.000000000000001800 ) ;
#4909 = AXIS2_PLACEMENT_3D ( 'NONE', #885, #5312, #2825 ) ;
#4910 = VECTOR ( 'NONE', #5935, 1000.000000000000000 ) ;
#4911 = CARTESIAN_POINT ( 'NONE',  ( 4.082212978245641100, 3.129497198328495200, -2.923930037893739600 ) ) ;
#4912 = EDGE_CURVE ( 'NONE', #2822, #564, #6011, .T. ) ;
#4913 = AXIS2_PLACEMENT_3D ( 'NONE', #5861, #860, #7109 ) ;
#4914 = ORIENTED_EDGE ( 'NONE', *, *, #5154, .F. ) ;
#4915 = CIRCLE ( 'NONE', #4086, 0.5000000000000016700 ) ;
#4916 = ADVANCED_FACE ( 'NONE', ( #7282 ), #7007, .T. ) ;
#4917 = LINE ( 'NONE', #2435, #14 ) ;
#4918 = DIRECTION ( 'NONE',  ( 0.5130781995407817100, 0.08715574274766252300, 0.8539055203370530300 ) ) ;
#4919 = ORIENTED_EDGE ( 'NONE', *, *, #4361, .F. ) ;
#4920 = EDGE_CURVE ( 'NONE', #7091, #2321, #6298, .T. ) ;
#4921 = DIRECTION ( 'NONE',  ( 0.7071067811865462400, 0.0000000000000000000, 0.7071067811865489100 ) ) ;
#4922 = ORIENTED_EDGE ( 'NONE', *, *, #2850, .T. ) ;
#4923 = VECTOR ( 'NONE', #2204, 1000.000000000000000 ) ;
#4924 = ORIENTED_EDGE ( 'NONE', *, *, #3574, .T. ) ;
#4925 = PLANE ( 'NONE',  #1522 ) ;
#4926 = ORIENTED_EDGE ( 'NONE', *, *, #1395, .F. ) ;
#4927 = LINE ( 'NONE', #1303, #6077 ) ;
#4928 = PLANE ( 'NONE',  #1369 ) ;
#4929 = DIRECTION ( 'NONE',  ( -1.000000000000000000, 0.0000000000000000000, 0.0000000000000000000 ) ) ;
#4930 = VECTOR ( 'NONE', #843, 1000.000000000000000 ) ;
#4931 = CARTESIAN_POINT ( 'NONE',  ( -3.321806003186827300, 0.2949861872786520000, -4.027608712166937700 ) ) ;
#4932 = CARTESIAN_POINT ( 'NONE',  ( -3.398528137423850300, 0.0000000000000000000, -2.450000000000001100 ) ) ;
#4933 = ORIENTED_EDGE ( 'NONE', *, *, #5099, .T. ) ;
#4934 = ORIENTED_EDGE ( 'NONE', *, *, #3888, .T. ) ;
#4935 = DIRECTION ( 'NONE',  ( -1.000000000000000000, 0.0000000000000000000, -3.633378320433423100E-011 ) ) ;
#4936 = ORIENTED_EDGE ( 'NONE', *, *, #2863, .T. ) ;
#4937 = VECTOR ( 'NONE', #603, 1000.000000000000000 ) ;
#4938 = DIRECTION ( 'NONE',  ( 0.0000000000000000000, 0.0000000000000000000, -1.000000000000000000 ) ) ;
#4939 = LINE ( 'NONE', #995, #1116 ) ;
#4940 = VECTOR ( 'NONE', #7522, 1000.000000000000000 ) ;
#4941 = DIRECTION ( 'NONE',  ( -0.0000000000000000000, 1.000000000000000000, -0.0000000000000000000 ) ) ;
#4942 = ADVANCED_FACE ( 'NONE', ( #7774 ), #3201, .F. ) ;
#4943 = CIRCLE ( 'NONE', #3145, 5.325000000000001100 ) ;
#4944 = ORIENTED_EDGE ( 'NONE', *, *, #2233, .F. ) ;
#4945 = CARTESIAN_POINT ( 'NONE',  ( 0.0000000000000000000, 4.400000000000000400, -3.000000000000000000 ) ) ;
#4946 = VECTOR ( 'NONE', #1900, 1000.000000000000000 ) ;
#4947 = FACE_OUTER_BOUND ( 'NONE', #2980, .T. ) ;
#4948 = EDGE_LOOP ( 'NONE', ( #2466, #488, #3615, #8055 ) ) ;
#4949 = VECTOR ( 'NONE', #1906, 1000.000000000000000 ) ;
#4950 = CARTESIAN_POINT ( 'NONE',  ( 5.500000000000000000, 1.355252715606880500E-015, 2.449999999999999300 ) ) ;
#4951 = DIRECTION ( 'NONE',  ( 0.0000000000000000000, 0.0000000000000000000, -1.000000000000000000 ) ) ;
#4952 = ORIENTED_EDGE ( 'NONE', *, *, #2597, .T. ) ;
#4953 = CIRCLE ( 'NONE', #3592, 0.4999999999999998900 ) ;
#4954 = ORIENTED_EDGE ( 'NONE', *, *, #2228, .F. ) ;
#4955 = LINE ( 'NONE', #7914, #1885 ) ;
#4956 = DIRECTION ( 'NONE',  ( 0.01583271637848243700, -0.9997372496366935300, -0.01657578899896339200 ) ) ;
#4957 = CARTESIAN_POINT ( 'NONE',  ( 3.119254674084823300, 0.3217020011855085700, -3.821364523832311300 ) ) ;
#4958 = EDGE_CURVE ( 'NONE', #7123, #8029, #1679, .T. ) ;
#4959 = DIRECTION ( 'NONE',  ( 0.0000000000000000000, 0.0000000000000000000, -1.000000000000000000 ) ) ;
#4960 = CARTESIAN_POINT ( 'NONE',  ( -3.170481851183575300, 3.163880643471966600, 4.140508901201087600 ) ) ;
#4961 = DIRECTION ( 'NONE',  ( 0.0000000000000000000, 0.0000000000000000000, -1.000000000000000000 ) ) ;
#4962 = CARTESIAN_POINT ( 'NONE',  ( 4.999999999999999100, 5.000000000000000000, 6.000000000000000000 ) ) ;
#4963 = LINE ( 'NONE', #6411, #6017 ) ;
#4964 = AXIS2_PLACEMENT_3D ( 'NONE', #2940, #6065, #2315 ) ;
#4965 = VERTEX_POINT ( 'NONE', #76 ) ;
#4966 = ADVANCED_FACE ( 'NONE', ( #48 ), #6376, .T. ) ;
#4967 = DIRECTION ( 'NONE',  ( 0.0000000000000000000, -1.000000000000000000, -0.0000000000000000000 ) ) ;
#4968 = FACE_OUTER_BOUND ( 'NONE', #4421, .T. ) ;
#4969 = ORIENTED_EDGE ( 'NONE', *, *, #3089, .F. ) ;
#4970 = CARTESIAN_POINT ( 'NONE',  ( 3.320662628199690500, 0.4000000000000028000, 4.028805748864900100 ) ) ;
#4971 = EDGE_CURVE ( 'NONE', #6982, #7055, #2489, .T. ) ;
#4972 = DIRECTION ( 'NONE',  ( 0.0000000000000000000, 0.0000000000000000000, 1.000000000000000000 ) ) ;
#4973 = ORIENTED_EDGE ( 'NONE', *, *, #718, .T. ) ;
#4974 = ORIENTED_EDGE ( 'NONE', *, *, #5720, .T. ) ;
#4976 = VECTOR ( 'NONE', #803, 1000.000000000000000 ) ;
#4975 = DIRECTION ( 'NONE',  ( 0.0000000000000000000, 0.0000000000000000000, -1.000000000000000000 ) ) ;
#4977 = PLANE ( 'NONE',  #6255 ) ;
#4978 = DIRECTION ( 'NONE',  ( 0.8571673007021091100, 0.0000000000000000000, -0.5150380749100597100 ) ) ;
#4979 = AXIS2_PLACEMENT_3D ( 'NONE', #3597, #2354, #4788 ) ;
#4980 = ORIENTED_EDGE ( 'NONE', *, *, #1316, .T. ) ;
#4981 = EDGE_LOOP ( 'NONE', ( #5419, #4188, #7382, #4113 ) ) ;
#4982 = ORIENTED_EDGE ( 'NONE', *, *, #1547, .T. ) ;
#4983 = ORIENTED_EDGE ( 'NONE', *, *, #6714, .T. ) ;
#4984 = PLANE ( 'NONE',  #1184 ) ;
#4985 = EDGE_LOOP ( 'NONE', ( #3411, #977 ) ) ;
#4986 = VECTOR ( 'NONE', #4689, 1000.000000000000000 ) ;
#4987 = EDGE_CURVE ( 'NONE', #7312, #945, #7490, .T. ) ;
#4988 = CARTESIAN_POINT ( 'NONE',  ( -4.091316040819109800, 4.170189603414794300, 3.260954597208887600 ) ) ;
#4989 = ADVANCED_FACE ( 'NONE', ( #830 ), #6509, .F. ) ;
#4990 = CARTESIAN_POINT ( 'NONE',  ( -3.242819847682089300, 0.0000000000000000000, -4.223712162953238400 ) ) ;
#4991 = CARTESIAN_POINT ( 'NONE',  ( 3.783485124018385500, 0.2661659644585275800, 3.078507871027556000 ) ) ;
#4992 = CARTESIAN_POINT ( 'NONE',  ( -4.156066017177984400, -0.2060660171779828100, -2.450000000000001100 ) ) ;
#4993 = AXIS2_PLACEMENT_3D ( 'NONE', #1502, #2133, #5352 ) ;
#4994 = ORIENTED_EDGE ( 'NONE', *, *, #186, .T. ) ;
#4995 = PLANE ( 'NONE',  #762 ) ;
#4996 = ORIENTED_EDGE ( 'NONE', *, *, #5109, .F. ) ;
#4997 = VERTEX_POINT ( 'NONE', #161 ) ;
#4998 = CARTESIAN_POINT ( 'NONE',  ( -4.242640687119284800, 0.0000000000000000000, 3.242640687119283900 ) ) ;
#4999 = EDGE_LOOP ( 'NONE', ( #3810, #2919, #5523, #7998 ) ) ;
#5000 = DIRECTION ( 'NONE',  ( 0.4994745683111422900, -0.6907124771418931000, -0.5229162739205082100 ) ) ;
#5001 = DIRECTION ( 'NONE',  ( -0.04488852596211263800, -0.9961946980917452100, 0.07470705275169987900 ) ) ;
#5002 = AXIS2_PLACEMENT_3D ( 'NONE', #117, #7025, #4577 ) ;
#5003 = EDGE_LOOP ( 'NONE', ( #7279, #7115, #4810, #3459 ) ) ;
#5004 =( NAMED_UNIT ( * ) SI_UNIT ( $, .STERADIAN. ) SOLID_ANGLE_UNIT ( ) );
#5005 = DIRECTION ( 'NONE',  ( 0.0000000000000000000, 0.0000000000000000000, -1.000000000000000000 ) ) ;
#5006 = DIRECTION ( 'NONE',  ( 0.0000000000000000000, 0.0000000000000000000, 1.000000000000000000 ) ) ;
#5007 = ORIENTED_EDGE ( 'NONE', *, *, #3089, .T. ) ;
#5008 = ORIENTED_EDGE ( 'NONE', *, *, #6406, .F. ) ;
#5009 = ADVANCED_FACE ( 'NONE', ( #5243 ), #3778, .T. ) ;
#5010 = EDGE_CURVE ( 'NONE', #5856, #7091, #1884, .T. ) ;
#5011 = DIRECTION ( 'NONE',  ( 1.204669080539449300E-016, 0.0000000000000000000, 1.000000000000000000 ) ) ;
#5012 = PLANE ( 'NONE',  #7079 ) ;
#5013 = DIRECTION ( 'NONE',  ( -6.505213034913010000E-015, 0.0000000000000000000, -1.000000000000000000 ) ) ;
#5014 = CARTESIAN_POINT ( 'NONE',  ( 4.242640687119284800, 0.0000000000000000000, 4.242640687119284800 ) ) ;
#5015 = AXIS2_PLACEMENT_3D ( 'NONE', #1118, #4250, #3061 ) ;
#5016 = DIRECTION ( 'NONE',  ( 0.0000000000000000000, -1.000000000000000000, 0.0000000000000000000 ) ) ;
#5017 = CARTESIAN_POINT ( 'NONE',  ( 0.0000000000000000000, 4.400000000000000400, 3.000000000000000000 ) ) ;
#5018 = DIRECTION ( 'NONE',  ( -0.6907124771418917700, -0.0000000000000000000, 0.7231295001038968700 ) ) ;
#5019 = CARTESIAN_POINT ( 'NONE',  ( -2.939196074080897800, 0.7191252243511374600, 4.115002110133895400 ) ) ;
#5020 = DIRECTION ( 'NONE',  ( -0.0000000000000000000, -0.0000000000000000000, 1.000000000000000000 ) ) ;
#5021 = EDGE_CURVE ( 'NONE', #145, #2121, #929, .T. ) ;
#5022 = CIRCLE ( 'NONE', #5188, 1.000000000000001800 ) ;
#5023 = CIRCLE ( 'NONE', #5945, 4.924999999999999800 ) ;
#5024 = CARTESIAN_POINT ( 'NONE',  ( 4.200000000000002000, -0.4999999999999989500, -2.450000000000001100 ) ) ;
#5025 = CARTESIAN_POINT ( 'NONE',  ( 2.238493367623640000, 0.3869266385878512000, -4.502120193677886700 ) ) ;
#5026 = DIRECTION ( 'NONE',  ( 0.0000000000000000000, 1.000000000000000000, -0.0000000000000000000 ) ) ;
#5027 = ORIENTED_EDGE ( 'NONE', *, *, #4615, .F. ) ;
#5028 = AXIS2_PLACEMENT_3D ( 'NONE', #2607, #2636, #7645 ) ;
#5029 = ADVANCED_FACE ( 'NONE', ( #6497 ), #8086, .F. ) ;
#5030 = ORIENTED_EDGE ( 'NONE', *, *, #3220, .F. ) ;
#5031 = VECTOR ( 'NONE', #7816, 1000.000000000000000 ) ;
#5032 = FACE_OUTER_BOUND ( 'NONE', #4148, .T. ) ;
#5033 = CARTESIAN_POINT ( 'NONE',  ( -4.262132034355966300, -0.1000000000000001000, 2.449999999999999300 ) ) ;
#5034 = EDGE_CURVE ( 'NONE', #7470, #7119, #2785, .T. ) ;
#5035 = B_SPLINE_CURVE_WITH_KNOTS ( 'NONE', 1,
 ( #2024, #6403 ),
 .UNSPECIFIED., .F., .F.,
 ( 2, 2 ),
 ( 0.0000000000000000000, 1.000000000000000000 ),
 .UNSPECIFIED. ) ;
#5036 = CONTEXT_DEPENDENT_SHAPE_REPRESENTATION ( #124, #1845 ) ;
#5037 = AXIS2_PLACEMENT_3D ( 'NONE', #1803, #3724, #3746 ) ;
#5038 = ORIENTED_EDGE ( 'NONE', *, *, #7782, .F. ) ;
#5039 = VECTOR ( 'NONE', #8023, 1000.000000000000000 ) ;
#5040 = ORIENTED_EDGE ( 'NONE', *, *, #7654, .F. ) ;
#5041 = CYLINDRICAL_SURFACE ( 'NONE', #4894, 0.6500000000000000200 ) ;
#5042 = DIRECTION ( 'NONE',  ( 0.5130781995407750500, -0.08715574274766135800, -0.8539055203370569100 ) ) ;
#5043 = LINE ( 'NONE', #4370, #3361 ) ;
#5044 = EDGE_CURVE ( 'NONE', #5849, #1818, #6103, .T. ) ;
#5045 = DIRECTION ( 'NONE',  ( 0.0000000000000000000, 0.0000000000000000000, -1.000000000000000000 ) ) ;
#5046 = ORIENTED_EDGE ( 'NONE', *, *, #3388, .T. ) ;
#5047 = CARTESIAN_POINT ( 'NONE',  ( 3.770703214370496600, 4.193111900177088500, 3.195698423968608800 ) ) ;
#5048 = CARTESIAN_POINT ( 'NONE',  ( -0.9499999999999988500, 0.2500000000000000000, -1.000000000000000000 ) ) ;
#5049 = PLANE ( 'NONE',  #607 ) ;
#5050 = LINE ( 'NONE', #5490, #3767 ) ;
#5052 = LINE ( 'NONE', #2589, #3370 ) ;
#5051 = DIRECTION ( 'NONE',  ( 0.7071067811865487900, 0.0000000000000000000, -0.7071067811865463500 ) ) ;
#5053 = EDGE_CURVE ( 'NONE', #564, #4440, #4953, .T. ) ;
#5054 = ADVANCED_FACE ( 'NONE', ( #4387 ), #7242, .F. ) ;
#5055 = CARTESIAN_POINT ( 'NONE',  ( -4.081333750320308900, 3.568126700166564200, 3.270489393669257200 ) ) ;
#5056 = LINE ( 'NONE', #797, #3562 ) ;
#5057 = CARTESIAN_POINT ( 'NONE',  ( -4.200000000000002000, -0.2500000000000000000, -2.450000000000001100 ) ) ;
#5058 = EDGE_LOOP ( 'NONE', ( #3797, #189, #3996, #2998 ) ) ;
#5059 = VECTOR ( 'NONE', #1821, 1000.000000000000000 ) ;
#5060 = CARTESIAN_POINT ( 'NONE',  ( -6.000000000000000000, 0.0000000000000000000, 2.449999999999999300 ) ) ;
#5061 = CIRCLE ( 'NONE', #4066, 0.6500000000000000200 ) ;
#5062 = EDGE_CURVE ( 'NONE', #7432, #7155, #6001, .T. ) ;
#5063 = AXIS2_PLACEMENT_3D ( 'NONE', #3364, #2818, #5957 ) ;
#5064 = DIRECTION ( 'NONE',  ( 0.0000000000000000000, -1.000000000000000000, 0.0000000000000000000 ) ) ;
#5065 = FILL_AREA_STYLE_COLOUR ( '', #2244 ) ;
#5066 = LINE ( 'NONE', #2956, #2596 ) ;
#5067 = ORIENTED_EDGE ( 'NONE', *, *, #2310, .T. ) ;
#5068 = VECTOR ( 'NONE', #5, 1000.000000000000000 ) ;
#5069 = AXIS2_PLACEMENT_3D ( 'NONE', #2211, #6586, #2852 ) ;
#5070 = CARTESIAN_POINT ( 'NONE',  ( -4.399502812818740300, 4.400000000000000400, -3.000000000000000000 ) ) ;
#5071 = DIRECTION ( 'NONE',  ( 0.0000000000000000000, 0.0000000000000000000, -1.000000000000000000 ) ) ;
#5072 = ADVANCED_FACE ( 'NONE', ( #4750 ), #206, .T. ) ;
#5073 = DIRECTION ( 'NONE',  ( 0.0000000000000000000, 0.0000000000000000000, 1.000000000000000000 ) ) ;
#5074 = LINE ( 'NONE', #3941, #3484 ) ;
#5075 = EDGE_CURVE ( 'NONE', #1148, #3280, #6393, .T. ) ;
#5076 = DIRECTION ( 'NONE',  ( 0.7231295001038965400, -0.0000000000000000000, 0.6907124771418919900 ) ) ;
#5077 = VERTEX_POINT ( 'NONE', #264 ) ;
#5078 = ORIENTED_EDGE ( 'NONE', *, *, #7266, .F. ) ;
#5079 = COLOUR_RGB ( '',0.7960784313725489700, 0.8235294117647058400, 0.9372549019607843100 ) ;
#5080 = DIRECTION ( 'NONE',  ( -0.0000000000000000000, -1.000000000000000000, -0.0000000000000000000 ) ) ;
#5081 = ORIENTED_EDGE ( 'NONE', *, *, #2568, .F. ) ;
#5082 = ORIENTED_EDGE ( 'NONE', *, *, #6666, .T. ) ;
#5083 = ORIENTED_EDGE ( 'NONE', *, *, #4361, .T. ) ;
#5084 = ORIENTED_EDGE ( 'NONE', *, *, #4344, .T. ) ;
#5085 = ORIENTED_EDGE ( 'NONE', *, *, #4904, .T. ) ;
#5086 = FACE_OUTER_BOUND ( 'NONE', #6427, .T. ) ;
#5087 = CARTESIAN_POINT ( 'NONE',  ( 2.379457550551451500, 0.3999999999999999700, 4.435071983487120000 ) ) ;
#5088 = CARTESIAN_POINT ( 'NONE',  ( 6.000000000000000000, 1.416485055564248300E-015, 2.449999999999999300 ) ) ;
#5089 = EDGE_CURVE ( 'NONE', #2082, #6923, #5435, .T. ) ;
#5090 = ORIENTED_EDGE ( 'NONE', *, *, #7782, .T. ) ;
#5091 = CARTESIAN_POINT ( 'NONE',  ( 3.065585346850875600, 0.2500000000000000600, 3.773755947015236400 ) ) ;
#5092 = CARTESIAN_POINT ( 'NONE',  ( -2.738802264660379100, 0.2500000000000000000, 3.587330402084230900 ) ) ;
#5093 = ORIENTED_EDGE ( 'NONE', *, *, #1767, .F. ) ;
#5094 = ORIENTED_EDGE ( 'NONE', *, *, #614, .F. ) ;
#5095 = ORIENTED_EDGE ( 'NONE', *, *, #7728, .T. ) ;
#5096 = DIRECTION ( 'NONE',  ( 0.0000000000000000000, 0.0000000000000000000, -1.000000000000000000 ) ) ;
#5097 = SURFACE_STYLE_USAGE ( .BOTH. , #700 ) ;
#5098 = EDGE_CURVE ( 'NONE', #3606, #5238, #1401, .T. ) ;
#5099 = EDGE_CURVE ( 'NONE', #1293, #2686, #734, .T. ) ;
#5100 = VERTEX_POINT ( 'NONE', #946 ) ;
#5101 = ORIENTED_EDGE ( 'NONE', *, *, #4315, .F. ) ;
#5102 = ORIENTED_EDGE ( 'NONE', *, *, #3246, .T. ) ;
#5103 = DIRECTION ( 'NONE',  ( -0.7071067811865487900, -0.0000000000000000000, 0.7071067811865463500 ) ) ;
#5104 = DIRECTION ( 'NONE',  ( -0.7231295001038968700, 3.491481338843133400E-015, -0.6907124771418917700 ) ) ;
#5105 = AXIS2_PLACEMENT_3D ( 'NONE', #5110, #5778, #6309 ) ;
#5106 = CARTESIAN_POINT ( 'NONE',  ( -6.000000000000000000, 0.0000000000000000000, 5.000000000000000000 ) ) ;
#5107 = VERTEX_POINT ( 'NONE', #5216 ) ;
#5108 = ORIENTED_EDGE ( 'NONE', *, *, #5123, .T. ) ;
#5109 = EDGE_CURVE ( 'NONE', #5455, #1991, #5534, .T. ) ;
#5110 = CARTESIAN_POINT ( 'NONE',  ( 0.0000000000000000000, 0.0000000000000000000, 0.0000000000000000000 ) ) ;
#5111 = CARTESIAN_POINT ( 'NONE',  ( 5.750000000000000000, 1.355252715606880500E-015, 2.449999999999999300 ) ) ;
#5112 = CARTESIAN_POINT ( 'NONE',  ( 3.745358649331326500, 0.2500000000000000000, -3.038251868144762100 ) ) ;
#5113 = AXIS2_PLACEMENT_3D ( 'NONE', #4960, #500, #4233 ) ;
#5114 = DIRECTION ( 'NONE',  ( -0.0000000000000000000, -0.0000000000000000000, 1.000000000000000000 ) ) ;
#5115 = EDGE_LOOP ( 'NONE', ( #5268, #4827, #6633, #5658 ) ) ;
#5116 = CARTESIAN_POINT ( 'NONE',  ( -3.078507871027547500, 0.2661659644585282500, 3.783485124018386900 ) ) ;
#5117 = ADVANCED_FACE ( 'NONE', ( #4071 ), #5946, .F. ) ;
#5118 = CARTESIAN_POINT ( 'NONE',  ( 1.749999999999999600, 0.0000000000000000000, -7.199999999999999300 ) ) ;
#5119 = DIRECTION ( 'NONE',  ( -1.000000000000000000, 0.0000000000000000000, 0.0000000000000000000 ) ) ;
#5120 = APPLICATION_CONTEXT ( 'automotive_design' ) ;
#5121 = VECTOR ( 'NONE', #1710, 1000.000000000000100 ) ;
#5122 = LINE ( 'NONE', #751, #3628 ) ;
#5123 = EDGE_CURVE ( 'NONE', #3229, #3902, #7868, .T. ) ;
#5124 = CARTESIAN_POINT ( 'NONE',  ( -5.750000000000000000, 0.5371092495122248300, 2.449999999999999300 ) ) ;
#5125 = PLANE ( 'NONE',  #825 ) ;
#5126 = EDGE_LOOP ( 'NONE', ( #4555, #7701, #4406, #749 ) ) ;
#5127 = VECTOR ( 'NONE', #5775, 1000.000000000000000 ) ;
#5128 = DIRECTION ( 'NONE',  ( -0.7071067811865487900, -0.0000000000000000000, 0.7071067811865463500 ) ) ;
#5129 = FACE_OUTER_BOUND ( 'NONE', #3020, .T. ) ;
#5130 = ORIENTED_EDGE ( 'NONE', *, *, #2977, .F. ) ;
#5131 = EDGE_CURVE ( 'NONE', #7207, #6903, #1212, .T. ) ;
#5132 = VECTOR ( 'NONE', #281, 1000.000000000000000 ) ;
#5133 = DIRECTION ( 'NONE',  ( 0.4994745683111422900, -0.6907124771418931000, -0.5229162739205082100 ) ) ;
#5134 = DIRECTION ( 'NONE',  ( 1.000000000000000000, 0.0000000000000000000, 0.0000000000000000000 ) ) ;
#5135 = LINE ( 'NONE', #6676, #3864 ) ;
#5136 = DIRECTION ( 'NONE',  ( 0.0000000000000000000, 0.0000000000000000000, -1.000000000000000000 ) ) ;
#5137 = AXIS2_PLACEMENT_3D ( 'NONE', #3540, #4226, #6730 ) ;
#5138 = EDGE_LOOP ( 'NONE', ( #270, #1441, #1036, #1519 ) ) ;
#5139 = VERTEX_POINT ( 'NONE', #2918 ) ;
#5140 = PLANE ( 'NONE',  #2490 ) ;
#5141 = LINE ( 'NONE', #3524, #2458 ) ;
#5142 = CARTESIAN_POINT ( 'NONE',  ( 0.0000000000000000000, 0.0000000000000000000, 0.0000000000000000000 ) ) ;
#5143 = VECTOR ( 'NONE', #4697, 1000.000000000000000 ) ;
#5144 = EDGE_CURVE ( 'NONE', #7163, #4122, #4380, .T. ) ;
#5145 = FACE_OUTER_BOUND ( 'NONE', #738, .T. ) ;
#5146 = PRODUCT_DEFINITION ( 'UNKNOWN', '', #6478, #1216 ) ;
#5147 = CARTESIAN_POINT ( 'NONE',  ( -3.260954597208884900, 4.170189603414796100, -4.091316040819111600 ) ) ;
#5148 = CIRCLE ( 'NONE', #2613, 0.3999999999999994700 ) ;
#5149 = VERTEX_POINT ( 'NONE', #3530 ) ;
#5150 = VECTOR ( 'NONE', #6860, 1000.000000000000000 ) ;
#5151 = VECTOR ( 'NONE', #5134, 1000.000000000000000 ) ;
#5152 = CARTESIAN_POINT ( 'NONE',  ( 5.499999999999998200, -0.2499999999999988100, 2.449999999999999300 ) ) ;
#5153 = ADVANCED_FACE ( 'NONE', ( #3965 ), #3460, .T. ) ;
#5154 = EDGE_CURVE ( 'NONE', #1072, #6141, #2277, .T. ) ;
#5155 = PLANE ( 'NONE',  #7429 ) ;
#5156 = LINE ( 'NONE', #3956, #1398 ) ;
#5157 = DIRECTION ( 'NONE',  ( 0.0000000000000000000, 0.0000000000000000000, -1.000000000000000000 ) ) ;
#5158 = VECTOR ( 'NONE', #5445, 1000.000000000000000 ) ;
#5159 = VERTEX_POINT ( 'NONE', #7225 ) ;
#5160 = VECTOR ( 'NONE', #1321, 1000.000000000000000 ) ;
#5161 = DIRECTION ( 'NONE',  ( 0.5150380749100598200, 0.0000000000000000000, 0.8571673007021088900 ) ) ;
#5162 = LINE ( 'NONE', #3181, #7604 ) ;
#5163 = ORIENTED_EDGE ( 'NONE', *, *, #2610, .F. ) ;
#5164 = FACE_OUTER_BOUND ( 'NONE', #968, .T. ) ;
#5165 = EDGE_CURVE ( 'NONE', #3570, #3412, #337, .T. ) ;
#5166 = DIRECTION ( 'NONE',  ( 0.7071067811865487900, 0.0000000000000000000, -0.7071067811865463500 ) ) ;
#5167 = ORIENTED_EDGE ( 'NONE', *, *, #7802, .F. ) ;
#5168 = CARTESIAN_POINT ( 'NONE',  ( -1.750000000000000400, 0.0000000000000000000, -7.199999999999999300 ) ) ;
#5169 = VERTEX_POINT ( 'NONE', #999 ) ;
#5170 = VERTEX_POINT ( 'NONE', #5991 ) ;
#5171 = ORIENTED_EDGE ( 'NONE', *, *, #7543, .T. ) ;
#5172 = CARTESIAN_POINT ( 'NONE',  ( -6.010407640085648300, 0.0000000000000000000, -6.717514421272221100 ) ) ;
#5173 = EDGE_CURVE ( 'NONE', #7658, #5952, #2681, .T. ) ;
#5174 = VERTEX_POINT ( 'NONE', #5970 ) ;
#5175 = ORIENTED_EDGE ( 'NONE', *, *, #299, .T. ) ;
#5176 = ORIENTED_EDGE ( 'NONE', *, *, #5398, .F. ) ;
#5177 = DIRECTION ( 'NONE',  ( 0.5130781995407817100, -0.08715574274766144100, 0.8539055203370530300 ) ) ;
#5178 = AXIS2_PLACEMENT_3D ( 'NONE', #5711, #7508, #4419 ) ;
#5179 = CARTESIAN_POINT ( 'NONE',  ( -3.139880253173719500, 0.3999999999999999100, -3.856127629579424500 ) ) ;
#5180 = DIRECTION ( 'NONE',  ( 1.000000000000000000, 0.0000000000000000000, 0.0000000000000000000 ) ) ;
#5181 = DIRECTION ( 'NONE',  ( -0.5130781995407818200, -0.08715574274766251000, -0.8539055203370528000 ) ) ;
#5182 = ORIENTED_EDGE ( 'NONE', *, *, #5848, .T. ) ;
#5183 = VERTEX_POINT ( 'NONE', #7277 ) ;
#5184 =( LENGTH_UNIT ( ) NAMED_UNIT ( * ) SI_UNIT ( .MILLI., .METRE. ) );
#5185 = VERTEX_POINT ( 'NONE', #2241 ) ;
#5186 = EDGE_CURVE ( 'NONE', #2052, #6939, #3882, .T. ) ;
#5187 = CARTESIAN_POINT ( 'NONE',  ( 3.038251868144765700, 0.2500000000000000000, 3.745358649331330000 ) ) ;
#5188 = AXIS2_PLACEMENT_3D ( 'NONE', #3252, #4538, #1921 ) ;
#5189 = ADVANCED_FACE ( 'NONE', ( #42 ), #1605, .T. ) ;
#5190 = CARTESIAN_POINT ( 'NONE',  ( 3.305486196285772200, 0.4000000000000010200, -4.011556637993668200 ) ) ;
#5191 = CARTESIAN_POINT ( 'NONE',  ( 0.9500000000000005100, 0.0000000000000000000, 5.099999999999997900 ) ) ;
#5192 = EDGE_LOOP ( 'NONE', ( #7425, #5082 ) ) ;
#5193 = DIRECTION ( 'NONE',  ( -1.000000000000000000, 0.0000000000000000000, 0.0000000000000000000 ) ) ;
#5194 = ORIENTED_EDGE ( 'NONE', *, *, #5546, .T. ) ;
#5195 = EDGE_CURVE ( 'NONE', #1730, #7480, #3281, .T. ) ;
#5196 = ORIENTED_EDGE ( 'NONE', *, *, #4854, .T. ) ;
#5197 = CARTESIAN_POINT ( 'NONE',  ( 4.242640687119284800, 0.0000000000000000000, 5.242640687119286500 ) ) ;
#5198 = ORIENTED_EDGE ( 'NONE', *, *, #6369, .F. ) ;
#5199 = EDGE_LOOP ( 'NONE', ( #5249, #6062, #7513, #671 ) ) ;
#5200 = DIRECTION ( 'NONE',  ( 0.0000000000000000000, 0.0000000000000000000, -1.000000000000000000 ) ) ;
#5201 = LINE ( 'NONE', #419, #6847 ) ;
#5202 = CARTESIAN_POINT ( 'NONE',  ( -3.756402933671639100, 0.2500000000000000000, -3.050356997080816000 ) ) ;
#5203 = CARTESIAN_POINT ( 'NONE',  ( -3.801827423606675400, 0.2661659644585279700, 3.092591114224413100 ) ) ;
#5204 = CARTESIAN_POINT ( 'NONE',  ( 1.749999999999999600, 0.0000000000000000000, -7.199999999999999300 ) ) ;
#5205 = FACE_OUTER_BOUND ( 'NONE', #3511, .T. ) ;
#5206 = CARTESIAN_POINT ( 'NONE',  ( -2.847265478254242600, 0.4000000000000004700, -3.962003905699266900 ) ) ;
#5207 = LINE ( 'NONE', #7562, #1467 ) ;
#5208 = AXIS2_PLACEMENT_3D ( 'NONE', #7330, #6802, #4938 ) ;
#5209 = DIRECTION ( 'NONE',  ( 0.0000000000000000000, -1.000000000000000000, 0.0000000000000000000 ) ) ;
#5210 = CARTESIAN_POINT ( 'NONE',  ( -2.381731783404402900, 0.6973362886642219300, 4.740508950146200100 ) ) ;
#5211 = ORIENTED_EDGE ( 'NONE', *, *, #7366, .T. ) ;
#5212 = ORIENTED_EDGE ( 'NONE', *, *, #5131, .T. ) ;
#5213 = DIRECTION ( 'NONE',  ( 8.340016711426986100E-017, -1.000000000000000000, 0.0000000000000000000 ) ) ;
#5214 = EDGE_CURVE ( 'NONE', #24, #379, #3084, .T. ) ;
#5215 = VECTOR ( 'NONE', #5903, 999.9999999999998900 ) ;
#5216 = CARTESIAN_POINT ( 'NONE',  ( -5.000000000000000000, 0.0000000000000000000, 6.000000000000000000 ) ) ;
#5217 = VECTOR ( 'NONE', #3698, 1000.000000000000000 ) ;
#5218 = SHAPE_REPRESENTATION_RELATIONSHIP ( 'NONE' , 'NONE' ,  #8058, #1928 ) ;
#5219 = ADVANCED_FACE ( 'NONE', ( #1025 ), #6020, .F. ) ;
#5220 = CARTESIAN_POINT ( 'NONE',  ( -5.500000000000000000, 0.0000000000000000000, -0.5000000000000000000 ) ) ;
#5221 = AXIS2_PLACEMENT_3D ( 'NONE', #1197, #4258, #3017 ) ;
#5222 = VECTOR ( 'NONE', #5857, 1000.000000000000100 ) ;
#5223 = VERTEX_POINT ( 'NONE', #5463 ) ;
#5224 = ORIENTED_EDGE ( 'NONE', *, *, #1828, .T. ) ;
#5225 = VECTOR ( 'NONE', #7443, 1000.000000000000000 ) ;
#5226 = FACE_OUTER_BOUND ( 'NONE', #4329, .T. ) ;
#5227 = EDGE_CURVE ( 'NONE', #2384, #1873, #2077, .T. ) ;
#5228 = ORIENTED_EDGE ( 'NONE', *, *, #74, .F. ) ;
#5229 = FACE_OUTER_BOUND ( 'NONE', #5837, .T. ) ;
#5230 = ORIENTED_EDGE ( 'NONE', *, *, #654, .F. ) ;
#5231 = ORIENTED_EDGE ( 'NONE', *, *, #2333, .T. ) ;
#5232 = CARTESIAN_POINT ( 'NONE',  ( 3.545943492021569600, -13.82508089004571200, 3.792951838837770300 ) ) ;
#5233 = LINE ( 'NONE', #7336, #2382 ) ;
#5234 = EDGE_CURVE ( 'NONE', #4083, #7045, #5050, .T. ) ;
#5235 = DIRECTION ( 'NONE',  ( 2.891205793294674700E-015, -1.000000000000000000, -5.421010862427515100E-015 ) ) ;
#5236 = LINE ( 'NONE', #879, #6004 ) ;
#5237 = DIRECTION ( 'NONE',  ( -0.01583271637848232900, 0.9997372496366935300, 0.01657578899896328100 ) ) ;
#5238 = VERTEX_POINT ( 'NONE', #8054 ) ;
#5239 = LINE ( 'NONE', #4652, #4479 ) ;
#5240 = CARTESIAN_POINT ( 'NONE',  ( 2.232323454269423000, 0.2500000000000000000, -4.491851733474584700 ) ) ;
#5241 = EDGE_CURVE ( 'NONE', #4016, #5253, #1587, .T. ) ;
#5242 = AXIS2_PLACEMENT_3D ( 'NONE', #3166, #70, #5768 ) ;
#5243 = FACE_OUTER_BOUND ( 'NONE', #550, .T. ) ;
#5244 = DIRECTION ( 'NONE',  ( -0.6907124771418919900, 3.491481338843133400E-015, 0.7231295001038965400 ) ) ;
#5245 = LINE ( 'NONE', #3482, #7283 ) ;
#5246 = DIRECTION ( 'NONE',  ( -0.7229394975650260700, 0.02292229676231366500, -0.6905309921875832900 ) ) ;
#5247 = CARTESIAN_POINT ( 'NONE',  ( 3.745358649331327300, 0.2500000000000000000, -3.038251868144762600 ) ) ;
#5248 = AXIS2_PLACEMENT_3D ( 'NONE', #4725, #5273, #4043 ) ;
#5249 = ORIENTED_EDGE ( 'NONE', *, *, #5131, .F. ) ;
#5250 = EDGE_CURVE ( 'NONE', #73, #7807, #5233, .T. ) ;
#5251 = DIRECTION ( 'NONE',  ( -0.4994745683111417900, 0.7231295001038960900, -0.4770837260794879000 ) ) ;
#5252 = LINE ( 'NONE', #5708, #4278 ) ;
#5253 = VERTEX_POINT ( 'NONE', #1703 ) ;
#5254 = CIRCLE ( 'NONE', #5105, 5.325000000000001100 ) ;
#5255 = AXIS2_PLACEMENT_3D ( 'NONE', #7076, #5244, #229 ) ;
#5256 = PLANE ( 'NONE',  #2222 ) ;
#5257 = CARTESIAN_POINT ( 'NONE',  ( -0.9500000000000011800, 0.2500000000000000000, -5.100000000000001400 ) ) ;
#5258 = ORIENTED_EDGE ( 'NONE', *, *, #5034, .T. ) ;
#5259 = VERTEX_POINT ( 'NONE', #5575 ) ;
#5260 = VECTOR ( 'NONE', #292, 1000.000000000000000 ) ;
#5261 = CARTESIAN_POINT ( 'NONE',  ( -2.847265478254242600, 0.4000000000000004700, -3.962003905699266900 ) ) ;
#5262 = ORIENTED_EDGE ( 'NONE', *, *, #6683, .F. ) ;
#5263 = ORIENTED_EDGE ( 'NONE', *, *, #1420, .T. ) ;
#5264 = DIRECTION ( 'NONE',  ( -0.4994745683111420100, -0.7231295001038964300, -0.4770837260794872400 ) ) ;
#5265 = EDGE_CURVE ( 'NONE', #3871, #2807, #6198, .T. ) ;
#5266 = ORIENTED_EDGE ( 'NONE', *, *, #4248, .F. ) ;
#5267 = ORIENTED_EDGE ( 'NONE', *, *, #3183, .T. ) ;
#5268 = ORIENTED_EDGE ( 'NONE', *, *, #3960, .F. ) ;
#5269 = DIRECTION ( 'NONE',  ( 0.6907124771418926600, -1.776356839400249900E-015, -0.7231295001038959800 ) ) ;
#5270 = DIRECTION ( 'NONE',  ( 0.7071067812014971700, -0.7071067811715977500, 0.0000000000000000000 ) ) ;
#5271 = VERTEX_POINT ( 'NONE', #3586 ) ;
#5272 = AXIS2_PLACEMENT_3D ( 'NONE', #4006, #4228, #6003 ) ;
#5273 = DIRECTION ( 'NONE',  ( 3.633292013170003700E-011, -0.0000000000000000000, 1.000000000000000000 ) ) ;
#5274 = ADVANCED_FACE ( 'NONE', ( #436 ), #234, .T. ) ;
#5275 = ORIENTED_EDGE ( 'NONE', *, *, #7543, .F. ) ;
#5276 = EDGE_LOOP ( 'NONE', ( #761, #873, #6667, #7705 ) ) ;
#5277 = ORIENTED_EDGE ( 'NONE', *, *, #4762, .T. ) ;
#5278 = DIRECTION ( 'NONE',  ( -1.084202172485501600E-014, 0.0000000000000000000, -1.000000000000000000 ) ) ;
#5279 = EDGE_CURVE ( 'NONE', #7024, #5938, #7273, .T. ) ;
#5280 = EDGE_LOOP ( 'NONE', ( #6110, #3510, #474, #3835 ) ) ;
#5281 = EDGE_LOOP ( 'NONE', ( #6122, #1523, #263, #1960, #7082, #177 ) ) ;
#5282 = ORIENTED_EDGE ( 'NONE', *, *, #5186, .T. ) ;
#5283 = ORIENTED_EDGE ( 'NONE', *, *, #1057, .F. ) ;
#5284 = ORIENTED_EDGE ( 'NONE', *, *, #2294, .T. ) ;
#5285 = PLANE ( 'NONE',  #6957 ) ;
#5286 = DIRECTION ( 'NONE',  ( 0.0000000000000000000, 0.0000000000000000000, -1.000000000000000000 ) ) ;
#5287 = EDGE_CURVE ( 'NONE', #2316, #4658, #3368, .T. ) ;
#5288 = ORIENTED_EDGE ( 'NONE', *, *, #3474, .T. ) ;
#5289 = ORIENTED_EDGE ( 'NONE', *, *, #8123, .F. ) ;
#5290 = CARTESIAN_POINT ( 'NONE',  ( 6.000000000000000000, 0.5371092495122262700, 2.449999999999999300 ) ) ;
#5291 = PRODUCT_DEFINITION ( 'UNKNOWN', '', #2130, #2796 ) ;
#5292 = DIRECTION ( 'NONE',  ( -0.7071067811865435800, -0.7071067811865513500, 0.0000000000000000000 ) ) ;
#5293 = PRODUCT_DEFINITION_SHAPE ( 'NONE', 'NONE',  #4717 ) ;
#5294 = CARTESIAN_POINT ( 'NONE',  ( 0.0000000000000000000, 0.2500000000000000000, 0.0000000000000000000 ) ) ;
#5295 = DIRECTION ( 'NONE',  ( 0.0000000000000000000, 0.0000000000000000000, 1.000000000000000000 ) ) ;
#5296 = EDGE_CURVE ( 'NONE', #4997, #5777, #2481, .T. ) ;
#5297 = CARTESIAN_POINT ( 'NONE',  ( -3.745358649331324700, 0.0000000000000000000, 3.038251868144763000 ) ) ;
#5298 = ORIENTED_EDGE ( 'NONE', *, *, #6489, .T. ) ;
#5299 = CARTESIAN_POINT ( 'NONE',  ( 5.750000000000000000, 0.5371092495122262700, -2.450000000000001100 ) ) ;
#5300 = PLANE ( 'NONE',  #3771 ) ;
#5301 = ORIENTED_EDGE ( 'NONE', *, *, #2383, .F. ) ;
#5302 = VECTOR ( 'NONE', #1478, 1000.000000000000000 ) ;
#5303 = VECTOR ( 'NONE', #993, 1000.000000000000000 ) ;
#5304 = PLANE ( 'NONE',  #4030 ) ;
#5305 = LINE ( 'NONE', #7370, #1842 ) ;
#5306 = DIRECTION ( 'NONE',  ( 1.000000000000000000, 0.0000000000000000000, 0.0000000000000000000 ) ) ;
#5307 = VECTOR ( 'NONE', #540, 1000.000000000000000 ) ;
#5308 = EDGE_CURVE ( 'NONE', #1812, #145, #7378, .T. ) ;
#5309 = CARTESIAN_POINT ( 'NONE',  ( -2.847265478254242600, 0.2499999999999998300, -3.962003905699266900 ) ) ;
#5310 = PLANE ( 'NONE',  #3126 ) ;
#5311 = FACE_OUTER_BOUND ( 'NONE', #7535, .T. ) ;
#5312 = DIRECTION ( 'NONE',  ( -0.0000000000000000000, -1.000000000000000000, -0.0000000000000000000 ) ) ;
#5313 = FACE_OUTER_BOUND ( 'NONE', #6610, .T. ) ;
#5314 = DIRECTION ( 'NONE',  ( 0.0000000000000000000, 0.0000000000000000000, 1.000000000000000000 ) ) ;
#5315 = CIRCLE ( 'NONE', #4181, 0.2500000000000002200 ) ;
#5316 = CARTESIAN_POINT ( 'NONE',  ( 2.809512942779163900, 0.0000000000000000000, 3.516619723965726900 ) ) ;
#5317 = DIRECTION ( 'NONE',  ( -0.0000000000000000000, -1.000000000000000000, -0.0000000000000000000 ) ) ;
#5318 = ORIENTED_EDGE ( 'NONE', *, *, #3011, .F. ) ;
#5319 = EDGE_CURVE ( 'NONE', #3913, #7197, #4172, .T. ) ;
#5320 = DIRECTION ( 'NONE',  ( 1.000000000000000000, 0.0000000000000000000, 0.0000000000000000000 ) ) ;
#5321 = EDGE_LOOP ( 'NONE', ( #5465, #3358, #2234, #1914 ) ) ;
#5322 = CIRCLE ( 'NONE', #4583, 0.1499999999999999700 ) ;
#5323 = DIRECTION ( 'NONE',  ( -1.000000000000000000, -8.031127203596331800E-017, -8.031127203596331800E-017 ) ) ;
#5324 = FACE_OUTER_BOUND ( 'NONE', #8022, .T. ) ;
#5325 = CIRCLE ( 'NONE', #7348, 0.6500000000000000200 ) ;
#5326 = LINE ( 'NONE', #2474, #1975 ) ;
#5327 = DIRECTION ( 'NONE',  ( 0.0000000000000000000, -1.000000000000000000, 0.0000000000000000000 ) ) ;
#5328 = VECTOR ( 'NONE', #285, 1000.000000000000000 ) ;
#5329 = ORIENTED_EDGE ( 'NONE', *, *, #3277, .F. ) ;
#5330 = DIRECTION ( 'NONE',  ( -0.4994745683111421800, 0.7231295001038956500, -0.4770837260794882400 ) ) ;
#5331 = CARTESIAN_POINT ( 'NONE',  ( 3.894300576673960900, 2.702328844871582100, -3.103418553237962600 ) ) ;
#5332 = LINE ( 'NONE', #5601, #7169 ) ;
#5333 = EDGE_CURVE ( 'NONE', #163, #7576, #6983, .T. ) ;
#5334 = VECTOR ( 'NONE', #6441, 1000.000000000000000 ) ;
#5335 = AXIS2_PLACEMENT_3D ( 'NONE', #7003, #5713, #4472 ) ;
#5336 = CARTESIAN_POINT ( 'NONE',  ( 4.262132034355966300, -0.09999999999999904800, 2.449999999999999300 ) ) ;
#5337 = CARTESIAN_POINT ( 'NONE',  ( 2.161531637692554400, 0.2500000000000013900, 4.374034365627314200 ) ) ;
#5338 = EDGE_CURVE ( 'NONE', #6923, #3060, #8077, .T. ) ;
#5339 = CARTESIAN_POINT ( 'NONE',  ( -2.939196074080929300, 0.7191252243511373500, -4.115002110133876700 ) ) ;
#5340 = ORIENTED_EDGE ( 'NONE', *, *, #2008, .T. ) ;
#5341 = LINE ( 'NONE', #6459, #6788 ) ;
#5342 = ORIENTED_EDGE ( 'NONE', *, *, #448, .F. ) ;
#5344 = VECTOR ( 'NONE', #6147, 1000.000000000000000 ) ;
#5343 = DIRECTION ( 'NONE',  ( -1.000000000000000000, -1.668003342285397200E-016, 0.0000000000000000000 ) ) ;
#5345 = CARTESIAN_POINT ( 'NONE',  ( -1.749999999999999100, 0.2500000000000000000, 4.049719055553636000 ) ) ;
#5346 = DIRECTION ( 'NONE',  ( -0.0000000000000000000, 1.000000000000000000, -0.0000000000000000000 ) ) ;
#5347 = PRODUCT_RELATED_PRODUCT_CATEGORY ( 'part', '', ( #3466 ) ) ;
#5348 = DIRECTION ( 'NONE',  ( 1.000000000000000000, 8.340016711426986100E-017, 0.0000000000000000000 ) ) ;
#5349 = DIRECTION ( 'NONE',  ( -0.0000000000000000000, -1.000000000000000000, -0.0000000000000000000 ) ) ;
#5350 = CARTESIAN_POINT ( 'NONE',  ( -4.027608712166939500, 0.2949861872786535000, 3.321806003186825500 ) ) ;
#5351 = LINE ( 'NONE', #2625, #1139 ) ;
#5352 = DIRECTION ( 'NONE',  ( -0.7071067812014962800, -0.7071067811715988600, 0.0000000000000000000 ) ) ;
#5353 = ORIENTED_EDGE ( 'NONE', *, *, #6987, .F. ) ;
#5354 = LINE ( 'NONE', #371, #5260 ) ;
#5355 = ADVANCED_FACE ( 'NONE', ( #2182 ), #1973, .F. ) ;
#5356 = ORIENTED_EDGE ( 'NONE', *, *, #5898, .T. ) ;
#5357 = DIRECTION ( 'NONE',  ( 0.7229394975650260700, -0.02292229676231420700, 0.6905309921875832900 ) ) ;
#5358 = CARTESIAN_POINT ( 'NONE',  ( 3.067465623966092500, 0.6973362886642219300, -4.328478490218159000 ) ) ;
#5359 = B_SPLINE_CURVE_WITH_KNOTS ( 'NONE', 3,
 ( #7100, #851, #7129, #4091, #6500, #4011 ),
 .UNSPECIFIED., .F., .F.,
 ( 4, 2, 4 ),
 ( 0.0000000000000000000, 0.5000000000000000000, 1.000000000000000000 ),
 .UNSPECIFIED. ) ;
#5360 = SHAPE_REPRESENTATION ( 'DR125', ( #3889, #5813, #5673, #6066 ), #6953 ) ;
#5361 = ORIENTED_EDGE ( 'NONE', *, *, #1907, .F. ) ;
#5362 = ORIENTED_EDGE ( 'NONE', *, *, #6666, .F. ) ;
#5363 = VECTOR ( 'NONE', #7687, 1000.000000000000100 ) ;
#5364 = AXIS2_PLACEMENT_3D ( 'NONE', #4342, #8074, #8017 ) ;
#5365 = DIRECTION ( 'NONE',  ( 1.000000000000000000, 0.0000000000000000000, -9.334980705100199600E-012 ) ) ;
#5366 = ORIENTED_EDGE ( 'NONE', *, *, #5376, .T. ) ;
#5367 = VERTEX_POINT ( 'NONE', #1307 ) ;
#5368 = DIRECTION ( 'NONE',  ( 1.000000000000000000, 0.0000000000000000000, -3.633292013170003700E-011 ) ) ;
#5369 = DIRECTION ( 'NONE',  ( 7.228014483236714300E-016, -1.000000000000000000, 3.614007241618357200E-016 ) ) ;
#5370 = ORIENTED_EDGE ( 'NONE', *, *, #3706, .T. ) ;
#5371 = EDGE_LOOP ( 'NONE', ( #6834, #3727, #2198, #3297, #5380, #6642, #4776, #979, #6345 ) ) ;
#5372 = CARTESIAN_POINT ( 'NONE',  ( 3.877851111921483400, 0.04310923855607357000, 3.168643545554906900 ) ) ;
#5373 = VERTEX_POINT ( 'NONE', #6152 ) ;
#5374 = DIRECTION ( 'NONE',  ( 0.0000000000000000000, -1.000000000000000000, 0.0000000000000000000 ) ) ;
#5375 = DIRECTION ( 'NONE',  ( -0.5130781995407751600, -0.08715574274766216300, 0.8539055203370568000 ) ) ;
#5376 = EDGE_CURVE ( 'NONE', #1072, #3007, #3666, .T. ) ;
#5377 = ADVANCED_FACE ( 'NONE', ( #543 ), #3708, .T. ) ;
#5378 = ORIENTED_EDGE ( 'NONE', *, *, #4708, .F. ) ;
#5379 = ORIENTED_EDGE ( 'NONE', *, *, #4028, .F. ) ;
#5380 = ORIENTED_EDGE ( 'NONE', *, *, #2948, .F. ) ;
#5381 = ORIENTED_EDGE ( 'NONE', *, *, #4912, .T. ) ;
#5382 = DIRECTION ( 'NONE',  ( 0.0000000000000000000, 0.0000000000000000000, 1.000000000000000000 ) ) ;
#5383 = CARTESIAN_POINT ( 'NONE',  ( -0.9499999999999995100, 0.0000000000000000000, -6.299999999999998900 ) ) ;
#5384 = AXIS2_PLACEMENT_3D ( 'NONE', #7768, #7182, #3446 ) ;
#5385 = DIRECTION ( 'NONE',  ( 0.0000000000000000000, -1.000000000000000000, 0.0000000000000000000 ) ) ;
#5386 = ORIENTED_EDGE ( 'NONE', *, *, #6579, .T. ) ;
#5387 = ORIENTED_EDGE ( 'NONE', *, *, #2496, .F. ) ;
#5388 = CARTESIAN_POINT ( 'NONE',  ( 3.792951838837774300, -13.82508089004571200, -3.545943492021567800 ) ) ;
#5389 = DIRECTION ( 'NONE',  ( -1.000000000000000000, 0.0000000000000000000, 0.0000000000000000000 ) ) ;
#5390 = EDGE_CURVE ( 'NONE', #3587, #462, #3471, .T. ) ;
#5391 = SHAPE_REPRESENTATION ( '13008901', ( #3038 ), #3303 ) ;
#5392 = CARTESIAN_POINT ( 'NONE',  ( 4.081333750320306200, 3.568126700166566000, -3.270489393669257600 ) ) ;
#5393 = DIRECTION ( 'NONE',  ( 0.0000000000000000000, -1.000000000000000000, 0.0000000000000000000 ) ) ;
#5394 = VERTEX_POINT ( 'NONE', #8031 ) ;
#5395 = AXIS2_PLACEMENT_3D ( 'NONE', #1630, #2217, #7917 ) ;
#5396 = CARTESIAN_POINT ( 'NONE',  ( -5.000000000000000000, 0.0000000000000000000, 5.000000000000000000 ) ) ;
#5397 = DIRECTION ( 'NONE',  ( -0.7231295001038968700, 3.491481338843133400E-015, -0.6907124771418917700 ) ) ;
#5398 = EDGE_CURVE ( 'NONE', #1105, #3587, #6587, .T. ) ;
#5399 = CARTESIAN_POINT ( 'NONE',  ( 2.000000000000000400, 0.0000000000000000000, 0.0000000000000000000 ) ) ;
#5400 = AXIS2_PLACEMENT_3D ( 'NONE', #590, #1259, #5655 ) ;
#5401 = LINE ( 'NONE', #8061, #598 ) ;
#5402 = FACE_OUTER_BOUND ( 'NONE', #616, .T. ) ;
#5403 = DIRECTION ( 'NONE',  ( 0.0000000000000000000, 1.000000000000000000, -0.0000000000000000000 ) ) ;
#5404 = AXIS2_PLACEMENT_3D ( 'NONE', #7826, #4105, #341 ) ;
#5405 = EDGE_CURVE ( 'NONE', #3315, #1532, #716, .T. ) ;
#5406 = FACE_OUTER_BOUND ( 'NONE', #6970, .T. ) ;
#5407 = CARTESIAN_POINT ( 'NONE',  ( -3.000000000000000000, 4.400000000000000400, 4.399502812818740300 ) ) ;
#5408 = DIRECTION ( 'NONE',  ( 1.000000000000000000, 8.031127203596331800E-017, -8.031127203596331800E-017 ) ) ;
#5409 = CARTESIAN_POINT ( 'NONE',  ( 4.140508901201069800, 3.163880643471967500, 3.170481851183593900 ) ) ;
#5410 = FACE_OUTER_BOUND ( 'NONE', #2128, .T. ) ;
#5411 = ORIENTED_EDGE ( 'NONE', *, *, #2294, .F. ) ;
#5412 = AXIS2_PLACEMENT_3D ( 'NONE', #3242, #1414, #7666 ) ;
#5413 = VERTEX_POINT ( 'NONE', #3079 ) ;
#5414 = VERTEX_POINT ( 'NONE', #4467 ) ;
#5415 = LINE ( 'NONE', #5854, #5799 ) ;
#5416 = ADVANCED_FACE ( 'NONE', ( #5792 ), #2521, .F. ) ;
#5417 = FACE_OUTER_BOUND ( 'NONE', #7089, .T. ) ;
#5418 = CARTESIAN_POINT ( 'NONE',  ( 3.270489393669257200, 3.568126700166547800, 4.081333750320305300 ) ) ;
#5419 = ORIENTED_EDGE ( 'NONE', *, *, #5503, .T. ) ;
#5420 = ORIENTED_EDGE ( 'NONE', *, *, #5279, .F. ) ;
#5421 = PRESENTATION_STYLE_ASSIGNMENT (( #5762 ) ) ;
#5422 = DIRECTION ( 'NONE',  ( 0.0000000000000000000, 0.0000000000000000000, -1.000000000000000000 ) ) ;
#5423 = ORIENTED_EDGE ( 'NONE', *, *, #8080, .F. ) ;
#5424 = EDGE_CURVE ( 'NONE', #4602, #7533, #5252, .T. ) ;
#5425 = CIRCLE ( 'NONE', #1658, 0.1499999999999999700 ) ;
#5426 = PRODUCT_DEFINITION_SHAPE ( 'NONE', 'NONE',  #7325 ) ;
#5427 = CARTESIAN_POINT ( 'NONE',  ( 2.653085534590297300, 0.2500000000000000000, 3.638834209575387800 ) ) ;
#5428 = LINE ( 'NONE', #2146, #8059 ) ;
#5429 = CARTESIAN_POINT ( 'NONE',  ( 4.156066017177984400, -0.2060660171779816200, 2.449999999999999300 ) ) ;
#5430 = CARTESIAN_POINT ( 'NONE',  ( 6.031385485800713100E-016, -2.600000000000000100, 4.924999999999998900 ) ) ;
#5431 = AXIS2_PLACEMENT_3D ( 'NONE', #542, #3681, #8060 ) ;
#5432 = ORIENTED_EDGE ( 'NONE', *, *, #6461, .T. ) ;
#5433 = LINE ( 'NONE', #7190, #7270 ) ;
#5434 = CARTESIAN_POINT ( 'NONE',  ( -4.262132034355966300, -0.2500000000000000000, -2.450000000000001100 ) ) ;
#5435 = LINE ( 'NONE', #5197, #5635 ) ;
#5436 = DIRECTION ( 'NONE',  ( -0.7071067811865460200, -0.0000000000000000000, -0.7071067811865489100 ) ) ;
#5437 = VECTOR ( 'NONE', #2651, 1000.000000000000000 ) ;
#5438 = EDGE_CURVE ( 'NONE', #5414, #936, #5332, .T. ) ;
#5439 = ADVANCED_FACE ( 'NONE', ( #2499 ), #1933, .F. ) ;
#5440 = VECTOR ( 'NONE', #5809, 1000.000000000000000 ) ;
#5441 = DIRECTION ( 'NONE',  ( -1.000000000000000000, -8.031127203596331800E-017, 0.0000000000000000000 ) ) ;
#5442 = CIRCLE ( 'NONE', #2602, 5.325000000000001100 ) ;
#5443 = AXIS2_PLACEMENT_3D ( 'NONE', #6333, #2512, #3900 ) ;
#5444 = FACE_OUTER_BOUND ( 'NONE', #4733, .T. ) ;
#5445 = DIRECTION ( 'NONE',  ( 0.0000000000000000000, 1.000000000000000000, 0.0000000000000000000 ) ) ;
#5446 = EDGE_CURVE ( 'NONE', #3397, #490, #6798, .T. ) ;
#5447 = LINE ( 'NONE', #2749, #2096 ) ;
#5448 = ORIENTED_EDGE ( 'NONE', *, *, #4893, .T. ) ;
#5449 = VECTOR ( 'NONE', #6740, 1000.000000000000000 ) ;
#5450 = CARTESIAN_POINT ( 'NONE',  ( -3.979289321881348300, -0.3828427124746208200, -2.450000000000001100 ) ) ;
#5451 = CARTESIAN_POINT ( 'NONE',  ( -5.750000000000000000, 0.0000000000000000000, -2.450000000000001100 ) ) ;
#5452 = EDGE_CURVE ( 'NONE', #5223, #1445, #6960, .T. ) ;
#5453 = DIRECTION ( 'NONE',  ( -0.0000000000000000000, -1.000000000000000000, -0.0000000000000000000 ) ) ;
#5454 = CARTESIAN_POINT ( 'NONE',  ( -4.242640687119284800, 0.0000000000000000000, 4.242640687119285700 ) ) ;
#5455 = VERTEX_POINT ( 'NONE', #6890 ) ;
#5456 = ADVANCED_FACE ( 'NONE', ( #2970 ), #1277, .F. ) ;
#5457 = VERTEX_POINT ( 'NONE', #5690 ) ;
#5458 = CARTESIAN_POINT ( 'NONE',  ( 3.534314575036435100, -0.1500000000000000200, -2.450000000010273700 ) ) ;
#5459 = ORIENTED_EDGE ( 'NONE', *, *, #4806, .T. ) ;
#5460 = EDGE_LOOP ( 'NONE', ( #1424, #2536, #2159, #5515 ) ) ;
#5461 = EDGE_CURVE ( 'NONE', #5860, #2542, #4049, .T. ) ;
#5462 = CARTESIAN_POINT ( 'NONE',  ( -3.398528137423869800, 0.2500000000000000000, 2.449999999999999300 ) ) ;
#5463 = CARTESIAN_POINT ( 'NONE',  ( -3.368376543254079100, 4.193111900177108000, 3.951485589396473800 ) ) ;
#5464 = VERTEX_POINT ( 'NONE', #4355 ) ;
#5465 = ORIENTED_EDGE ( 'NONE', *, *, #3170, .T. ) ;
#5466 = LINE ( 'NONE', #7761, #5363 ) ;
#5467 = MANIFOLD_SOLID_BREP ( 'Fillet1', #696 ) ;
#5468 = CARTESIAN_POINT ( 'NONE',  ( 4.242640687119284800, 0.0000000000000000000, 4.242640687119284800 ) ) ;
#5469 = VERTEX_POINT ( 'NONE', #1234 ) ;
#5470 = EDGE_CURVE ( 'NONE', #5723, #1715, #2192, .T. ) ;
#5471 = AXIS2_PLACEMENT_3D ( 'NONE', #3614, #4884, #2404 ) ;
#5472 = ORIENTED_EDGE ( 'NONE', *, *, #202, .T. ) ;
#5473 = CARTESIAN_POINT ( 'NONE',  ( -3.996642290355192800, 0.1912053364946881300, 3.291769412734988400 ) ) ;
#5474 = EDGE_LOOP ( 'NONE', ( #5667, #862, #7716, #8009 ) ) ;
#5475 = EDGE_LOOP ( 'NONE', ( #6290, #4926, #525, #3028 ) ) ;
#5476 = CARTESIAN_POINT ( 'NONE',  ( 2.738802264660374700, 0.2500000000000000000, -3.487330402084222000 ) ) ;
#5477 = ADVANCED_FACE ( 'NONE', ( #2357 ), #3949, .F. ) ;
#5478 = AXIS2_PLACEMENT_3D ( 'NONE', #4521, #3238, #7036 ) ;
#5479 = ORIENTED_EDGE ( 'NONE', *, *, #4, .F. ) ;
#5480 = ORIENTED_EDGE ( 'NONE', *, *, #3833, .F. ) ;
#5481 = ORIENTED_EDGE ( 'NONE', *, *, #4234, .T. ) ;
#5482 = ORIENTED_EDGE ( 'NONE', *, *, #7817, .F. ) ;
#5483 = DIRECTION ( 'NONE',  ( 0.0000000000000000000, 0.0000000000000000000, -1.000000000000000000 ) ) ;
#5484 = EDGE_CURVE ( 'NONE', #7935, #2497, #7258, .T. ) ;
#5485 = DIRECTION ( 'NONE',  ( -0.01657578899896300400, -0.9997372496366935300, -0.01583271637848216200 ) ) ;
#5486 = CARTESIAN_POINT ( 'NONE',  ( -3.398528137423869800, 0.2500000000000000000, 2.549999999999999400 ) ) ;
#5487 = ORIENTED_EDGE ( 'NONE', *, *, #3559, .T. ) ;
#5488 = AXIS2_PLACEMENT_3D ( 'NONE', #6551, #935, #884 ) ;
#5489 = DIRECTION ( 'NONE',  ( 0.0000000000000000000, 0.0000000000000000000, -1.000000000000000000 ) ) ;
#5490 = CARTESIAN_POINT ( 'NONE',  ( -4.242640687119284800, 0.0000000000000000000, -3.242640687119283000 ) ) ;
#5491 = DIRECTION ( 'NONE',  ( 0.0000000000000000000, 0.0000000000000000000, 1.000000000000000000 ) ) ;
#5492 = CARTESIAN_POINT ( 'NONE',  ( 3.792951838837774300, -13.82508089004571200, -3.545943492021567800 ) ) ;
#5493 = ORIENTED_EDGE ( 'NONE', *, *, #2938, .F. ) ;
#5494 = EDGE_CURVE ( 'NONE', #5521, #7578, #3755, .T. ) ;
#5495 = ADVANCED_FACE ( 'NONE', ( #2763 ), #6363, .T. ) ;
#5496 = PLANE ( 'NONE',  #5550 ) ;
#5497 = EDGE_CURVE ( 'NONE', #165, #5723, #1106, .T. ) ;
#5498 = VECTOR ( 'NONE', #2381, 1000.000000000000100 ) ;
#5499 = CARTESIAN_POINT ( 'NONE',  ( 2.000000000000000000, 0.05000000000000000300, -2.500000000000000000 ) ) ;
#5500 = VECTOR ( 'NONE', #1551, 1000.000000000000000 ) ;
#5501 = CARTESIAN_POINT ( 'NONE',  ( -6.717514421272220200, 0.0000000000000000000, 6.010407640085649200 ) ) ;
#5502 = CARTESIAN_POINT ( 'NONE',  ( 3.745358649331326500, 0.0000000000000000000, -3.038251868144762100 ) ) ;
#5503 = EDGE_CURVE ( 'NONE', #961, #4067, #2570, .T. ) ;
#5504 = DIRECTION ( 'NONE',  ( -1.204669080539449300E-016, 0.0000000000000000000, -1.000000000000000000 ) ) ;
#5505 = PLANE ( 'NONE',  #5221 ) ;
#5506 = VECTOR ( 'NONE', #1292, 1000.000000000000000 ) ;
#5507 = CARTESIAN_POINT ( 'NONE',  ( 0.0000000000000000000, 4.400000000000000400, 6.000000000000000000 ) ) ;
#5508 = VECTOR ( 'NONE', #4845, 1000.000000000000000 ) ;
#5509 = CARTESIAN_POINT ( 'NONE',  ( 0.0000000000000000000, 5.000000000000000000, -3.000000000000000000 ) ) ;
#5510 = DIRECTION ( 'NONE',  ( 0.8571673007021130000, -8.511960079772419000E-017, 0.5150380749100530500 ) ) ;
#5511 = VERTEX_POINT ( 'NONE', #4548 ) ;
#5512 = EDGE_CURVE ( 'NONE', #3397, #2903, #4648, .T. ) ;
#5513 = DIRECTION ( 'NONE',  ( -1.000000000000000000, 0.0000000000000000000, 0.0000000000000000000 ) ) ;
#5514 = DIRECTION ( 'NONE',  ( 0.0000000000000000000, 0.0000000000000000000, -1.000000000000000000 ) ) ;
#5515 = ORIENTED_EDGE ( 'NONE', *, *, #4527, .F. ) ;
#5516 = ADVANCED_FACE ( 'NONE', ( #7568 ), #6341, .T. ) ;
#5517 = LINE ( 'NONE', #7850, #7059 ) ;
#5518 = CIRCLE ( 'NONE', #6307, 0.09999999999999982500 ) ;
#5519 = AXIS2_PLACEMENT_3D ( 'NONE', #1720, #1173, #6115 ) ;
#5520 = DIRECTION ( 'NONE',  ( 0.01657578899896300400, 0.9997372496366935300, 0.01583271637848216200 ) ) ;
#5521 = VERTEX_POINT ( 'NONE', #5187 ) ;
#5522 = ORIENTED_EDGE ( 'NONE', *, *, #1601, .F. ) ;
#5523 = ORIENTED_EDGE ( 'NONE', *, *, #4715, .T. ) ;
#5524 = LINE ( 'NONE', #5017, #4937 ) ;
#5525 = VECTOR ( 'NONE', #12, 1000.000000000000000 ) ;
#5526 = CARTESIAN_POINT ( 'NONE',  ( -2.924227208185330000, 0.3869266385878502000, 4.090089733749843900 ) ) ;
#5527 = VECTOR ( 'NONE', #6225, 1000.000000000000000 ) ;
#5528 = CARTESIAN_POINT ( 'NONE',  ( -5.500000000000000000, 0.0000000000000000000, -2.450000000000001100 ) ) ;
#5529 = EDGE_CURVE ( 'NONE', #2082, #466, #623, .T. ) ;
#5530 = VECTOR ( 'NONE', #967, 1000.000000000000000 ) ;
#5531 = DIRECTION ( 'NONE',  ( -0.01583271637848321400, -0.9997372496366935300, 0.01657578899896422500 ) ) ;
#5532 = ORIENTED_EDGE ( 'NONE', *, *, #507, .T. ) ;
#5533 = DIRECTION ( 'NONE',  ( -0.7231295001038959800, -3.491481338843133000E-015, -0.6907124771418926600 ) ) ;
#5534 = LINE ( 'NONE', #1554, #1675 ) ;
#5535 = VERTEX_POINT ( 'NONE', #4528 ) ;
#5537 = LINE ( 'NONE', #5024, #2683 ) ;
#5536 = CARTESIAN_POINT ( 'NONE',  ( 2.738802264660508400, 0.0000000000000000000, 3.587330402084381900 ) ) ;
#5538 = AXIS2_PLACEMENT_3D ( 'NONE', #7236, #3507, #7876 ) ;
#5539 = ADVANCED_FACE ( 'NONE', ( #5311 ), #3294, .T. ) ;
#5540 = CARTESIAN_POINT ( 'NONE',  ( -3.830774262967692900, 0.4000000000000008500, -3.132808077000299300 ) ) ;
#5541 = CARTESIAN_POINT ( 'NONE',  ( -2.232323454269456300, 0.0000000000000000000, -4.491851733474571300 ) ) ;
#5542 = CARTESIAN_POINT ( 'NONE',  ( 3.745358649331326500, 0.0000000000000000000, -3.038251868144762100 ) ) ;
#5543 = VERTEX_POINT ( 'NONE', #3928 ) ;
#5544 = CARTESIAN_POINT ( 'NONE',  ( 5.500000000000000000, 1.355252715606880500E-015, -0.5000000000000000000 ) ) ;
#5545 = LINE ( 'NONE', #1087, #1893 ) ;
#5546 = EDGE_CURVE ( 'NONE', #5521, #5183, #4223, .T. ) ;
#5547 = EDGE_LOOP ( 'NONE', ( #3169, #3823, #1346, #2611 ) ) ;
#5548 = CIRCLE ( 'NONE', #478, 0.2500000000000002200 ) ;
#5549 = DIRECTION ( 'NONE',  ( 0.0000000000000000000, 0.0000000000000000000, -1.000000000000000000 ) ) ;
#5550 = AXIS2_PLACEMENT_3D ( 'NONE', #3004, #5584, #7516 ) ;
#5551 = FACE_OUTER_BOUND ( 'NONE', #6595, .T. ) ;
#5552 = ORIENTED_EDGE ( 'NONE', *, *, #5529, .F. ) ;
#5553 = LINE ( 'NONE', #8001, #6700 ) ;
#5554 = CARTESIAN_POINT ( 'NONE',  ( 0.9500000000000005100, 0.2500000000000000000, 5.099999999999997900 ) ) ;
#5555 = EDGE_CURVE ( 'NONE', #6824, #6989, #7469, .T. ) ;
#5556 = EDGE_LOOP ( 'NONE', ( #7919, #3820, #7843, #5008 ) ) ;
#5557 = PRODUCT_RELATED_PRODUCT_CATEGORY ( 'part', '', ( #4169 ) ) ;
#5558 = ADVANCED_FACE ( 'NONE', ( #7953 ), #7457, .F. ) ;
#5559 = CARTESIAN_POINT ( 'NONE',  ( 3.131611045383195800, 0.3606199873797612500, -3.831917633101740200 ) ) ;
#5560 = VERTEX_POINT ( 'NONE', #302 ) ;
#5561 = ORIENTED_EDGE ( 'NONE', *, *, #475, .F. ) ;
#5562 = CARTESIAN_POINT ( 'NONE',  ( -6.000000000000000000, 4.400000000000000400, -3.000000000000000900 ) ) ;
#5563 = FACE_OUTER_BOUND ( 'NONE', #7722, .T. ) ;
#5564 = EDGE_CURVE ( 'NONE', #6168, #5100, #907, .T. ) ;
#5565 = DIRECTION ( 'NONE',  ( 0.5130781995407814900, -0.08715574274766144100, 0.8539055203370531400 ) ) ;
#5566 = CARTESIAN_POINT ( 'NONE',  ( 4.262132034355966300, -0.2499999999999989700, 2.449999999999999300 ) ) ;
#5567 = EDGE_CURVE ( 'NONE', #7593, #3910, #25, .T. ) ;
#5568 = DIRECTION ( 'NONE',  ( 1.000000000000000000, 1.668003342285397500E-016, 0.0000000000000000000 ) ) ;
#5569 = ORIENTED_EDGE ( 'NONE', *, *, #1516, .T. ) ;
#5570 = ORIENTED_EDGE ( 'NONE', *, *, #6156, .F. ) ;
#5571 = ORIENTED_EDGE ( 'NONE', *, *, #4806, .F. ) ;
#5572 = CARTESIAN_POINT ( 'NONE',  ( -3.580664191045922300, -4.815984494934301800, 3.748714540709024800 ) ) ;
#5573 = DIRECTION ( 'NONE',  ( -0.0000000000000000000, 0.0000000000000000000, 1.000000000000000000 ) ) ;
#5574 = MANIFOLD_SOLID_BREP ( 'Cut-Extrude4[1]', #7165 ) ;
#5575 = CARTESIAN_POINT ( 'NONE',  ( 2.809512942779163000, 0.0000000000000000000, 3.516619723965725500 ) ) ;
#5576 = DIRECTION ( 'NONE',  ( 0.8571673007021121100, -8.511960079772363500E-017, 0.5150380749100543800 ) ) ;
#5577 = ORIENTED_EDGE ( 'NONE', *, *, #6193, .T. ) ;
#5578 = ORIENTED_EDGE ( 'NONE', *, *, #4502, .T. ) ;
#5579 = CARTESIAN_POINT ( 'NONE',  ( -2.847265478254243000, 0.4000000000000004700, -3.962003905699266900 ) ) ;
#5580 = ORIENTED_EDGE ( 'NONE', *, *, #7070, .T. ) ;
#5581 = DIRECTION ( 'NONE',  ( -1.000000000000000000, -0.0000000000000000000, -0.0000000000000000000 ) ) ;
#5582 = ADVANCED_FACE ( 'NONE', ( #316 ), #6962, .F. ) ;
#5583 = EDGE_CURVE ( 'NONE', #2401, #5777, #523, .T. ) ;
#5584 = DIRECTION ( 'NONE',  ( 0.8571673007021132200, -9.757819552369539900E-016, 0.5150380749100526000 ) ) ;
#5585 = ORIENTED_EDGE ( 'NONE', *, *, #4426, .F. ) ;
#5586 = CARTESIAN_POINT ( 'NONE',  ( 4.999999999999999100, 5.000000000000000000, 5.000000000000000000 ) ) ;
#5587 = VERTEX_POINT ( 'NONE', #1461 ) ;
#5588 = CARTESIAN_POINT ( 'NONE',  ( -3.242819847682089300, 2.500000000000000000, 4.223712162953238400 ) ) ;
#5589 = DIRECTION ( 'NONE',  ( -0.7231295001038968700, 3.469446951953614200E-015, -0.6907124771418916600 ) ) ;
#5590 = AXIS2_PLACEMENT_3D ( 'NONE', #5118, #154, #4530 ) ;
#5591 = CARTESIAN_POINT ( 'NONE',  ( 4.011556637993665600, 0.3999999999999973600, 3.305486196285779300 ) ) ;
#5592 = DIRECTION ( 'NONE',  ( 6.938893903907226800E-015, 1.000000000000000000, 0.0000000000000000000 ) ) ;
#5593 = PLANE ( 'NONE',  #871 ) ;
#5594 = DIRECTION ( 'NONE',  ( -0.7071067811715977500, -0.7071067812014971700, -0.0000000000000000000 ) ) ;
#5595 = EDGE_CURVE ( 'NONE', #5560, #6925, #6866, .T. ) ;
#5596 = DIRECTION ( 'NONE',  ( 0.0000000000000000000, 0.0000000000000000000, -1.000000000000000000 ) ) ;
#5597 = DIRECTION ( 'NONE',  ( 1.000000000000000000, 0.0000000000000000000, 0.0000000000000000000 ) ) ;
#5598 = CARTESIAN_POINT ( 'NONE',  ( 0.9500000000000005100, 0.0000000000000000000, 5.099999999999997900 ) ) ;
#5599 = ORIENTED_EDGE ( 'NONE', *, *, #2286, .T. ) ;
#5600 = FACE_OUTER_BOUND ( 'NONE', #6535, .T. ) ;
#5601 = CARTESIAN_POINT ( 'NONE',  ( 2.709629837789714600, 0.3651377029009365600, 4.509581343798108900 ) ) ;
#5602 = ADVANCED_FACE ( 'NONE', ( #3449 ), #2062, .T. ) ;
#5603 = LINE ( 'NONE', #4013, #5974 ) ;
#5604 = CARTESIAN_POINT ( 'NONE',  ( -3.095770484169035000, 1.430431461867744300E-016, 3.803941088848799400 ) ) ;
#5605 = CARTESIAN_POINT ( 'NONE',  ( 2.923930037893719600, 3.129497198328494300, 4.082212978245660700 ) ) ;
#5606 = CARTESIAN_POINT ( 'NONE',  ( -2.161531637692554900, 0.2499999999999998300, -4.374034365627315100 ) ) ;
#5607 = EDGE_CURVE ( 'NONE', #2686, #945, #5359, .T. ) ;
#5608 = B_SPLINE_CURVE_WITH_KNOTS ( 'NONE', 3,
 ( #3433, #6560, #4133, #7196, #916, #7137 ),
 .UNSPECIFIED., .F., .F.,
 ( 4, 2, 4 ),
 ( 0.0000000000000000000, 0.5000000000000000000, 1.000000000000000000 ),
 .UNSPECIFIED. ) ;
#5609 = VERTEX_POINT ( 'NONE', #7766 ) ;
#5610 = FACE_OUTER_BOUND ( 'NONE', #1425, .T. ) ;
#5611 = VECTOR ( 'NONE', #5576, 1000.000000000000100 ) ;
#5612 = ORIENTED_EDGE ( 'NONE', *, *, #2568, .T. ) ;
#5613 = EDGE_CURVE ( 'NONE', #4835, #7736, #7056, .T. ) ;
#5614 = CARTESIAN_POINT ( 'NONE',  ( 1.935716730070210900, 0.2500000000000000000, 3.998215248062571400 ) ) ;
#5615 = CARTESIAN_POINT ( 'NONE',  ( 4.242640687119284800, 0.0000000000000000000, -4.242640687119284800 ) ) ;
#5616 = DIRECTION ( 'NONE',  ( 0.4994745683111421800, 0.6907124771418916600, -0.5229162739205101000 ) ) ;
#5617 = EDGE_LOOP ( 'NONE', ( #5683, #3334, #8011, #6503 ) ) ;
#5618 = FACE_OUTER_BOUND ( 'NONE', #3714, .T. ) ;
#5619 = DIRECTION ( 'NONE',  ( 1.000000000000000000, 0.0000000000000000000, 0.0000000000000000000 ) ) ;
#5620 = VECTOR ( 'NONE', #417, 1000.000000000000100 ) ;
#5621 = DIRECTION ( 'NONE',  ( -1.000000000000000000, 0.0000000000000000000, 0.0000000000000000000 ) ) ;
#5622 = ORIENTED_EDGE ( 'NONE', *, *, #3134, .F. ) ;
#5623 = ORIENTED_EDGE ( 'NONE', *, *, #7737, .T. ) ;
#5624 = ADVANCED_FACE ( 'NONE', ( #1756 ), #7630, .F. ) ;
#5625 = VECTOR ( 'NONE', #5270, 1000.000000000000100 ) ;
#5626 = CIRCLE ( 'NONE', #1624, 0.2500000000000002200 ) ;
#5627 = CARTESIAN_POINT ( 'NONE',  ( -2.366762917508867600, 0.3651377029009353300, -4.715596573762137900 ) ) ;
#5628 = CARTESIAN_POINT ( 'NONE',  ( 0.0000000000000000000, 0.0000000000000000000, 0.0000000000000000000 ) ) ;
#5629 = CARTESIAN_POINT ( 'NONE',  ( 3.130470514038336600, 0.3217020011855076200, 3.842574226663953300 ) ) ;
#5630 = ORIENTED_EDGE ( 'NONE', *, *, #7414, .T. ) ;
#5631 = VECTOR ( 'NONE', #1835, 1000.000000000000000 ) ;
#5632 = CARTESIAN_POINT ( 'NONE',  ( 0.0000000000000000000, 4.400000000000000400, 3.000000000000000000 ) ) ;
#5633 = CARTESIAN_POINT ( 'NONE',  ( 3.000000000000000000, 4.400000000000000400, 0.0000000000000000000 ) ) ;
#5634 = CARTESIAN_POINT ( 'NONE',  ( 2.738802264660508400, 0.0000000000000000000, 3.587330402084381900 ) ) ;
#5635 = VECTOR ( 'NONE', #1503, 1000.000000000000000 ) ;
#5636 = CYLINDRICAL_SURFACE ( 'NONE', #7293, 0.3999999999999999100 ) ;
#5637 = VECTOR ( 'NONE', #6344, 1000.000000000000000 ) ;
#5638 = CARTESIAN_POINT ( 'NONE',  ( 2.939196074080898700, 0.7191252243511374600, -4.115002110133894500 ) ) ;
#5639 = CARTESIAN_POINT ( 'NONE',  ( 2.161531637692522900, 2.710505431213761100E-016, -4.374034365627326600 ) ) ;
#5640 = ORIENTED_EDGE ( 'NONE', *, *, #5595, .F. ) ;
#5641 = VECTOR ( 'NONE', #1939, 1000.000000000000100 ) ;
#5642 = LINE ( 'NONE', #4266, #6891 ) ;
#5643 = CARTESIAN_POINT ( 'NONE',  ( 3.000000000000000000, 4.400000000000000400, -4.399502812818740300 ) ) ;
#5644 = ADVANCED_FACE ( 'NONE', ( #5324 ), #2791, .T. ) ;
#5645 = EDGE_CURVE ( 'NONE', #7677, #776, #2671, .T. ) ;
#5646 = DIRECTION ( 'NONE',  ( 0.0000000000000000000, 1.000000000000000000, -0.0000000000000000000 ) ) ;
#5647 = CARTESIAN_POINT ( 'NONE',  ( 0.0000000000000000000, 4.400000000000000400, 0.0000000000000000000 ) ) ;
#5648 = LINE ( 'NONE', #5896, #1990 ) ;
#5649 = AXIS2_PLACEMENT_3D ( 'NONE', #6330, #6879, #3872 ) ;
#5650 = VERTEX_POINT ( 'NONE', #4206 ) ;
#5651 = VECTOR ( 'NONE', #789, 1000.000000000000000 ) ;
#5652 = PLANE ( 'NONE',  #122 ) ;
#5653 = ORIENTED_EDGE ( 'NONE', *, *, #2161, .F. ) ;
#5654 = VERTEX_POINT ( 'NONE', #6654 ) ;
#5655 = DIRECTION ( 'NONE',  ( -0.7231295001038955400, 0.0000000000000000000, -0.6907124771418929900 ) ) ;
#5656 = EDGE_CURVE ( 'NONE', #693, #755, #3260, .T. ) ;
#5657 = DIRECTION ( 'NONE',  ( 0.0000000000000000000, 0.0000000000000000000, -1.000000000000000000 ) ) ;
#5658 = ORIENTED_EDGE ( 'NONE', *, *, #5165, .F. ) ;
#5659 = ORIENTED_EDGE ( 'NONE', *, *, #2966, .F. ) ;
#5661 = VECTOR ( 'NONE', #4665, 1000.000000000000000 ) ;
#5660 = DIRECTION ( 'NONE',  ( 1.000000000000000000, 0.0000000000000000000, -0.0000000000000000000 ) ) ;
#5662 = DIRECTION ( 'NONE',  ( -1.000000000000000000, 0.0000000000000000000, 9.334688547309180300E-012 ) ) ;
#5663 = DIRECTION ( 'NONE',  ( 0.0000000000000000000, 0.0000000000000000000, -1.000000000000000000 ) ) ;
#5664 = CARTESIAN_POINT ( 'NONE',  ( 0.0000000000000000000, 5.449999999999999300, 0.0000000000000000000 ) ) ;
#5665 = EDGE_CURVE ( 'NONE', #5850, #6982, #7338, .T. ) ;
#5666 = EDGE_LOOP ( 'NONE', ( #6516, #8028, #2733, #6529 ) ) ;
#5667 = ORIENTED_EDGE ( 'NONE', *, *, #366, .F. ) ;
#5668 = ADVANCED_FACE ( 'NONE', ( #1014 ), #1666, .T. ) ;
#5669 = ORIENTED_EDGE ( 'NONE', *, *, #3634, .F. ) ;
#5670 = ORIENTED_EDGE ( 'NONE', *, *, #4675, .F. ) ;
#5671 = VECTOR ( 'NONE', #5825, 1000.000000000000100 ) ;
#5672 = EDGE_CURVE ( 'NONE', #6939, #1609, #2872, .T. ) ;
#5673 = AXIS2_PLACEMENT_3D ( 'NONE', #3856, #4533, #3274 ) ;
#5674 = CARTESIAN_POINT ( 'NONE',  ( -2.738802264660499500, 0.0000000000000000000, -3.587330402084368600 ) ) ;
#5675 = ORIENTED_EDGE ( 'NONE', *, *, #7980, .T. ) ;
#5676 = DIRECTION ( 'NONE',  ( 0.0000000000000000000, 0.0000000000000000000, -1.000000000000000000 ) ) ;
#5677 = ORIENTED_EDGE ( 'NONE', *, *, #2661, .F. ) ;
#5678 = ORIENTED_EDGE ( 'NONE', *, *, #5555, .F. ) ;
#5679 = DIRECTION ( 'NONE',  ( 0.0000000000000000000, -1.000000000000000000, 0.0000000000000000000 ) ) ;
#5680 = EDGE_CURVE ( 'NONE', #7248, #570, #7459, .T. ) ;
#5681 = CARTESIAN_POINT ( 'NONE',  ( 2.000000000000000000, 0.05000000000000000300, -2.500000000000000000 ) ) ;
#5682 = ORIENTED_EDGE ( 'NONE', *, *, #6397, .F. ) ;
#5683 = ORIENTED_EDGE ( 'NONE', *, *, #43, .T. ) ;
#5684 = CARTESIAN_POINT ( 'NONE',  ( 2.809512942779026200, 0.0000000000000000000, -3.516619723965565700 ) ) ;
#5685 = AXIS2_PLACEMENT_3D ( 'NONE', #3430, #4654, #5882 ) ;
#5686 = ORIENTED_EDGE ( 'NONE', *, *, #886, .T. ) ;
#5687 = VERTEX_POINT ( 'NONE', #1016 ) ;
#5688 = CARTESIAN_POINT ( 'NONE',  ( 1.850000000000001000, 0.0000000000000000000, 4.049719055553578300 ) ) ;
#5689 = ORIENTED_EDGE ( 'NONE', *, *, #2874, .T. ) ;
#5690 = CARTESIAN_POINT ( 'NONE',  ( -1.935716730070210100, 0.0000000000000000000, 3.998215248062631400 ) ) ;
#5691 = ADVANCED_FACE ( 'NONE', ( #6972 ), #4556, .T. ) ;
#5692 = CARTESIAN_POINT ( 'NONE',  ( -3.842574226663948000, 0.3217020011855079600, 3.130470514038335800 ) ) ;
#5693 = CARTESIAN_POINT ( 'NONE',  ( -5.750000000000000000, 0.0000000000000000000, 2.449999999999999300 ) ) ;
#5694 = ORIENTED_EDGE ( 'NONE', *, *, #1387, .F. ) ;
#5695 = ORIENTED_EDGE ( 'NONE', *, *, #7088, .T. ) ;
#5696 = EDGE_CURVE ( 'NONE', #5793, #3105, #6176, .T. ) ;
#5697 = DIRECTION ( 'NONE',  ( 0.0000000000000000000, 0.0000000000000000000, -1.000000000000000000 ) ) ;
#5698 = DIRECTION ( 'NONE',  ( -0.0000000000000000000, 0.0000000000000000000, 1.000000000000000000 ) ) ;
#5699 = AXIS2_PLACEMENT_3D ( 'NONE', #3625, #407, #2929 ) ;
#5700 = CARTESIAN_POINT ( 'NONE',  ( -4.262132034355966300, -0.1000000000000001000, 2.449999999999999300 ) ) ;
#5701 = CARTESIAN_POINT ( 'NONE',  ( -2.918057294831143200, 0.0000000000000000000, -4.079821273546523100 ) ) ;
#5702 = EDGE_CURVE ( 'NONE', #1148, #6234, #7167, .T. ) ;
#5703 = VECTOR ( 'NONE', #5581, 1000.000000000000000 ) ;
#5704 = PLANE ( 'NONE',  #2720 ) ;
#5705 = LINE ( 'NONE', #6532, #4910 ) ;
#5706 = DIRECTION ( 'NONE',  ( 0.0000000000000000000, -1.000000000000000000, 0.0000000000000000000 ) ) ;
#5707 = CARTESIAN_POINT ( 'NONE',  ( 4.200000000000002000, -0.4999999999999989500, 2.449999999999999300 ) ) ;
#5708 = CARTESIAN_POINT ( 'NONE',  ( -6.000000000000000000, 5.000000000000000000, -6.000000000000000000 ) ) ;
#5709 = ORIENTED_EDGE ( 'NONE', *, *, #5308, .F. ) ;
#5710 = FACE_OUTER_BOUND ( 'NONE', #3824, .T. ) ;
#5711 = CARTESIAN_POINT ( 'NONE',  ( 3.580664191045925400, -4.815984494934301800, -3.748714540709022100 ) ) ;
#5712 = FACE_OUTER_BOUND ( 'NONE', #2424, .T. ) ;
#5713 = DIRECTION ( 'NONE',  ( 0.0000000000000000000, 0.0000000000000000000, 1.000000000000000000 ) ) ;
#5714 = APPLICATION_PROTOCOL_DEFINITION ( 'draft international standard', 'automotive_design', 1998, #1312 ) ;
#5715 = EDGE_CURVE ( 'NONE', #3280, #4124, #1005, .T. ) ;
#5716 = AXIS2_PLACEMENT_3D ( 'NONE', #4270, #1754, #2179 ) ;
#5717 = ORIENTED_EDGE ( 'NONE', *, *, #6292, .T. ) ;
#5718 = FACE_OUTER_BOUND ( 'NONE', #5058, .T. ) ;
#5719 = FACE_OUTER_BOUND ( 'NONE', #5842, .T. ) ;
#5720 = EDGE_CURVE ( 'NONE', #4001, #1148, #5141, .T. ) ;
#5721 = ADVANCED_FACE ( 'NONE', ( #3272 ), #7211, .T. ) ;
#5722 = ORIENTED_EDGE ( 'NONE', *, *, #5470, .F. ) ;
#5723 = VERTEX_POINT ( 'NONE', #3504 ) ;
#5724 = VECTOR ( 'NONE', #3782, 1000.000000000000000 ) ;
#5725 = VECTOR ( 'NONE', #3742, 1000.000000000000100 ) ;
#5727 = LINE ( 'NONE', #5643, #6095 ) ;
#5726 = CARTESIAN_POINT ( 'NONE',  ( -6.717514421272220200, 0.0000000000000000000, 6.010407640085649200 ) ) ;
#5728 = VERTEX_POINT ( 'NONE', #7318 ) ;
#5729 = LINE ( 'NONE', #7023, #2378 ) ;
#5730 = DIRECTION ( 'NONE',  ( 0.0000000000000000000, 1.000000000000000000, 0.0000000000000000000 ) ) ;
#5731 = ORIENTED_EDGE ( 'NONE', *, *, #756, .F. ) ;
#5732 = VECTOR ( 'NONE', #2774, 1000.000000000000000 ) ;
#5733 = VERTEX_POINT ( 'NONE', #5427 ) ;
#5734 = LINE ( 'NONE', #1274, #4382 ) ;
#5735 = DIRECTION ( 'NONE',  ( -0.0000000000000000000, -1.000000000000000000, -0.0000000000000000000 ) ) ;
#5736 = EDGE_CURVE ( 'NONE', #2364, #3606, #1201, .T. ) ;
#5737 = ORIENTED_EDGE ( 'NONE', *, *, #1670, .T. ) ;
#5738 = AXIS2_PLACEMENT_3D ( 'NONE', #5988, #4160, #6664 ) ;
#5739 = CARTESIAN_POINT ( 'NONE',  ( -3.974731920451519200, 2.725251141633875400, -3.344039198394405800 ) ) ;
#5740 = VECTOR ( 'NONE', #3717, 1000.000000000000000 ) ;
#5741 = ORIENTED_EDGE ( 'NONE', *, *, #5214, .T. ) ;
#5742 = CYLINDRICAL_SURFACE ( 'NONE', #2293, 0.09999999999999982500 ) ;
#5743 = CARTESIAN_POINT ( 'NONE',  ( 3.104712412919693700, 3.129497198328494300, 4.254891097531134000 ) ) ;
#5744 = CARTESIAN_POINT ( 'NONE',  ( 3.080172222182912600, 4.170189603414772100, 3.918637921533636000 ) ) ;
#5745 = DIRECTION ( 'NONE',  ( -0.5150380749100604800, 0.0000000000000000000, -0.8571673007021085600 ) ) ;
#5746 = LINE ( 'NONE', #6915, #3683 ) ;
#5747 = EDGE_CURVE ( 'NONE', #6933, #1445, #3072, .T. ) ;
#5748 = CARTESIAN_POINT ( 'NONE',  ( -3.368376543254079100, 4.193111900177108000, 3.951485589396473800 ) ) ;
#5749 = ORIENTED_EDGE ( 'NONE', *, *, #2789, .F. ) ;
#5750 = LINE ( 'NONE', #5916, #6909 ) ;
#5751 = ORIENTED_EDGE ( 'NONE', *, *, #959, .T. ) ;
#5752 = ORIENTED_EDGE ( 'NONE', *, *, #1594, .T. ) ;
#5753 = AXIS2_PLACEMENT_3D ( 'NONE', #7553, #2594, #1944 ) ;
#5754 = DIRECTION ( 'NONE',  ( -1.000000000000000000, -1.668003342285397200E-016, 0.0000000000000000000 ) ) ;
#5755 = ORIENTED_EDGE ( 'NONE', *, *, #707, .F. ) ;
#5756 = EDGE_LOOP ( 'NONE', ( #5459, #2595, #6451, #2019 ) ) ;
#5757 = CARTESIAN_POINT ( 'NONE',  ( -3.729145877938738100, 0.2500000000000000000, -3.022039096752199900 ) ) ;
#5758 =( LENGTH_UNIT ( ) NAMED_UNIT ( * ) SI_UNIT ( .MILLI., .METRE. ) );
#5759 = EDGE_CURVE ( 'NONE', #7593, #1163, #6383, .T. ) ;
#5760 = VERTEX_POINT ( 'NONE', #4254 ) ;
#5761 = ORIENTED_EDGE ( 'NONE', *, *, #6758, .F. ) ;
#5762 = SURFACE_STYLE_USAGE ( .BOTH. , #149 ) ;
#5763 = AXIS2_PLACEMENT_3D ( 'NONE', #6874, #1887, #6936 ) ;
#5764 = ADVANCED_FACE ( 'NONE', ( #326 ), #7669, .F. ) ;
#5765 = ORIENTED_EDGE ( 'NONE', *, *, #5021, .F. ) ;
#5766 = ORIENTED_EDGE ( 'NONE', *, *, #6952, .F. ) ;
#5767 = EDGE_LOOP ( 'NONE', ( #6808, #5432, #3068, #3989 ) ) ;
#5768 = DIRECTION ( 'NONE',  ( 1.000000000000000000, 0.0000000000000000000, 0.0000000000000000000 ) ) ;
#5769 = EDGE_CURVE ( 'NONE', #4896, #2384, #8053, .T. ) ;
#5770 = CARTESIAN_POINT ( 'NONE',  ( -4.242640687119284800, 0.0000000000000000000, -5.242640687119286500 ) ) ;
#5771 = DIRECTION ( 'NONE',  ( -1.000000000000000000, 0.0000000000000000000, 3.633378320433423100E-011 ) ) ;
#5772 = EDGE_LOOP ( 'NONE', ( #3328, #4694, #480, #6508 ) ) ;
#5773 = EDGE_LOOP ( 'NONE', ( #6841, #2317, #5038, #4519 ) ) ;
#5774 = ORIENTED_EDGE ( 'NONE', *, *, #2689, .F. ) ;
#5775 = DIRECTION ( 'NONE',  ( -0.0000000000000000000, 1.000000000000000000, -0.0000000000000000000 ) ) ;
#5776 = ORIENTED_EDGE ( 'NONE', *, *, #5287, .T. ) ;
#5777 = VERTEX_POINT ( 'NONE', #6085 ) ;
#5778 = DIRECTION ( 'NONE',  ( 0.0000000000000000000, 1.000000000000000000, 0.0000000000000000000 ) ) ;
#5779 = AXIS2_PLACEMENT_3D ( 'NONE', #887, #5213, #3405 ) ;
#5780 = DIRECTION ( 'NONE',  ( 0.0000000000000000000, -1.000000000000000000, 0.0000000000000000000 ) ) ;
#5781 = VERTEX_POINT ( 'NONE', #4874 ) ;
#5782 = CARTESIAN_POINT ( 'NONE',  ( 0.0000000000000000000, 4.400000000000000400, 0.0000000000000000000 ) ) ;
#5783 = CARTESIAN_POINT ( 'NONE',  ( -5.499999999999998200, -0.2500000000000001700, -2.450000000000001100 ) ) ;
#5784 = DIRECTION ( 'NONE',  ( -0.7071067812014971700, 0.7071067811715977500, 1.593520205958698400E-011 ) ) ;
#5785 = LINE ( 'NONE', #7859, #1367 ) ;
#5786 = LINE ( 'NONE', #794, #1559 ) ;
#5787 = EDGE_CURVE ( 'NONE', #1049, #6168, #3059, .T. ) ;
#5788 =( NAMED_UNIT ( * ) PLANE_ANGLE_UNIT ( ) SI_UNIT ( $, .RADIAN. ) );
#5789 = ADVANCED_FACE ( 'NONE', ( #5983 ), #2986, .T. ) ;
#5790 = DIRECTION ( 'NONE',  ( -0.0000000000000000000, 1.000000000000000000, -0.0000000000000000000 ) ) ;
#5791 = LINE ( 'NONE', #4317, #3053 ) ;
#5792 = FACE_OUTER_BOUND ( 'NONE', #4377, .T. ) ;
#5793 = VERTEX_POINT ( 'NONE', #4318 ) ;
#5794 = CARTESIAN_POINT ( 'NONE',  ( 0.0000000000000000000, 5.000000000000000000, 0.0000000000000000000 ) ) ;
#5795 = VERTEX_POINT ( 'NONE', #6165 ) ;
#5796 = EDGE_CURVE ( 'NONE', #1991, #137, #8064, .T. ) ;
#5797 = VECTOR ( 'NONE', #1044, 1000.000000000000100 ) ;
#5798 = CARTESIAN_POINT ( 'NONE',  ( 0.0000000000000000000, 1.499999999999997100, 0.0000000000000000000 ) ) ;
#5799 = VECTOR ( 'NONE', #1359, 1000.000000000000000 ) ;
#5800 = VECTOR ( 'NONE', #3844, 1000.000000000000000 ) ;
#5801 = CARTESIAN_POINT ( 'NONE',  ( 1.850000000000000100, 0.2500000000000000000, -4.049719055553643100 ) ) ;
#5802 = AXIS2_PLACEMENT_3D ( 'NONE', #3470, #6000, #7832 ) ;
#5803 = DIRECTION ( 'NONE',  ( 0.0000000000000000000, 0.0000000000000000000, 1.000000000000000000 ) ) ;
#5804 = ORIENTED_EDGE ( 'NONE', *, *, #121, .T. ) ;
#5805 = SURFACE_STYLE_FILL_AREA ( #3367 ) ;
#5806 = PLANE ( 'NONE',  #7094 ) ;
#5807 = ORIENTED_EDGE ( 'NONE', *, *, #1276, .T. ) ;
#5808 = LINE ( 'NONE', #5913, #6759 ) ;
#5809 = DIRECTION ( 'NONE',  ( 0.0000000000000000000, -1.000000000000000000, 0.0000000000000000000 ) ) ;
#5810 = FACE_OUTER_BOUND ( 'NONE', #1050, .T. ) ;
#5811 = EDGE_CURVE ( 'NONE', #7322, #2205, #4732, .T. ) ;
#5812 = VECTOR ( 'NONE', #5996, 1000.000000000000000 ) ;
#5813 = AXIS2_PLACEMENT_3D ( 'NONE', #3912, #4425, #3832 ) ;
#5814 = VERTEX_POINT ( 'NONE', #3726 ) ;
#5815 = CIRCLE ( 'NONE', #3722, 0.4000000000000001300 ) ;
#5816 = ORIENTED_EDGE ( 'NONE', *, *, #3526, .T. ) ;
#5817 = VECTOR ( 'NONE', #4273, 1000.000000000000000 ) ;
#5818 = VECTOR ( 'NONE', #3319, 1000.000000000000000 ) ;
#5819 = EDGE_CURVE ( 'NONE', #4469, #4212, #2892, .T. ) ;
#5820 = DIRECTION ( 'NONE',  ( 8.031127203596331800E-017, 6.697973508958929100E-033, 1.000000000000000000 ) ) ;
#5821 = LINE ( 'NONE', #1793, #2283 ) ;
#5822 = AXIS2_PLACEMENT_3D ( 'NONE', #861, #831, #2071 ) ;
#5823 = CARTESIAN_POINT ( 'NONE',  ( -2.161531637692524200, 0.3999999999999994700, 4.374034365627326600 ) ) ;
#5824 = ORIENTED_EDGE ( 'NONE', *, *, #1880, .F. ) ;
#5825 = DIRECTION ( 'NONE',  ( 0.04488852596211171500, -0.9961946980917452100, 0.07470705275170172500 ) ) ;
#5826 = LINE ( 'NONE', #655, #1597 ) ;
#5827 = VECTOR ( 'NONE', #2238, 1000.000000000000100 ) ;
#5828 = DIRECTION ( 'NONE',  ( 0.7231295001038969800, 0.0000000000000000000, 0.6907124771418915500 ) ) ;
#5829 = CARTESIAN_POINT ( 'NONE',  ( 2.653085534590297700, 0.2500000000000000000, 3.638834209575387400 ) ) ;
#5830 = CARTESIAN_POINT ( 'NONE',  ( 6.000000000000000000, 1.355252715606880500E-015, 2.449999999999999300 ) ) ;
#5831 = ADVANCED_FACE ( 'NONE', ( #6576 ), #5993, .F. ) ;
#5832 = FACE_OUTER_BOUND ( 'NONE', #7610, .T. ) ;
#5833 = ORIENTED_EDGE ( 'NONE', *, *, #6634, .T. ) ;
#5834 = FACE_OUTER_BOUND ( 'NONE', #4596, .T. ) ;
#5835 = EDGE_CURVE ( 'NONE', #776, #7439, #4366, .T. ) ;
#5836 = PLANE ( 'NONE',  #6660 ) ;
#5837 = EDGE_LOOP ( 'NONE', ( #4973, #2953, #5182, #6920 ) ) ;
#5838 = VERTEX_POINT ( 'NONE', #5502 ) ;
#5839 = CARTESIAN_POINT ( 'NONE',  ( -3.729145877938738100, 0.2500000000000000000, -3.022039096752199900 ) ) ;
#5840 = AXIS2_PLACEMENT_3D ( 'NONE', #520, #7519, #628 ) ;
#5841 = CARTESIAN_POINT ( 'NONE',  ( 2.161531637692523800, 0.4000000000000004700, -4.374034365627328400 ) ) ;
#5842 = EDGE_LOOP ( 'NONE', ( #2834, #4512, #5101, #7718 ) ) ;
#5843 = DIRECTION ( 'NONE',  ( 0.4994745683111422300, -0.6907124771418926600, -0.5229162739205087700 ) ) ;
#5844 = EDGE_LOOP ( 'NONE', ( #2904, #1353, #6150, #2936 ) ) ;
#5845 = ORIENTED_EDGE ( 'NONE', *, *, #6042, .F. ) ;
#5846 = VERTEX_POINT ( 'NONE', #3040 ) ;
#5847 = CARTESIAN_POINT ( 'NONE',  ( 0.0000000000000000000, 0.2500000000000000000, 0.0000000000000000000 ) ) ;
#5848 = EDGE_CURVE ( 'NONE', #693, #5884, #2663, .T. ) ;
#5849 = VERTEX_POINT ( 'NONE', #3096 ) ;
#5850 = VERTEX_POINT ( 'NONE', #3604 ) ;
#5851 = ORIENTED_EDGE ( 'NONE', *, *, #7136, .T. ) ;
#5852 = AXIS2_PLACEMENT_3D ( 'NONE', #1925, #6259, #1252 ) ;
#5853 = ORIENTED_EDGE ( 'NONE', *, *, #7461, .T. ) ;
#5854 = CARTESIAN_POINT ( 'NONE',  ( 1.749999999999999600, 0.0000000000000000000, -7.199999999999999300 ) ) ;
#5855 = ORIENTED_EDGE ( 'NONE', *, *, #1080, .F. ) ;
#5856 = VERTEX_POINT ( 'NONE', #5562 ) ;
#5857 = DIRECTION ( 'NONE',  ( -0.01583271637848232900, 0.9997372496366935300, 0.01657578899896328100 ) ) ;
#5858 = ORIENTED_EDGE ( 'NONE', *, *, #7817, .T. ) ;
#5859 = EDGE_CURVE ( 'NONE', #7408, #4965, #4152, .T. ) ;
#5860 = VERTEX_POINT ( 'NONE', #6140 ) ;
#5861 = CARTESIAN_POINT ( 'NONE',  ( 5.500000000000000000, 1.355252715606880500E-015, -2.450000000000001100 ) ) ;
#5862 = ORIENTED_EDGE ( 'NONE', *, *, #1780, .T. ) ;
#5863 = AXIS2_PLACEMENT_3D ( 'NONE', #983, #4141, #3520 ) ;
#5864 = ORIENTED_EDGE ( 'NONE', *, *, #3754, .F. ) ;
#5865 = ORIENTED_EDGE ( 'NONE', *, *, #1880, .T. ) ;
#5866 = CARTESIAN_POINT ( 'NONE',  ( 2.847265478254241300, 1.301042606982605300E-015, 3.962003905699266900 ) ) ;
#5867 = EDGE_LOOP ( 'NONE', ( #4116, #6130, #6541, #6030 ) ) ;
#5868 = EDGE_CURVE ( 'NONE', #6819, #6989, #126, .T. ) ;
#5869 = ADVANCED_FACE ( 'NONE', ( #7660 ), #527, .T. ) ;
#5870 = CARTESIAN_POINT ( 'NONE',  ( 0.0000000000000000000, 5.000000000000000000, 0.0000000000000000000 ) ) ;
#5871 = DIRECTION ( 'NONE',  ( -0.0000000000000000000, 1.000000000000000000, -0.0000000000000000000 ) ) ;
#5872 = CARTESIAN_POINT ( 'NONE',  ( 3.398528137423843600, 0.2500000000000000000, 2.549999999999999400 ) ) ;
#5873 = CARTESIAN_POINT ( 'NONE',  ( -3.770703214370494800, 4.193111900177109800, -3.195698423968609300 ) ) ;
#5874 = EDGE_CURVE ( 'NONE', #2903, #2003, #1191, .T. ) ;
#5875 = AXIS2_PLACEMENT_3D ( 'NONE', #2756, #1543, #986 ) ;
#5876 = CARTESIAN_POINT ( 'NONE',  ( -3.186957102127514000, 0.04310923855607552700, -3.891963098134026700 ) ) ;
#5877 = CARTESIAN_POINT ( 'NONE',  ( 2.924227208185330000, 0.3869266385878510900, -4.090089733749843900 ) ) ;
#5878 = VECTOR ( 'NONE', #7337, 1000.000000000000000 ) ;
#5879 = CARTESIAN_POINT ( 'NONE',  ( 3.368376543254078200, 4.193111900177085800, -3.951485589396475500 ) ) ;
#5880 = AXIS2_PLACEMENT_3D ( 'NONE', #901, #4057, #4031 ) ;
#5881 = DIRECTION ( 'NONE',  ( 0.5130781995407737200, 0.08715574274766198200, -0.8539055203370578000 ) ) ;
#5882 = DIRECTION ( 'NONE',  ( 0.4994745683111419000, 0.6907124771418917700, -0.5229162739205103200 ) ) ;
#5883 = CARTESIAN_POINT ( 'NONE',  ( -3.305486196285771300, 0.4000000000000010200, 4.011556637993668200 ) ) ;
#5884 = VERTEX_POINT ( 'NONE', #6878 ) ;
#5885 = EDGE_CURVE ( 'NONE', #5930, #939, #6767, .T. ) ;
#5886 = VECTOR ( 'NONE', #3342, 1000.000000000000000 ) ;
#5887 = DIRECTION ( 'NONE',  ( -1.000000000000000000, -0.0000000000000000000, -0.0000000000000000000 ) ) ;
#5888 = DIRECTION ( 'NONE',  ( 0.6907124771418927700, 3.491481338843133400E-015, -0.7231295001038959800 ) ) ;
#5889 = FACE_OUTER_BOUND ( 'NONE', #1639, .T. ) ;
#5890 = VERTEX_POINT ( 'NONE', #1 ) ;
#5891 = AXIS2_PLACEMENT_3D ( 'NONE', #2072, #4075, #7078 ) ;
#5892 = ORIENTED_EDGE ( 'NONE', *, *, #2982, .T. ) ;
#5893 = EDGE_LOOP ( 'NONE', ( #4356, #3021, #2633, #6615 ) ) ;
#5894 = LINE ( 'NONE', #5509, #5225 ) ;
#5895 = LINE ( 'NONE', #4064, #7361 ) ;
#5896 = CARTESIAN_POINT ( 'NONE',  ( 0.0000000000000000000, 0.0000000000000000000, -4.925000000000000700 ) ) ;
#5897 = CARTESIAN_POINT ( 'NONE',  ( -1.750000000000001600, 0.2500000000000000000, -5.100000000000001400 ) ) ;
#5898 = EDGE_CURVE ( 'NONE', #753, #6627, #7363, .T. ) ;
#5899 = ORIENTED_EDGE ( 'NONE', *, *, #348, .F. ) ;
#5900 = LINE ( 'NONE', #695, #1113 ) ;
#5901 = ORIENTED_EDGE ( 'NONE', *, *, #196, .F. ) ;
#5902 = CARTESIAN_POINT ( 'NONE',  ( 2.847265478254240400, 0.4000000000000009700, 3.962003905699266000 ) ) ;
#5903 = DIRECTION ( 'NONE',  ( -0.7071067811865487900, -0.0000000000000000000, 0.7071067811865463500 ) ) ;
#5904 = CARTESIAN_POINT ( 'NONE',  ( -3.773755947015231100, 0.2499999999999998900, 3.065585346850874200 ) ) ;
#5905 = VECTOR ( 'NONE', #4921, 1000.000000000000000 ) ;
#5906 = EDGE_CURVE ( 'NONE', #6827, #2018, #2168, .T. ) ;
#5907 = UNCERTAINTY_MEASURE_WITH_UNIT (LENGTH_MEASURE( 1.000000000000000100E-005 ), #5184, 'distance_accuracy_value', 'NONE');
#5908 = CIRCLE ( 'NONE', #7133, 0.09999999999999982500 ) ;
#5909 = FACE_OUTER_BOUND ( 'NONE', #2827, .T. ) ;
#5910 = CARTESIAN_POINT ( 'NONE',  ( -3.534314575036434600, -0.1500000000000000200, 26.95000000000126800 ) ) ;
#5911 = ORIENTED_EDGE ( 'NONE', *, *, #2325, .T. ) ;
#5912 = VECTOR ( 'NONE', #6483, 1000.000000000000000 ) ;
#5913 = CARTESIAN_POINT ( 'NONE',  ( 5.750000000000000000, 0.5371092495122262700, -2.450000000000001100 ) ) ;
#5914 = CYLINDRICAL_SURFACE ( 'NONE', #6449, 0.09999999999999982500 ) ;
#5915 = DIRECTION ( 'NONE',  ( -0.0000000000000000000, -1.000000000000000000, -0.0000000000000000000 ) ) ;
#5916 = CARTESIAN_POINT ( 'NONE',  ( -3.770703214370494800, 4.193111900177109800, -3.195698423968609300 ) ) ;
#5917 = DIRECTION ( 'NONE',  ( 0.7231295001038959800, 3.497202527569243100E-015, 0.6907124771418926600 ) ) ;
#5918 = ADVANCED_FACE ( 'NONE', ( #4061 ), #1248, .T. ) ;
#5919 = AXIS2_PLACEMENT_3D ( 'NONE', #4303, #6721, #6018 ) ;
#5920 = ORIENTED_EDGE ( 'NONE', *, *, #6453, .T. ) ;
#5921 = ORIENTED_EDGE ( 'NONE', *, *, #366, .T. ) ;
#5922 = DIRECTION ( 'NONE',  ( 0.7231295001038967600, -3.491481338843133000E-015, 0.6907124771418916600 ) ) ;
#5923 = EDGE_CURVE ( 'NONE', #7091, #918, #5524, .T. ) ;
#5924 = CARTESIAN_POINT ( 'NONE',  ( 4.242640687119284800, 0.0000000000000000000, -5.242640687119286500 ) ) ;
#5925 = LINE ( 'NONE', #5418, #6990 ) ;
#5926 = ORIENTED_EDGE ( 'NONE', *, *, #6971, .T. ) ;
#5927 = FACE_BOUND ( 'NONE', #1304, .T. ) ;
#5928 = DIRECTION ( 'NONE',  ( -0.8571673007021122200, 8.511960079772363500E-017, -0.5150380749100543800 ) ) ;
#5929 = FACE_OUTER_BOUND ( 'NONE', #798, .T. ) ;
#5930 = VERTEX_POINT ( 'NONE', #5048 ) ;
#5931 = CARTESIAN_POINT ( 'NONE',  ( -6.000000000000000000, -2.168404344971008900E-016, -0.5000000000000000000 ) ) ;
#5932 = DIRECTION ( 'NONE',  ( 0.0000000000000000000, 1.000000000000000000, 0.0000000000000000000 ) ) ;
#5933 = DIRECTION ( 'NONE',  ( 0.7231295001038967600, -3.491481338843133000E-015, 0.6907124771418916600 ) ) ;
#5934 = DIRECTION ( 'NONE',  ( 0.5130781995407817100, 0.08715574274766252300, 0.8539055203370530300 ) ) ;
#5935 = DIRECTION ( 'NONE',  ( -1.000000000000000000, 0.0000000000000000000, 0.0000000000000000000 ) ) ;
#5936 = EDGE_CURVE ( 'NONE', #7123, #145, #3653, .T. ) ;
#5937 = ORIENTED_EDGE ( 'NONE', *, *, #5819, .T. ) ;
#5938 = VERTEX_POINT ( 'NONE', #4992 ) ;
#5939 = VECTOR ( 'NONE', #2643, 1000.000000000000000 ) ;
#5940 = DIRECTION ( 'NONE',  ( 0.7071067812014971700, -0.7071067811715977500, 0.0000000000000000000 ) ) ;
#5941 = CARTESIAN_POINT ( 'NONE',  ( -3.729145877938738100, 0.2500000000000000000, -3.022039096752199900 ) ) ;
#5942 = CARTESIAN_POINT ( 'NONE',  ( -3.132808077000298400, 0.4000000000000001900, 3.830774262967694200 ) ) ;
#5943 = ORIENTED_EDGE ( 'NONE', *, *, #2203, .T. ) ;
#5944 = DIRECTION ( 'NONE',  ( 0.8571673007021130000, -8.511960079772419000E-017, 0.5150380749100530500 ) ) ;
#5945 = AXIS2_PLACEMENT_3D ( 'NONE', #592, #2379, #4975 ) ;
#5946 = PLANE ( 'NONE',  #5395 ) ;
#5947 = ORIENTED_EDGE ( 'NONE', *, *, #8013, .F. ) ;
#5948 = VERTEX_POINT ( 'NONE', #5297 ) ;
#5949 = VERTEX_POINT ( 'NONE', #7111 ) ;
#5950 = DIRECTION ( 'NONE',  ( 0.0000000000000000000, 0.0000000000000000000, -1.000000000000000000 ) ) ;
#5951 = EDGE_CURVE ( 'NONE', #5760, #7593, #2368, .T. ) ;
#5952 = VERTEX_POINT ( 'NONE', #2739 ) ;
#5953 = DIRECTION ( 'NONE',  ( -0.0000000000000000000, -1.000000000000000000, -0.0000000000000000000 ) ) ;
#5954 = EDGE_LOOP ( 'NONE', ( #3514, #7616, #1853, #1969 ) ) ;
#5955 = ORIENTED_EDGE ( 'NONE', *, *, #1276, .F. ) ;
#5956 = DIRECTION ( 'NONE',  ( 0.8571673007021122200, 0.0000000000000000000, 0.5150380749100542700 ) ) ;
#5957 = DIRECTION ( 'NONE',  ( 0.0000000000000000000, 0.0000000000000000000, -1.000000000000000000 ) ) ;
#5958 = DIRECTION ( 'NONE',  ( 0.0000000000000000000, -1.000000000000000000, 0.0000000000000000000 ) ) ;
#5959 = ORIENTED_EDGE ( 'NONE', *, *, #6209, .F. ) ;
#5960 = VERTEX_POINT ( 'NONE', #308 ) ;
#5961 = EDGE_CURVE ( 'NONE', #5723, #3324, #6647, .T. ) ;
#5962 = ORIENTED_EDGE ( 'NONE', *, *, #5923, .T. ) ;
#5963 = CARTESIAN_POINT ( 'NONE',  ( -2.544449482552774800, -0.4322214132938733100, -4.234675067689901900 ) ) ;
#5964 = AXIS2_PLACEMENT_3D ( 'NONE', #5688, #2432, #7444 ) ;
#5965 = DIRECTION ( 'NONE',  ( -1.000000000000000000, 0.0000000000000000000, -0.0000000000000000000 ) ) ;
#5966 = DIRECTION ( 'NONE',  ( 0.5150380749100537100, -7.228014483236692600E-016, -0.8571673007021127800 ) ) ;
#5967 = CARTESIAN_POINT ( 'NONE',  ( 6.000000000000000000, 1.355252715606880500E-015, 2.449999999999999300 ) ) ;
#5968 = EDGE_CURVE ( 'NONE', #685, #1209, #3462, .T. ) ;
#5969 = CARTESIAN_POINT ( 'NONE',  ( 4.242640687119284800, 0.0000000000000000000, -5.242640687119286500 ) ) ;
#5970 = CARTESIAN_POINT ( 'NONE',  ( 2.738802264660508400, 0.0000000000000000000, 3.487330402084382300 ) ) ;
#5971 = CARTESIAN_POINT ( 'NONE',  ( -3.534314575036434600, 0.2500000000000000000, 2.449999999999999300 ) ) ;
#5972 = LINE ( 'NONE', #2271, #5498 ) ;
#5973 = B_SPLINE_CURVE_WITH_KNOTS ( 'NONE', 3,
 ( #5542, #7383, #3639, #2371, #3580, #7419 ),
 .UNSPECIFIED., .F., .F.,
 ( 4, 2, 4 ),
 ( 0.0000000000000000000, 0.5000000000000000000, 1.000000000000000000 ),
 .UNSPECIFIED. ) ;
#5974 = VECTOR ( 'NONE', #5292, 1000.000000000000100 ) ;
#5975 = DIRECTION ( 'NONE',  ( 0.0000000000000000000, 1.000000000000000000, 0.0000000000000000000 ) ) ;
#5976 = FACE_OUTER_BOUND ( 'NONE', #5199, .T. ) ;
#5977 = VECTOR ( 'NONE', #5491, 1000.000000000000000 ) ;
#5978 = EDGE_CURVE ( 'NONE', #6316, #7793, #1768, .T. ) ;
#5979 = DIRECTION ( 'NONE',  ( 0.7229394975650266200, 0.02292229676231499100, 0.6905309921875825200 ) ) ;
#5980 = EDGE_LOOP ( 'NONE', ( #7502, #7821, #3994, #6235 ) ) ;
#5981 = DIRECTION ( 'NONE',  ( 0.0000000000000000000, 0.0000000000000000000, -1.000000000000000000 ) ) ;
#5982 = ORIENTED_EDGE ( 'NONE', *, *, #7366, .F. ) ;
#5983 = FACE_OUTER_BOUND ( 'NONE', #6371, .T. ) ;
#5984 = VECTOR ( 'NONE', #6418, 1000.000000000000000 ) ;
#5985 = AXIS2_PLACEMENT_3D ( 'NONE', #3855, #681, #6293 ) ;
#5986 = DIRECTION ( 'NONE',  ( 0.7231295001038965400, -0.0000000000000000000, 0.6907124771418919900 ) ) ;
#5987 = FACE_OUTER_BOUND ( 'NONE', #3214, .T. ) ;
#5988 = CARTESIAN_POINT ( 'NONE',  ( 2.847265478254212800, 0.4000000000000004100, -3.962003905699285100 ) ) ;
#5989 = EDGE_CURVE ( 'NONE', #5795, #2364, #1579, .T. ) ;
#5990 = DIRECTION ( 'NONE',  ( 0.0000000000000000000, 0.0000000000000000000, -1.000000000000000000 ) ) ;
#5991 = CARTESIAN_POINT ( 'NONE',  ( -3.270489393669255400, 3.568126700166510500, -4.081333750320308900 ) ) ;
#5992 = ADVANCED_FACE ( 'NONE', ( #5313 ), #7158, .T. ) ;
#5993 = CYLINDRICAL_SURFACE ( 'NONE', #3563, 0.1499999999999999700 ) ;
#5994 = FACE_OUTER_BOUND ( 'NONE', #4981, .T. ) ;
#5995 = LINE ( 'NONE', #1886, #7769 ) ;
#5996 = DIRECTION ( 'NONE',  ( -2.625744934101944400E-015, -1.000000000000000000, 4.204704860076374100E-015 ) ) ;
#5997 = AXIS2_PLACEMENT_3D ( 'NONE', #1598, #1019, #4153 ) ;
#5998 = FACE_OUTER_BOUND ( 'NONE', #4664, .T. ) ;
#5999 = ORIENTED_EDGE ( 'NONE', *, *, #6844, .T. ) ;
#6000 = DIRECTION ( 'NONE',  ( 0.0000000000000000000, 0.0000000000000000000, 1.000000000000000000 ) ) ;
#6001 = LINE ( 'NONE', #4044, #1982 ) ;
#6002 = EDGE_CURVE ( 'NONE', #3429, #8120, #714, .T. ) ;
#6003 = DIRECTION ( 'NONE',  ( 0.4994745683111426700, -0.6907124771418925400, -0.5229162739205085500 ) ) ;
#6004 = VECTOR ( 'NONE', #2116, 1000.000000000000000 ) ;
#6005 = CARTESIAN_POINT ( 'NONE',  ( 1.850000000000001000, 0.2500000000000000000, 4.049719055553578300 ) ) ;
#6006 = CARTESIAN_POINT ( 'NONE',  ( -6.000000000000000000, 0.0000000000000000000, 2.449999999999999300 ) ) ;
#6007 = VECTOR ( 'NONE', #3983, 1000.000000000000200 ) ;
#6008 = CARTESIAN_POINT ( 'NONE',  ( 4.011556637993663800, 0.4000000000000010200, 3.305486196285776700 ) ) ;
#6009 = EDGE_CURVE ( 'NONE', #2232, #7890, #1481, .T. ) ;
#6010 = PLANE ( 'NONE',  #2969 ) ;
#6011 = CIRCLE ( 'NONE', #2751, 0.4999999999999998900 ) ;
#6012 = LINE ( 'NONE', #7996, #6596 ) ;
#6013 = ADVANCED_FACE ( 'NONE', ( #1288 ), #7699, .F. ) ;
#6014 = CARTESIAN_POINT ( 'NONE',  ( -4.200000000000002000, -0.5000000000000000000, -2.450000000000001100 ) ) ;
#6015 = DIRECTION ( 'NONE',  ( -0.0000000000000000000, -1.000000000000000000, -0.0000000000000000000 ) ) ;
#6016 = EDGE_CURVE ( 'NONE', #3003, #1808, #3954, .T. ) ;
#6017 = VECTOR ( 'NONE', #874, 1000.000000000000100 ) ;
#6018 = DIRECTION ( 'NONE',  ( -1.000000000000000000, 0.0000000000000000000, 0.0000000000000000000 ) ) ;
#6019 = ORIENTED_EDGE ( 'NONE', *, *, #684, .F. ) ;
#6020 = PLANE ( 'NONE',  #2869 ) ;
#6021 = FACE_OUTER_BOUND ( 'NONE', #2165, .T. ) ;
#6022 = B_SPLINE_CURVE_WITH_KNOTS ( 'NONE', 3,
 ( #5190, #2041, #6425, #3347 ),
 .UNSPECIFIED., .F., .F.,
 ( 4, 4 ),
 ( 0.0000000000000000000, 1.000000000000000000 ),
 .UNSPECIFIED. ) ;
#6023 = EDGE_LOOP ( 'NONE', ( #1058, #1536, #7773, #6940, #375, #5482, #2356, #5078 ) ) ;
#6024 = ORIENTED_EDGE ( 'NONE', *, *, #5595, .T. ) ;
#6025 = VECTOR ( 'NONE', #7231, 1000.000000000000100 ) ;
#6026 = EDGE_CURVE ( 'NONE', #5077, #6903, #1864, .T. ) ;
#6027 = AXIS2_PLACEMENT_3D ( 'NONE', #1487, #2144, #4089 ) ;
#6028 = CARTESIAN_POINT ( 'NONE',  ( 1.850000000000001000, 0.2500000000000000000, 4.049719055553578300 ) ) ;
#6029 = ORIENTED_EDGE ( 'NONE', *, *, #7188, .F. ) ;
#6030 = ORIENTED_EDGE ( 'NONE', *, *, #7931, .F. ) ;
#6031 = DIRECTION ( 'NONE',  ( 0.01657578899896300400, 0.9997372496366935300, 0.01583271637848216200 ) ) ;
#6032 = ADVANCED_FACE ( 'NONE', ( #2163 ), #3861, .F. ) ;
#6033 = AXIS2_PLACEMENT_3D ( 'NONE', #5902, #2143, #2201 ) ;
#6034 = DIRECTION ( 'NONE',  ( -0.7071067812014962800, -0.7071067811715988600, 0.0000000000000000000 ) ) ;
#6035 = ORIENTED_EDGE ( 'NONE', *, *, #5075, .T. ) ;
#6036 = EDGE_LOOP ( 'NONE', ( #4411, #1918, #5030, #757 ) ) ;
#6037 = DIRECTION ( 'NONE',  ( 0.7071067812014971700, -0.7071067811715977500, 0.0000000000000000000 ) ) ;
#6038 = LINE ( 'NONE', #214, #5671 ) ;
#6039 = CARTESIAN_POINT ( 'NONE',  ( -1.999999999999999600, 0.2500000000000000000, 0.0000000000000000000 ) ) ;
#6040 = ORIENTED_EDGE ( 'NONE', *, *, #7905, .T. ) ;
#6041 = DIRECTION ( 'NONE',  ( 1.000000000000000000, 8.031127203596331800E-017, -0.0000000000000000000 ) ) ;
#6042 = EDGE_CURVE ( 'NONE', #2722, #6053, #2766, .T. ) ;
#6043 = ORIENTED_EDGE ( 'NONE', *, *, #136, .T. ) ;
#6044 = ORIENTED_EDGE ( 'NONE', *, *, #1240, .F. ) ;
#6045 = ORIENTED_EDGE ( 'NONE', *, *, #3152, .F. ) ;
#6046 = PLANE ( 'NONE',  #4231 ) ;
#6047 = DIRECTION ( 'NONE',  ( -0.0000000000000000000, -0.0000000000000000000, 1.000000000000000000 ) ) ;
#6048 = AXIS2_PLACEMENT_3D ( 'NONE', #1501, #5944, #7746 ) ;
#6049 = DIRECTION ( 'NONE',  ( -1.000000000000000000, 0.0000000000000000000, -0.0000000000000000000 ) ) ;
#6050 = VERTEX_POINT ( 'NONE', #4631 ) ;
#6051 = ORIENTED_EDGE ( 'NONE', *, *, #2938, .T. ) ;
#6052 = ADVANCED_BREP_SHAPE_REPRESENTATION ( '', ( #5574, #501, #3038 ), #6905 ) ;
#6053 = VERTEX_POINT ( 'NONE', #3987 ) ;
#6054 = EDGE_LOOP ( 'NONE', ( #1470, #3087, #2549, #2679 ) ) ;
#6055 = DIRECTION ( 'NONE',  ( 1.000000000000000000, -0.0000000000000000000, 0.0000000000000000000 ) ) ;
#6056 = EDGE_CURVE ( 'NONE', #490, #2003, #5808, .T. ) ;
#6057 = ADVANCED_FACE ( 'NONE', ( #4165 ), #7359, .F. ) ;
#6058 = CARTESIAN_POINT ( 'NONE',  ( -3.918637921533636900, 4.170189603414792500, 3.080172222182913500 ) ) ;
#6059 = EDGE_CURVE ( 'NONE', #2794, #755, #5517, .T. ) ;
#6060 = DIRECTION ( 'NONE',  ( 1.000000000000000000, 0.0000000000000000000, 0.0000000000000000000 ) ) ;
#6061 = EDGE_LOOP ( 'NONE', ( #3413, #3178, #2526, #6716 ) ) ;
#6062 = ORIENTED_EDGE ( 'NONE', *, *, #6292, .F. ) ;
#6063 = DIRECTION ( 'NONE',  ( 0.0000000000000000000, 0.0000000000000000000, -1.000000000000000000 ) ) ;
#6064 = EDGE_CURVE ( 'NONE', #2102, #4699, #4828, .T. ) ;
#6065 = DIRECTION ( 'NONE',  ( -0.0000000000000000000, 1.000000000000000000, -0.0000000000000000000 ) ) ;
#6066 = AXIS2_PLACEMENT_3D ( 'NONE', #5664, #1343, #6951 ) ;
#6067 = AXIS2_PLACEMENT_3D ( 'NONE', #2831, #5320, #5990 ) ;
#6068 = DIRECTION ( 'NONE',  ( -0.4994745683111417900, 0.7231295001038960900, -0.4770837260794879000 ) ) ;
#6069 =( NAMED_UNIT ( * ) PLANE_ANGLE_UNIT ( ) SI_UNIT ( $, .RADIAN. ) );
#6070 = EDGE_CURVE ( 'NONE', #2532, #7055, #526, .T. ) ;
#6071 = LINE ( 'NONE', #7976, #5878 ) ;
#6072 = CARTESIAN_POINT ( 'NONE',  ( 4.262132034355966300, -0.09999999999999904800, 2.449999999999999300 ) ) ;
#6073 = ADVANCED_FACE ( 'NONE', ( #6474 ), #427, .F. ) ;
#6074 = FACE_OUTER_BOUND ( 'NONE', #2707, .T. ) ;
#6075 = AXIS2_PLACEMENT_3D ( 'NONE', #3907, #6423, #5161 ) ;
#6076 = CARTESIAN_POINT ( 'NONE',  ( -4.650000000000000400, -0.5000000000000001100, -0.5000000000000001100 ) ) ;
#6077 = VECTOR ( 'NONE', #2574, 1000.000000000000000 ) ;
#6078 = VECTOR ( 'NONE', #5374, 1000.000000000000000 ) ;
#6079 = DIRECTION ( 'NONE',  ( 8.340016711426986100E-017, -1.000000000000000000, 0.0000000000000000000 ) ) ;
#6080 = EDGE_LOOP ( 'NONE', ( #3027, #5937, #6582, #6699 ) ) ;
#6081 = DIRECTION ( 'NONE',  ( -0.0000000000000000000, 1.000000000000000000, -0.0000000000000000000 ) ) ;
#6082 = EDGE_CURVE ( 'NONE', #4896, #2903, #3645, .T. ) ;
#6083 = FACE_OUTER_BOUND ( 'NONE', #85, .T. ) ;
#6084 = DIRECTION ( 'NONE',  ( -0.7071067811865489100, 0.0000000000000000000, 0.7071067811865462400 ) ) ;
#6085 = CARTESIAN_POINT ( 'NONE',  ( -1.749999999999998900, 0.2500000000000000000, 5.099999999999997900 ) ) ;
#6086 = CIRCLE ( 'NONE', #5488, 0.09999999999999982500 ) ;
#6087 = CARTESIAN_POINT ( 'NONE',  ( 5.750000000000000000, 1.355252715606880500E-015, -2.450000000000001100 ) ) ;
#6088 = AXIS2_PLACEMENT_3D ( 'NONE', #6694, #458, #1084 ) ;
#6089 = ORIENTED_EDGE ( 'NONE', *, *, #237, .T. ) ;
#6090 = ADVANCED_FACE ( 'NONE', ( #226 ), #5041, .F. ) ;
#6091 = ORIENTED_EDGE ( 'NONE', *, *, #7005, .F. ) ;
#6092 = DIRECTION ( 'NONE',  ( 0.7231295001038959800, 3.497202527569243100E-015, 0.6907124771418926600 ) ) ;
#6093 = FACE_OUTER_BOUND ( 'NONE', #8002, .T. ) ;
#6094 = CARTESIAN_POINT ( 'NONE',  ( -5.000000000000000000, 0.0000000000000000000, -6.000000000000000000 ) ) ;
#6095 = VECTOR ( 'NONE', #2620, 1000.000000000000000 ) ;
#6096 = CARTESIAN_POINT ( 'NONE',  ( 2.809512942779028000, 0.2500000000000000000, -3.516619723965567900 ) ) ;
#6097 = EDGE_CURVE ( 'NONE', #5271, #5949, #129, .T. ) ;
#6098 = CARTESIAN_POINT ( 'NONE',  ( -1.749999999999999100, 0.0000000000000000000, 4.049719055553636000 ) ) ;
#6099 = DIRECTION ( 'NONE',  ( -1.000000000000000000, -8.031127203596331800E-017, 0.0000000000000000000 ) ) ;
#6100 = VECTOR ( 'NONE', #2767, 1000.000000000000000 ) ;
#6101 = CARTESIAN_POINT ( 'NONE',  ( 4.242640687119284800, 5.000000000000000000, 4.242640687119284800 ) ) ;
#6102 = CARTESIAN_POINT ( 'NONE',  ( -3.830774262967692000, 0.4000000000000001900, -3.132808077000299300 ) ) ;
#6103 = LINE ( 'NONE', #3990, #6593 ) ;
#6104 = AXIS2_PLACEMENT_3D ( 'NONE', #2187, #372, #2832 ) ;
#6105 = VECTOR ( 'NONE', #2994, 1000.000000000000000 ) ;
#6106 = CARTESIAN_POINT ( 'NONE',  ( -3.139880253173719500, 0.3999999999999999100, -3.856127629579424500 ) ) ;
#6107 = EDGE_CURVE ( 'NONE', #4506, #5464, #5425, .T. ) ;
#6108 = AXIS2_PLACEMENT_3D ( 'NONE', #1103, #4852, #2995 ) ;
#6109 = FACE_OUTER_BOUND ( 'NONE', #3686, .T. ) ;
#6110 = ORIENTED_EDGE ( 'NONE', *, *, #3118, .F. ) ;
#6111 = VECTOR ( 'NONE', #3847, 1000.000000000000100 ) ;
#6112 = DIRECTION ( 'NONE',  ( -0.0000000000000000000, 1.000000000000000000, -0.0000000000000000000 ) ) ;
#6113 = ADVANCED_FACE ( 'NONE', ( #6083 ), #1647, .F. ) ;
#6114 = CARTESIAN_POINT ( 'NONE',  ( 2.232323454269455400, 0.2500000000000000600, 4.491851733474568700 ) ) ;
#6115 = DIRECTION ( 'NONE',  ( 0.0000000000000000000, 0.0000000000000000000, 1.000000000000000000 ) ) ;
#6116 = EDGE_CURVE ( 'NONE', #7576, #2152, #1109, .T. ) ;
#6117 = CARTESIAN_POINT ( 'NONE',  ( 1.749999999999999600, 0.0000000000000000000, -7.199999999999999300 ) ) ;
#6118 = CARTESIAN_POINT ( 'NONE',  ( -3.856127629579424900, 0.4000000000000008500, 3.139880253173717300 ) ) ;
#6119 = LINE ( 'NONE', #6304, #2197 ) ;
#6120 = ORIENTED_EDGE ( 'NONE', *, *, #654, .T. ) ;
#6121 = CIRCLE ( 'NONE', #5919, 0.2500000000000002200 ) ;
#6122 = ORIENTED_EDGE ( 'NONE', *, *, #5446, .T. ) ;
#6123 = VERTEX_POINT ( 'NONE', #2239 ) ;
#6124 = DIRECTION ( 'NONE',  ( 0.0000000000000000000, 0.0000000000000000000, -1.000000000000000000 ) ) ;
#6125 = CARTESIAN_POINT ( 'NONE',  ( -4.242640687119284800, 0.0000000000000000000, 3.242640687119283900 ) ) ;
#6126 = ORIENTED_EDGE ( 'NONE', *, *, #1034, .F. ) ;
#6127 = ORIENTED_EDGE ( 'NONE', *, *, #756, .T. ) ;
#6128 = VECTOR ( 'NONE', #814, 1000.000000000000200 ) ;
#6129 = PLANE ( 'NONE',  #6997 ) ;
#6130 = ORIENTED_EDGE ( 'NONE', *, *, #4623, .T. ) ;
#6131 = ORIENTED_EDGE ( 'NONE', *, *, #1836, .T. ) ;
#6132 = ADVANCED_FACE ( 'NONE', ( #1664 ), #6612, .T. ) ;
#6133 = EDGE_CURVE ( 'NONE', #6903, #771, #1760, .T. ) ;
#6134 = ORIENTED_EDGE ( 'NONE', *, *, #7188, .T. ) ;
#6135 = ORIENTED_EDGE ( 'NONE', *, *, #5787, .T. ) ;
#6136 = ORIENTED_EDGE ( 'NONE', *, *, #559, .T. ) ;
#6137 = DIRECTION ( 'NONE',  ( 0.8571673007021086700, -0.0000000000000000000, -0.5150380749100603700 ) ) ;
#6138 = CARTESIAN_POINT ( 'NONE',  ( 3.095770484169040800, 1.403388419474067800E-015, -3.803941088848803000 ) ) ;
#6139 = DIRECTION ( 'NONE',  ( 0.01583271637848243700, -0.9997372496366935300, -0.01657578899896339200 ) ) ;
#6140 = CARTESIAN_POINT ( 'NONE',  ( -6.000000000000000000, 0.0000000000000000000, 2.449999999999999300 ) ) ;
#6141 = VERTEX_POINT ( 'NONE', #996 ) ;
#6142 = CARTESIAN_POINT ( 'NONE',  ( 1.850000000000000100, 0.0000000000000000000, -4.049719055553643100 ) ) ;
#6143 = EDGE_LOOP ( 'NONE', ( #1860, #853, #5804, #1149 ) ) ;
#6144 = ORIENTED_EDGE ( 'NONE', *, *, #2955, .T. ) ;
#6145 = EDGE_CURVE ( 'NONE', #7578, #3230, #6963, .T. ) ;
#6146 = VERTEX_POINT ( 'NONE', #2946 ) ;
#6147 = DIRECTION ( 'NONE',  ( -0.5150380749100597100, -0.0000000000000000000, -0.8571673007021091100 ) ) ;
#6148 = CARTESIAN_POINT ( 'NONE',  ( -4.242640687119284800, 0.0000000000000000000, -4.242640687119284800 ) ) ;
#6149 = ORIENTED_EDGE ( 'NONE', *, *, #627, .F. ) ;
#6150 = ORIENTED_EDGE ( 'NONE', *, *, #5512, .F. ) ;
#6151 = AXIS2_PLACEMENT_3D ( 'NONE', #4760, #1008, #5330 ) ;
#6152 = CARTESIAN_POINT ( 'NONE',  ( -2.653085534590288400, 0.2500000000000000000, -3.638834209575374500 ) ) ;
#6153 = ADVANCED_FACE ( 'NONE', ( #2269 ), #4775, .T. ) ;
#6154 = CARTESIAN_POINT ( 'NONE',  ( 1.750000000000000900, 0.0000000000000000000, 4.049719055553578300 ) ) ;
#6155 = CARTESIAN_POINT ( 'NONE',  ( -4.242640687119284800, 0.0000000000000000000, 4.242640687119285700 ) ) ;
#6156 = EDGE_CURVE ( 'NONE', #7439, #4771, #3171, .T. ) ;
#6157 = ORIENTED_EDGE ( 'NONE', *, *, #989, .F. ) ;
#6158 = EDGE_CURVE ( 'NONE', #584, #6316, #1962, .T. ) ;
#6159 = DIRECTION ( 'NONE',  ( -0.5130781995407813800, 0.08715574274766198200, -0.8539055203370532500 ) ) ;
#6160 = LINE ( 'NONE', #5358, #7651 ) ;
#6161 = DIRECTION ( 'NONE',  ( 0.0000000000000000000, -1.000000000000000000, 0.0000000000000000000 ) ) ;
#6162 = LINE ( 'NONE', #7989, #5303 ) ;
#6163 = DIRECTION ( 'NONE',  ( -0.04488852596211263800, -0.9961946980917452100, 0.07470705275169987900 ) ) ;
#6164 = CARTESIAN_POINT ( 'NONE',  ( -5.499999999999998200, -0.2500000000000001700, -0.5000000000000000000 ) ) ;
#6165 = CARTESIAN_POINT ( 'NONE',  ( -5.750000000000000000, 0.5371092495122248300, -2.450000000000001100 ) ) ;
#6166 = PRODUCT_DEFINITION_FORMATION_WITH_SPECIFIED_SOURCE ( 'ANY', '', #1004, .NOT_KNOWN. ) ;
#6167 = DIRECTION ( 'NONE',  ( 0.8571673007021121100, -8.511960079772363500E-017, 0.5150380749100543800 ) ) ;
#6168 = VERTEX_POINT ( 'NONE', #1102 ) ;
#6169 = CIRCLE ( 'NONE', #6702, 1.000000000000000000 ) ;
#6170 = ADVANCED_FACE ( 'NONE', ( #4462 ), #6174, .T. ) ;
#6171 = CARTESIAN_POINT ( 'NONE',  ( -3.830774262967692000, 0.4000000000000001900, -3.132808077000299300 ) ) ;
#6172 = CIRCLE ( 'NONE', #5891, 5.325000000000001100 ) ;
#6173 = EDGE_LOOP ( 'NONE', ( #1695, #7227, #1062, #664 ) ) ;
#6174 = PLANE ( 'NONE',  #3221 ) ;
#6175 = ORIENTED_EDGE ( 'NONE', *, *, #5109, .T. ) ;
#6176 = LINE ( 'NONE', #443, #6372 ) ;
#6177 = ORIENTED_EDGE ( 'NONE', *, *, #5390, .F. ) ;
#6178 = ORIENTED_EDGE ( 'NONE', *, *, #2338, .F. ) ;
#6179 = CARTESIAN_POINT ( 'NONE',  ( 4.236474484209154000, -13.80215859328339600, 3.070012341272741800 ) ) ;
#6180 = VECTOR ( 'NONE', #2511, 1000.000000000000100 ) ;
#6181 =( GEOMETRIC_REPRESENTATION_CONTEXT ( 3 ) GLOBAL_UNCERTAINTY_ASSIGNED_CONTEXT ( ( #1097 ) ) GLOBAL_UNIT_ASSIGNED_CONTEXT ( ( #7692, #4497, #2634 ) ) REPRESENTATION_CONTEXT ( 'NONE', 'WORKASPACE' ) );
#6182 = PLANE ( 'NONE',  #7951 ) ;
#6183 = ORIENTED_EDGE ( 'NONE', *, *, #1284, .F. ) ;
#6184 = COLOUR_RGB ( '',0.7960784313725489700, 0.8235294117647058400, 0.9372549019607843100 ) ;
#6185 = ORIENTED_EDGE ( 'NONE', *, *, #519, .F. ) ;
#6186 = ORIENTED_EDGE ( 'NONE', *, *, #2654, .T. ) ;
#6187 = VECTOR ( 'NONE', #6631, 1000.000000000000000 ) ;
#6188 = LINE ( 'NONE', #3590, #4368 ) ;
#6189 = CARTESIAN_POINT ( 'NONE',  ( 3.000000000000000000, 5.000000000000000000, -6.000000000000000000 ) ) ;
#6190 = CYLINDRICAL_SURFACE ( 'NONE', #1773, 0.4000000000000001900 ) ;
#6191 = ADVANCED_FACE ( 'NONE', ( #625 ), #1731, .T. ) ;
#6192 = CARTESIAN_POINT ( 'NONE',  ( 3.050436394436109900, 0.2500000000000005600, -3.756479356644852400 ) ) ;
#6193 = EDGE_CURVE ( 'NONE', #5838, #7545, #5973, .T. ) ;
#6194 = CIRCLE ( 'NONE', #6787, 0.5000000000000004400 ) ;
#6195 = DIRECTION ( 'NONE',  ( 0.0000000000000000000, 0.0000000000000000000, 1.000000000000000000 ) ) ;
#6196 = ORIENTED_EDGE ( 'NONE', *, *, #5747, .F. ) ;
#6197 = CARTESIAN_POINT ( 'NONE',  ( 3.534314575036435100, 0.2499999999999999400, 26.95000000001028100 ) ) ;
#6198 = CIRCLE ( 'NONE', #7787, 4.925000000000000700 ) ;
#6200 = CIRCLE ( 'NONE', #7571, 1.000000000000001800 ) ;
#6199 = CARTESIAN_POINT ( 'NONE',  ( -3.304289159587812100, 0.2949861872786545000, 4.012700012980800100 ) ) ;
#6201 = AXIS2_PLACEMENT_3D ( 'NONE', #5429, #2259, #2963 ) ;
#6202 = DIRECTION ( 'NONE',  ( 0.0000000000000000000, 0.0000000000000000000, 1.000000000000000000 ) ) ;
#6203 = EDGE_LOOP ( 'NONE', ( #2438, #3356, #3261, #1915, #2026, #3578, #5266, #2038 ) ) ;
#6204 = VECTOR ( 'NONE', #4447, 1000.000000000000000 ) ;
#6205 = CARTESIAN_POINT ( 'NONE',  ( 5.750000000000000000, 1.355252715606880500E-015, 2.449999999999999300 ) ) ;
#6206 = ORIENTED_EDGE ( 'NONE', *, *, #6623, .F. ) ;
#6207 = CARTESIAN_POINT ( 'NONE',  ( -3.080172222182910400, 4.170189603414794300, -3.918637921533638700 ) ) ;
#6208 = FACE_OUTER_BOUND ( 'NONE', #5276, .T. ) ;
#6209 = EDGE_CURVE ( 'NONE', #1609, #2514, #6869, .T. ) ;
#6210 = CARTESIAN_POINT ( 'NONE',  ( -4.066978695959434700, 2.702328844871585200, 3.284200928263937100 ) ) ;
#6211 = FACE_BOUND ( 'NONE', #1922, .T. ) ;
#6212 = CARTESIAN_POINT ( 'NONE',  ( -4.200000000000002000, -0.2500000000000000000, 2.449999999999999300 ) ) ;
#6213 = DIRECTION ( 'NONE',  ( 0.4994745683111420600, -0.6907124771418927700, -0.5229162739205088800 ) ) ;
#6214 = CARTESIAN_POINT ( 'NONE',  ( -5.750000000000000000, 0.0000000000000000000, 2.449999999999999300 ) ) ;
#6215 = AXIS2_PLACEMENT_3D ( 'NONE', #4950, #16, #6843 ) ;
#6216 = VECTOR ( 'NONE', #8044, 1000.000000000000000 ) ;
#6217 = VERTEX_POINT ( 'NONE', #3075 ) ;
#6218 = ADVANCED_FACE ( 'NONE', ( #7570 ), #3452, .F. ) ;
#6219 = VECTOR ( 'NONE', #4090, 1000.000000000000000 ) ;
#6220 = DIRECTION ( 'NONE',  ( -1.000000000000000000, 0.0000000000000000000, 0.0000000000000000000 ) ) ;
#6221 = EDGE_CURVE ( 'NONE', #1699, #8026, #5894, .T. ) ;
#6222 = ORIENTED_EDGE ( 'NONE', *, *, #56, .F. ) ;
#6223 = CARTESIAN_POINT ( 'NONE',  ( 3.398528137423843600, 0.0000000000000000000, 2.449999999999999300 ) ) ;
#6224 = AXIS2_PLACEMENT_3D ( 'NONE', #3323, #146, #6392 ) ;
#6225 = DIRECTION ( 'NONE',  ( -0.5150380749100597100, -0.0000000000000000000, -0.8571673007021091100 ) ) ;
#6226 = PLANE ( 'NONE',  #3601 ) ;
#6227 = CARTESIAN_POINT ( 'NONE',  ( 3.830774262967691500, 0.3999999999999989700, 3.132808077000306400 ) ) ;
#6228 = ORIENTED_EDGE ( 'NONE', *, *, #4028, .T. ) ;
#6229 = ORIENTED_EDGE ( 'NONE', *, *, #1516, .F. ) ;
#6230 = DIRECTION ( 'NONE',  ( 0.0000000000000000000, 0.0000000000000000000, -1.000000000000000000 ) ) ;
#6231 = VECTOR ( 'NONE', #1397, 1000.000000000000000 ) ;
#6232 = AXIS2_PLACEMENT_3D ( 'NONE', #4272, #509, #4778 ) ;
#6233 = VERTEX_POINT ( 'NONE', #1205 ) ;
#6234 = VERTEX_POINT ( 'NONE', #6094 ) ;
#6235 = ORIENTED_EDGE ( 'NONE', *, *, #3800, .T. ) ;
#6236 = ORIENTED_EDGE ( 'NONE', *, *, #3876, .T. ) ;
#6237 = VECTOR ( 'NONE', #3421, 1000.000000000000100 ) ;
#6238 = DIRECTION ( 'NONE',  ( 0.0000000000000000000, 0.0000000000000000000, -1.000000000000000000 ) ) ;
#6239 = CARTESIAN_POINT ( 'NONE',  ( 3.139880253173716400, 0.4000000000000019100, 3.856127629579426200 ) ) ;
#6240 = DIRECTION ( 'NONE',  ( 0.5150380749100608200, 0.0000000000000000000, 0.8571673007021082300 ) ) ;
#6241 = ADVANCED_FACE ( 'NONE', ( #5718 ), #4851, .F. ) ;
#6242 = ORIENTED_EDGE ( 'NONE', *, *, #4149, .F. ) ;
#6243 = ORIENTED_EDGE ( 'NONE', *, *, #56, .T. ) ;
#6244 = VERTEX_POINT ( 'NONE', #6769 ) ;
#6245 = CARTESIAN_POINT ( 'NONE',  ( -1.849999999999999200, 0.0000000000000000000, 4.049719055553636000 ) ) ;
#6246 = EDGE_CURVE ( 'NONE', #5654, #2401, #29, .T. ) ;
#6247 = DIRECTION ( 'NONE',  ( 0.8571673007021121100, -0.0000000000000000000, 0.5150380749100542700 ) ) ;
#6248 = ORIENTED_EDGE ( 'NONE', *, *, #2654, .F. ) ;
#6249 = VERTEX_POINT ( 'NONE', #4298 ) ;
#6250 = DIRECTION ( 'NONE',  ( -0.0000000000000000000, 1.000000000000000000, -0.0000000000000000000 ) ) ;
#6251 = ORIENTED_EDGE ( 'NONE', *, *, #2127, .T. ) ;
#6252 = ORIENTED_EDGE ( 'NONE', *, *, #3287, .T. ) ;
#6253 = CARTESIAN_POINT ( 'NONE',  ( 3.398528137423843600, 0.2500000000000000000, 2.449999999999999300 ) ) ;
#6254 = DIRECTION ( 'NONE',  ( 0.5150380749100611500, -7.228014483236676800E-016, 0.8571673007021081100 ) ) ;
#6255 = AXIS2_PLACEMENT_3D ( 'NONE', #5633, #3648, #3082 ) ;
#6256 = PLANE ( 'NONE',  #4792 ) ;
#6257 = VERTEX_POINT ( 'NONE', #505 ) ;
#6258 = ORIENTED_EDGE ( 'NONE', *, *, #7297, .F. ) ;
#6259 = DIRECTION ( 'NONE',  ( -0.7231295001038959800, 0.0000000000000000000, -0.6907124771418927700 ) ) ;
#6260 = EDGE_CURVE ( 'NONE', #2018, #360, #2572, .T. ) ;
#6261 = ADVANCED_FACE ( 'NONE', ( #7471 ), #3545, .F. ) ;
#6262 = DIRECTION ( 'NONE',  ( -0.0000000000000000000, -1.000000000000000000, -0.0000000000000000000 ) ) ;
#6263 = DIRECTION ( 'NONE',  ( -0.6907124771418926600, -3.491481338843132600E-015, 0.7231295001038958700 ) ) ;
#6264 = DIRECTION ( 'NONE',  ( -0.7231295001038968700, 3.491481338843133400E-015, -0.6907124771418917700 ) ) ;
#6265 = AXIS2_PLACEMENT_3D ( 'NONE', #166, #1483, #2085 ) ;
#6266 = CARTESIAN_POINT ( 'NONE',  ( 0.0000000000000000000, 4.400000000000000400, -5.325000000000001100 ) ) ;
#6267 = DIRECTION ( 'NONE',  ( -1.000000000000000000, 0.0000000000000000000, 8.031127203596331800E-017 ) ) ;
#6268 = CARTESIAN_POINT ( 'NONE',  ( -6.717514421272199800, 0.2500000000000000000, -6.010407640085673200 ) ) ;
#6269 = DIRECTION ( 'NONE',  ( -0.5130781995407736100, -0.08715574274766201000, 0.8539055203370578000 ) ) ;
#6270 = APPLICATION_PROTOCOL_DEFINITION ( 'draft international standard', 'automotive_design', 1998, #4505 ) ;
#6271 = EDGE_CURVE ( 'NONE', #7352, #455, #2470, .T. ) ;
#6272 = AXIS2_PLACEMENT_3D ( 'NONE', #6821, #4287, #7460 ) ;
#6273 = VECTOR ( 'NONE', #5520, 1000.000000000000100 ) ;
#6274 = LINE ( 'NONE', #6212, #3939 ) ;
#6275 = CARTESIAN_POINT ( 'NONE',  ( -3.745358649331324200, 0.0000000000000000000, 3.038251868144763000 ) ) ;
#6276 = EDGE_CURVE ( 'NONE', #275, #4765, #2066, .T. ) ;
#6277 = CARTESIAN_POINT ( 'NONE',  ( 4.262132034355966300, -0.09999999999999904800, 2.449999999999999300 ) ) ;
#6278 = ADVANCED_FACE ( 'NONE', ( #2359 ), #7557, .F. ) ;
#6279 = CARTESIAN_POINT ( 'NONE',  ( 4.242640687119284800, 5.000000000000000000, 5.242640687119286500 ) ) ;
#6280 = LINE ( 'NONE', #4385, #1655 ) ;
#6281 = DIRECTION ( 'NONE',  ( -1.000000000000000000, -0.0000000000000000000, -0.0000000000000000000 ) ) ;
#6282 = FACE_OUTER_BOUND ( 'NONE', #5280, .T. ) ;
#6283 = EDGE_CURVE ( 'NONE', #3105, #1236, #4650, .T. ) ;
#6284 = ORIENTED_EDGE ( 'NONE', *, *, #1020, .F. ) ;
#6285 = VECTOR ( 'NONE', #3672, 1000.000000000000000 ) ;
#6286 = VECTOR ( 'NONE', #1567, 1000.000000000000000 ) ;
#6287 = PLANE ( 'NONE',  #850 ) ;
#6288 = DIRECTION ( 'NONE',  ( 0.01657578899896361400, -0.9997372496366935300, 0.01583271637848265900 ) ) ;
#6289 = CARTESIAN_POINT ( 'NONE',  ( -3.368376543254079100, 4.193111900177108000, 3.951485589396473800 ) ) ;
#6290 = ORIENTED_EDGE ( 'NONE', *, *, #3559, .F. ) ;
#6291 = CARTESIAN_POINT ( 'NONE',  ( -3.854933944799956400, 0.3607300918301282200, 3.141020426504822700 ) ) ;
#6292 = EDGE_CURVE ( 'NONE', #753, #7207, #910, .T. ) ;
#6293 = DIRECTION ( 'NONE',  ( -1.000000000000000000, 8.809142651444719600E-016, 0.0000000000000000000 ) ) ;
#6294 = CARTESIAN_POINT ( 'NONE',  ( -2.381731783404402900, 0.6973362886642219300, 4.740508950146200100 ) ) ;
#6295 = LINE ( 'NONE', #3776, #2581 ) ;
#6296 = CYLINDRICAL_SURFACE ( 'NONE', #6870, 0.1000000000000002600 ) ;
#6297 = LINE ( 'NONE', #6294, #5637 ) ;
#6298 = LINE ( 'NONE', #6981, #1498 ) ;
#6299 = VECTOR ( 'NONE', #1024, 1000.000000000000000 ) ;
#6300 = CARTESIAN_POINT ( 'NONE',  ( 2.738802264660374700, 0.0000000000000000000, -3.587330402084222000 ) ) ;
#6301 = EDGE_CURVE ( 'NONE', #2822, #265, #6280, .T. ) ;
#6302 = CARTESIAN_POINT ( 'NONE',  ( -6.000000000000000000, 0.0000000000000000000, -4.999999999999999100 ) ) ;
#6303 = DIRECTION ( 'NONE',  ( 0.0000000000000000000, 0.0000000000000000000, -1.000000000000000000 ) ) ;
#6304 = CARTESIAN_POINT ( 'NONE',  ( -5.499999999999998200, -0.5000000000000001100, 2.449999999999999300 ) ) ;
#6305 = DIRECTION ( 'NONE',  ( 0.01583271637848243700, -0.9997372496366935300, -0.01657578899896339200 ) ) ;
#6306 = VECTOR ( 'NONE', #6519, 1000.000000000000100 ) ;
#6307 = AXIS2_PLACEMENT_3D ( 'NONE', #964, #3979, #2206 ) ;
#6308 = ORIENTED_EDGE ( 'NONE', *, *, #1034, .T. ) ;
#6309 = DIRECTION ( 'NONE',  ( 0.0000000000000000000, 0.0000000000000000000, 1.000000000000000000 ) ) ;
#6310 = CYLINDRICAL_SURFACE ( 'NONE', #312, 0.6500000000000000200 ) ;
#6311 = CARTESIAN_POINT ( 'NONE',  ( 2.232323454269423000, 0.0000000000000000000, -4.491851733474584700 ) ) ;
#6312 = DIRECTION ( 'NONE',  ( -1.000000000000000000, 0.0000000000000000000, 0.0000000000000000000 ) ) ;
#6313 = EDGE_CURVE ( 'NONE', #6146, #936, #7462, .T. ) ;
#6314 = ADVANCED_FACE ( 'NONE', ( #1099 ), #6287, .T. ) ;
#6315 = FACE_OUTER_BOUND ( 'NONE', #2790, .T. ) ;
#6316 = VERTEX_POINT ( 'NONE', #2600 ) ;
#6318 = LINE ( 'NONE', #5407, #3687 ) ;
#6317 = CARTESIAN_POINT ( 'NONE',  ( -3.022039096752198600, 0.0000000000000000000, 3.729145877938739000 ) ) ;
#6319 = CARTESIAN_POINT ( 'NONE',  ( 3.856127629579426700, 0.4000000000000001900, -3.139880253173717800 ) ) ;
#6320 = EDGE_CURVE ( 'NONE', #5367, #835, #2053, .T. ) ;
#6321 = VERTEX_POINT ( 'NONE', #7501 ) ;
#6322 = ORIENTED_EDGE ( 'NONE', *, *, #6515, .T. ) ;
#6323 = CARTESIAN_POINT ( 'NONE',  ( -3.567932165683032500, 0.4000000000000001900, -3.407986071760439600 ) ) ;
#6324 = VERTEX_POINT ( 'NONE', #5684 ) ;
#6325 = CIRCLE ( 'NONE', #4319, 0.09999999999999982500 ) ;
#6326 = PRODUCT_RELATED_PRODUCT_CATEGORY ( 'part', '', ( #376 ) ) ;
#6327 = DIRECTION ( 'NONE',  ( 0.01657578899896361400, -0.9997372496366935300, 0.01583271637848265900 ) ) ;
#6328 = AXIS2_PLACEMENT_3D ( 'NONE', #2772, #7335, #5513 ) ;
#6329 = ORIENTED_EDGE ( 'NONE', *, *, #5186, .F. ) ;
#6330 = CARTESIAN_POINT ( 'NONE',  ( 0.0000000000000000000, 2.599999999999997400, 0.0000000000000000000 ) ) ;
#6331 = VERTEX_POINT ( 'NONE', #5627 ) ;
#6332 = VERTEX_POINT ( 'NONE', #3101 ) ;
#6333 = CARTESIAN_POINT ( 'NONE',  ( -3.104712412919653300, 3.129497198328488500, -4.254891097531176700 ) ) ;
#6334 = PLANE ( 'NONE',  #7961 ) ;
#6335 = CARTESIAN_POINT ( 'NONE',  ( -3.830774262967692000, 0.4000000000000001900, -3.132808077000299300 ) ) ;
#6336 = AXIS2_PLACEMENT_3D ( 'NONE', #7134, #4072, #2099 ) ;
#6337 = ORIENTED_EDGE ( 'NONE', *, *, #2150, .T. ) ;
#6338 = ORIENTED_EDGE ( 'NONE', *, *, #7101, .T. ) ;
#6339 =( LENGTH_UNIT ( ) NAMED_UNIT ( * ) SI_UNIT ( .MILLI., .METRE. ) );
#6340 = VERTEX_POINT ( 'NONE', #5025 ) ;
#6341 = PLANE ( 'NONE',  #3849 ) ;
#6342 = CARTESIAN_POINT ( 'NONE',  ( 3.141020426504824000, 0.3607300918301276100, 3.854933944799959500 ) ) ;
#6343 = EDGE_LOOP ( 'NONE', ( #5864, #573, #2322, #7731 ) ) ;
#6344 = DIRECTION ( 'NONE',  ( -0.04488852596211356800, 0.9961946980917452100, 0.07470705275169990700 ) ) ;
#6345 = ORIENTED_EDGE ( 'NONE', *, *, #4912, .F. ) ;
#6346 = EDGE_LOOP ( 'NONE', ( #3582, #1833, #2358, #2377, #3594, #6523, #6422, #670, #1459, #582 ) ) ;
#6347 = ORIENTED_EDGE ( 'NONE', *, *, #4256, .T. ) ;
#6348 = EDGE_CURVE ( 'NONE', #275, #867, #1006, .T. ) ;
#6349 = DIRECTION ( 'NONE',  ( -0.0000000000000000000, 1.000000000000000000, -0.0000000000000000000 ) ) ;
#6350 = ORIENTED_EDGE ( 'NONE', *, *, #6320, .F. ) ;
#6351 = VERTEX_POINT ( 'NONE', #7 ) ;
#6352 = ADVANCED_FACE ( 'NONE', ( #3262 ), #673, .T. ) ;
#6353 = DIRECTION ( 'NONE',  ( 0.7231295001038959800, 3.491481338843133000E-015, 0.6907124771418926600 ) ) ;
#6354 = AXIS2_PLACEMENT_3D ( 'NONE', #4358, #513, #1208 ) ;
#6355 = DIRECTION ( 'NONE',  ( 0.01657578899896361400, -0.9997372496366935300, 0.01583271637848265900 ) ) ;
#6356 = CARTESIAN_POINT ( 'NONE',  ( -6.000000000000000000, 5.000000000000000000, 6.000000000000000000 ) ) ;
#6357 = CARTESIAN_POINT ( 'NONE',  ( -3.949999999999999700, 0.2500000000000000000, 2.449999999999999300 ) ) ;
#6358 = EDGE_CURVE ( 'NONE', #3307, #5838, #1654, .T. ) ;
#6359 = LINE ( 'NONE', #3030, #1743 ) ;
#6360 = CIRCLE ( 'NONE', #3922, 0.5000000000000004400 ) ;
#6361 = DIRECTION ( 'NONE',  ( -0.5150380749100602600, 0.0000000000000000000, -0.8571673007021086700 ) ) ;
#6362 = DIRECTION ( 'NONE',  ( 0.0000000000000000000, -1.000000000000000000, 0.0000000000000000000 ) ) ;
#6363 = PLANE ( 'NONE',  #6075 ) ;
#6364 = VECTOR ( 'NONE', #7316, 1000.000000000000000 ) ;
#6365 = DIRECTION ( 'NONE',  ( -0.8571673007021130000, 8.511960079772419000E-017, -0.5150380749100530500 ) ) ;
#6366 = VECTOR ( 'NONE', #3457, 1000.000000000000300 ) ;
#6367 = CARTESIAN_POINT ( 'NONE',  ( 3.773676549659942900, 0.2500000000000001100, -3.065508923877663600 ) ) ;
#6368 = ORIENTED_EDGE ( 'NONE', *, *, #6929, .T. ) ;
#6369 = EDGE_CURVE ( 'NONE', #6619, #2514, #6462, .T. ) ;
#6370 = AXIS2_PLACEMENT_3D ( 'NONE', #4351, #5026, #3189 ) ;
#6371 = EDGE_LOOP ( 'NONE', ( #1596, #6620, #6089, #6537 ) ) ;
#6372 = VECTOR ( 'NONE', #2313, 999.9999999999998900 ) ;
#6373 = EDGE_LOOP ( 'NONE', ( #5570, #6968, #5677, #4856, #4320, #4782, #4017, #6229 ) ) ;
#6374 = LINE ( 'NONE', #770, #215 ) ;
#6375 = CARTESIAN_POINT ( 'NONE',  ( -2.847265478254212800, 0.0000000000000000000, 3.962003905699284200 ) ) ;
#6376 = PLANE ( 'NONE',  #7206 ) ;
#6377 = VECTOR ( 'NONE', #4257, 1000.000000000000000 ) ;
#6378 = AXIS2_PLACEMENT_3D ( 'NONE', #4117, #5975, #1612 ) ;
#6379 = ORIENTED_EDGE ( 'NONE', *, *, #2928, .T. ) ;
#6380 = CARTESIAN_POINT ( 'NONE',  ( -3.951485589396468400, 4.193111900177109800, -3.368376543254082200 ) ) ;
#6381 = VERTEX_POINT ( 'NONE', #3130 ) ;
#6382 = ORIENTED_EDGE ( 'NONE', *, *, #822, .F. ) ;
#6383 = LINE ( 'NONE', #581, #1393 ) ;
#6384 = ORIENTED_EDGE ( 'NONE', *, *, #5154, .T. ) ;
#6385 = LINE ( 'NONE', #6268, #3655 ) ;
#6387 = CIRCLE ( 'NONE', #1888, 1.000000000000000000 ) ;
#6386 = CARTESIAN_POINT ( 'NONE',  ( -5.000000000000000000, 5.000000000000000000, -6.000000000000000000 ) ) ;
#6388 = DIRECTION ( 'NONE',  ( 0.6905309921875831800, 0.02292229676231467500, -0.7229394975650260700 ) ) ;
#6389 = CARTESIAN_POINT ( 'NONE',  ( -3.260954597208884900, 4.170189603414796100, -4.091316040819111600 ) ) ;
#6390 = VECTOR ( 'NONE', #2456, 1000.000000000000000 ) ;
#6391 = ORIENTED_EDGE ( 'NONE', *, *, #1420, .F. ) ;
#6392 = DIRECTION ( 'NONE',  ( -0.4994745683111427900, 0.7231295001038953200, -0.4770837260794880100 ) ) ;
#6393 = LINE ( 'NONE', #7676, #636 ) ;
#6394 = VECTOR ( 'NONE', #7662, 1000.000000000000100 ) ;
#6395 = ADVANCED_FACE ( 'NONE', ( #1854 ), #5652, .F. ) ;
#6396 = CARTESIAN_POINT ( 'NONE',  ( -4.650000000000000400, -0.5000000000000001100, -0.5000000000000001100 ) ) ;
#6397 = EDGE_CURVE ( 'NONE', #75, #286, #4927, .T. ) ;
#6398 = FACE_OUTER_BOUND ( 'NONE', #221, .T. ) ;
#6399 = PLANE ( 'NONE',  #3499 ) ;
#6400 = ORIENTED_EDGE ( 'NONE', *, *, #6283, .T. ) ;
#6401 = CYLINDRICAL_SURFACE ( 'NONE', #6215, 0.2500000000000002200 ) ;
#6402 = LINE ( 'NONE', #3455, #6299 ) ;
#6403 = CARTESIAN_POINT ( 'NONE',  ( 3.729145877938736800, 0.2500000000000000000, 3.022039096752206600 ) ) ;
#6404 = DIRECTION ( 'NONE',  ( -0.6905309921875822900, 0.02292229676231621200, 0.7229394975650269600 ) ) ;
#6405 = VECTOR ( 'NONE', #2450, 1000.000000000000000 ) ;
#6406 = EDGE_CURVE ( 'NONE', #7312, #1293, #7978, .T. ) ;
#6407 = ORIENTED_EDGE ( 'NONE', *, *, #893, .T. ) ;
#6408 = VECTOR ( 'NONE', #35, 1000.000000000000000 ) ;
#6409 = ORIENTED_EDGE ( 'NONE', *, *, #3326, .F. ) ;
#6410 = ORIENTED_EDGE ( 'NONE', *, *, #5296, .F. ) ;
#6411 = CARTESIAN_POINT ( 'NONE',  ( -3.067465623966091100, 0.6973362886642219300, 4.328478490218159900 ) ) ;
#6412 = DIRECTION ( 'NONE',  ( 0.4994745683111421200, 0.6907124771418918800, -0.5229162739205098800 ) ) ;
#6413 = DIRECTION ( 'NONE',  ( 0.0000000000000000000, -1.000000000000000000, 0.0000000000000000000 ) ) ;
#6414 = ORIENTED_EDGE ( 'NONE', *, *, #6902, .F. ) ;
#6415 = ORIENTED_EDGE ( 'NONE', *, *, #2441, .F. ) ;
#6416 = LINE ( 'NONE', #3353, #4774 ) ;
#6417 = CARTESIAN_POINT ( 'NONE',  ( 0.0000000000000000000, 4.400000000000000400, -3.000000000000000000 ) ) ;
#6418 = DIRECTION ( 'NONE',  ( -0.0000000000000000000, 1.000000000000000000, -0.0000000000000000000 ) ) ;
#6419 = EDGE_CURVE ( 'NONE', #720, #5733, #4821, .T. ) ;
#6420 = ORIENTED_EDGE ( 'NONE', *, *, #5720, .F. ) ;
#6421 = EDGE_LOOP ( 'NONE', ( #3611, #7326, #1314, #7272 ) ) ;
#6422 = ORIENTED_EDGE ( 'NONE', *, *, #1594, .F. ) ;
#6423 = DIRECTION ( 'NONE',  ( -0.8571673007021088900, 0.0000000000000000000, 0.5150380749100598200 ) ) ;
#6424 = AXIS2_PLACEMENT_3D ( 'NONE', #5847, #4590, #2047 ) ;
#6425 = CARTESIAN_POINT ( 'NONE',  ( 3.190367450095457500, 0.3999999999999969700, -3.891035054643018600 ) ) ;
#6426 = ORIENTED_EDGE ( 'NONE', *, *, #2122, .F. ) ;
#6427 = EDGE_LOOP ( 'NONE', ( #4151, #2051, #5171, #3741 ) ) ;
#6428 = ORIENTED_EDGE ( 'NONE', *, *, #5978, .T. ) ;
#6429 =( LENGTH_UNIT ( ) NAMED_UNIT ( * ) SI_UNIT ( .MILLI., .METRE. ) );
#6430 = CARTESIAN_POINT ( 'NONE',  ( -3.170481851183575300, 3.163880643471966600, 4.140508901201087600 ) ) ;
#6431 = EDGE_LOOP ( 'NONE', ( #3851, #1340, #6726, #4550 ) ) ;
#6432 = ORIENTED_EDGE ( 'NONE', *, *, #3445, .T. ) ;
#6433 = ORIENTED_EDGE ( 'NONE', *, *, #8052, .F. ) ;
#6434 = EDGE_CURVE ( 'NONE', #1715, #5367, #3516, .T. ) ;
#6435 = ADVANCED_FACE ( 'NONE', ( #3538 ), #1194, .F. ) ;
#6436 = ORIENTED_EDGE ( 'NONE', *, *, #4675, .T. ) ;
#6437 = EDGE_LOOP ( 'NONE', ( #1341, #2897, #5599, #2301 ) ) ;
#6438 = PLANE ( 'NONE',  #243 ) ;
#6439 = ORIENTED_EDGE ( 'NONE', *, *, #1861, .F. ) ;
#6440 = CARTESIAN_POINT ( 'NONE',  ( 2.253462233519240700, 0.7191252243511372400, 4.527032570061921400 ) ) ;
#6441 = DIRECTION ( 'NONE',  ( 3.246754902787183700E-015, -1.000000000000000000, -5.568776128564981200E-015 ) ) ;
#6442 = ADVANCED_FACE ( 'NONE', ( #7661 ), #1437, .F. ) ;
#6443 = EDGE_CURVE ( 'NONE', #4499, #3412, #5415, .T. ) ;
#6444 = AXIS2_PLACEMENT_3D ( 'NONE', #7343, #413, #5422 ) ;
#6445 = DIRECTION ( 'NONE',  ( 0.5150380749100599300, 0.0000000000000000000, 0.8571673007021087800 ) ) ;
#6446 = ORIENTED_EDGE ( 'NONE', *, *, #5044, .T. ) ;
#6447 = DIRECTION ( 'NONE',  ( 1.000000000000000000, -0.0000000000000000000, -0.0000000000000000000 ) ) ;
#6448 = DIRECTION ( 'NONE',  ( -0.5150380749100602600, 0.0000000000000000000, -0.8571673007021086700 ) ) ;
#6449 = AXIS2_PLACEMENT_3D ( 'NONE', #3879, #197, #5286 ) ;
#6450 = DIRECTION ( 'NONE',  ( 0.0000000000000000000, 1.000000000000000000, 0.0000000000000000000 ) ) ;
#6451 = ORIENTED_EDGE ( 'NONE', *, *, #7152, .F. ) ;
#6452 = CARTESIAN_POINT ( 'NONE',  ( -3.398528137423869800, 0.0000000000000000000, 2.449999999999999300 ) ) ;
#6453 = EDGE_CURVE ( 'NONE', #379, #1535, #4246, .T. ) ;
#6454 = DIRECTION ( 'NONE',  ( -1.000000000000000000, 0.0000000000000000000, 0.0000000000000000000 ) ) ;
#6455 = DIRECTION ( 'NONE',  ( 0.0000000000000000000, 0.0000000000000000000, -1.000000000000000000 ) ) ;
#6456 = CIRCLE ( 'NONE', #4035, 0.1500000000000004100 ) ;
#6457 = AXIS2_PLACEMENT_3D ( 'NONE', #6101, #2347, #6724 ) ;
#6458 = LINE ( 'NONE', #4887, #5977 ) ;
#6459 = CARTESIAN_POINT ( 'NONE',  ( 3.070012341272744500, -13.80215859328339600, -4.236474484209154000 ) ) ;
#6460 = ORIENTED_EDGE ( 'NONE', *, *, #4670, .F. ) ;
#6461 = EDGE_CURVE ( 'NONE', #6168, #7013, #6862, .T. ) ;
#6462 = LINE ( 'NONE', #7473, #7561 ) ;
#6463 = DIRECTION ( 'NONE',  ( 0.0000000000000000000, 0.0000000000000000000, -1.000000000000000000 ) ) ;
#6464 = VECTOR ( 'NONE', #8087, 1000.000000000000000 ) ;
#6465 = CARTESIAN_POINT ( 'NONE',  ( -3.038251868144765200, 0.2500000000000000000, -3.745358649331325600 ) ) ;
#6466 = EDGE_CURVE ( 'NONE', #5728, #1959, #801, .T. ) ;
#6467 = CARTESIAN_POINT ( 'NONE',  ( 3.000000000000000000, 5.000000000000000000, 6.000000000000000000 ) ) ;
#6468 = ORIENTED_EDGE ( 'NONE', *, *, #1215, .T. ) ;
#6469 = ADVANCED_FACE ( 'NONE', ( #420 ), #3239, .T. ) ;
#6470 = EDGE_LOOP ( 'NONE', ( #1162, #6432, #3493, #293, #6136, #5480, #3981, #3915 ) ) ;
#6471 = VECTOR ( 'NONE', #6447, 1000.000000000000000 ) ;
#6472 = ORIENTED_EDGE ( 'NONE', *, *, #88, .T. ) ;
#6473 = DIRECTION ( 'NONE',  ( -1.000000000000000000, 0.0000000000000000000, 0.0000000000000000000 ) ) ;
#6474 = FACE_OUTER_BOUND ( 'NONE', #784, .T. ) ;
#6475 = CARTESIAN_POINT ( 'NONE',  ( 3.284200928263934400, 2.702328844871600300, 4.066978695959434700 ) ) ;
#6476 = CYLINDRICAL_SURFACE ( 'NONE', #5272, 0.5000000000000017800 ) ;
#6477 = EDGE_CURVE ( 'NONE', #548, #75, #4453, .T. ) ;
#6478 = PRODUCT_DEFINITION_FORMATION_WITH_SPECIFIED_SOURCE ( 'ANY', '', #4169, .NOT_KNOWN. ) ;
#6479 = CARTESIAN_POINT ( 'NONE',  ( 2.000000000000000000, 0.0000000000000000000, -2.500000000000000000 ) ) ;
#6480 = CARTESIAN_POINT ( 'NONE',  ( -4.028805748864899200, 0.4000000000000001900, 3.320662628199693600 ) ) ;
#6481 = CARTESIAN_POINT ( 'NONE',  ( -6.010407640085669600, 0.2500000000000000000, 6.717514421272200700 ) ) ;
#6482 = VERTEX_POINT ( 'NONE', #2056 ) ;
#6483 = DIRECTION ( 'NONE',  ( 0.0000000000000000000, 0.0000000000000000000, 1.000000000000000000 ) ) ;
#6484 = EDGE_LOOP ( 'NONE', ( #7103, #4429, #2909, #1245 ) ) ;
#6485 = ADVANCED_FACE ( 'NONE', ( #7847 ), #3162, .F. ) ;
#6486 = AXIS2_PLACEMENT_3D ( 'NONE', #1104, #5489, #3618 ) ;
#6487 = FACE_OUTER_BOUND ( 'NONE', #388, .T. ) ;
#6488 = CIRCLE ( 'NONE', #1015, 0.1000000000000002600 ) ;
#6489 = EDGE_CURVE ( 'NONE', #1049, #6331, #20, .T. ) ;
#6490 = CARTESIAN_POINT ( 'NONE',  ( 3.170481851183574000, 3.163880643471964800, -4.140508901201089400 ) ) ;
#6491 = ORIENTED_EDGE ( 'NONE', *, *, #277, .T. ) ;
#6492 = LINE ( 'NONE', #2553, #6885 ) ;
#6493 = AXIS2_PLACEMENT_3D ( 'NONE', #4121, #358, #6577 ) ;
#6494 = DIRECTION ( 'NONE',  ( 1.000000000000000000, 1.668003342285397200E-016, 0.0000000000000000000 ) ) ;
#6495 = ORIENTED_EDGE ( 'NONE', *, *, #6829, .T. ) ;
#6496 = DIRECTION ( 'NONE',  ( -0.0000000000000000000, 1.000000000000000000, -0.0000000000000000000 ) ) ;
#6497 = FACE_OUTER_BOUND ( 'NONE', #6431, .T. ) ;
#6498 = FACE_OUTER_BOUND ( 'NONE', #2426, .T. ) ;
#6499 = CARTESIAN_POINT ( 'NONE',  ( 3.260954597208886300, 4.170189603414773800, 4.091316040819109800 ) ) ;
#6500 = CARTESIAN_POINT ( 'NONE',  ( -3.141020426504825400, 0.3607300918301277200, -3.854933944799955500 ) ) ;
#6501 = DIRECTION ( 'NONE',  ( -0.8571673007021127800, 1.355252715606880500E-016, -0.5150380749100532700 ) ) ;
#6502 = VECTOR ( 'NONE', #4029, 1000.000000000000000 ) ;
#6503 = ORIENTED_EDGE ( 'NONE', *, *, #3634, .T. ) ;
#6505 = FACE_OUTER_BOUND ( 'NONE', #1863, .T. ) ;
#6504 = DIRECTION ( 'NONE',  ( 0.0000000000000000000, 0.0000000000000000000, -1.000000000000000000 ) ) ;
#6506 = EDGE_CURVE ( 'NONE', #4658, #2226, #7049, .T. ) ;
#6507 = VECTOR ( 'NONE', #7268, 1000.000000000000000 ) ;
#6508 = ORIENTED_EDGE ( 'NONE', *, *, #6419, .T. ) ;
#6509 = PLANE ( 'NONE',  #4576 ) ;
#6510 = VECTOR ( 'NONE', #7971, 1000.000000000000000 ) ;
#6511 = VERTEX_POINT ( 'NONE', #7712 ) ;
#6512 = ORIENTED_EDGE ( 'NONE', *, *, #359, .T. ) ;
#6513 = CARTESIAN_POINT ( 'NONE',  ( 3.398528137423872900, 0.2500000000000000000, -2.450000000000001100 ) ) ;
#6514 = DIRECTION ( 'NONE',  ( -0.7071067812014971700, 0.7071067811715977500, 1.593520205958698400E-011 ) ) ;
#6515 = EDGE_CURVE ( 'NONE', #5960, #6992, #7252, .T. ) ;
#6516 = ORIENTED_EDGE ( 'NONE', *, *, #331, .F. ) ;
#6517 = ORIENTED_EDGE ( 'NONE', *, *, #5296, .T. ) ;
#6518 = VECTOR ( 'NONE', #3875, 1000.000000000000100 ) ;
#6519 = DIRECTION ( 'NONE',  ( 0.5130781995407750500, -0.08715574274766135800, -0.8539055203370569100 ) ) ;
#6520 = CARTESIAN_POINT ( 'NONE',  ( -5.499999999999998200, -0.2500000000000001700, 2.449999999999999300 ) ) ;
#6521 = AXIS2_PLACEMENT_3D ( 'NONE', #6617, #2950, #399 ) ;
#6522 = ORIENTED_EDGE ( 'NONE', *, *, #5144, .F. ) ;
#6523 = ORIENTED_EDGE ( 'NONE', *, *, #4643, .F. ) ;
#6524 = DIRECTION ( 'NONE',  ( 0.0000000000000000000, 0.0000000000000000000, -1.000000000000000000 ) ) ;
#6525 = PLANE ( 'NONE',  #5875 ) ;
#6526 = VERTEX_POINT ( 'NONE', #115 ) ;
#6527 = ORIENTED_EDGE ( 'NONE', *, *, #7101, .F. ) ;
#6528 = CARTESIAN_POINT ( 'NONE',  ( -3.139880253173719500, 0.3999999999999999100, -3.856127629579424500 ) ) ;
#6529 = ORIENTED_EDGE ( 'NONE', *, *, #2996, .T. ) ;
#6530 = EDGE_CURVE ( 'NONE', #5733, #5814, #4357, .T. ) ;
#6531 = CARTESIAN_POINT ( 'NONE',  ( 3.908655631034834200, 3.568126700166566000, -3.089707018643282700 ) ) ;
#6532 = CARTESIAN_POINT ( 'NONE',  ( -5.750000000000000000, 0.5371092495122248300, 2.449999999999999300 ) ) ;
#6533 = DIRECTION ( 'NONE',  ( 8.031127203596331800E-017, -1.000000000000000000, 0.0000000000000000000 ) ) ;
#6534 = DIRECTION ( 'NONE',  ( -1.000000000000000000, 0.0000000000000000000, 0.0000000000000000000 ) ) ;
#6535 = EDGE_LOOP ( 'NONE', ( #6918, #3521, #2541, #5858 ) ) ;
#6536 = ORIENTED_EDGE ( 'NONE', *, *, #4958, .F. ) ;
#6537 = ORIENTED_EDGE ( 'NONE', *, *, #6271, .T. ) ;
#6538 = PLANE ( 'NONE',  #6720 ) ;
#6539 =( LENGTH_UNIT ( ) NAMED_UNIT ( * ) SI_UNIT ( .MILLI., .METRE. ) );
#6540 = CARTESIAN_POINT ( 'NONE',  ( 3.773755947015235100, 0.2500000000000000600, -3.065585346850875100 ) ) ;
#6541 = ORIENTED_EDGE ( 'NONE', *, *, #8040, .F. ) ;
#6542 = VERTEX_POINT ( 'NONE', #3320 ) ;
#6543 = DIRECTION ( 'NONE',  ( 0.04488852596211233300, -0.9961946980917452100, 0.07470705275170078100 ) ) ;
#6544 = DIRECTION ( 'NONE',  ( 0.0000000000000000000, -1.000000000000000000, 0.0000000000000000000 ) ) ;
#6545 = DIRECTION ( 'NONE',  ( -1.000000000000000000, -8.340016711426986100E-017, -0.0000000000000000000 ) ) ;
#6546 = DIRECTION ( 'NONE',  ( 0.01657578899896300400, 0.9997372496366935300, 0.01583271637848216200 ) ) ;
#6547 = EDGE_CURVE ( 'NONE', #2860, #368, #6374, .T. ) ;
#6548 = AXIS2_PLACEMENT_3D ( 'NONE', #6148, #2430, #2342 ) ;
#6549 = CARTESIAN_POINT ( 'NONE',  ( 3.078507871027549700, 0.2661659644585288000, -3.783485124018389100 ) ) ;
#6550 = SURFACE_SIDE_STYLE ('',( #5805 ) ) ;
#6551 = CARTESIAN_POINT ( 'NONE',  ( -3.398528137423850300, 0.0000000000000000000, -2.550000000000001200 ) ) ;
#6552 = CIRCLE ( 'NONE', #571, 4.924999999999998900 ) ;
#6553 = CYLINDRICAL_SURFACE ( 'NONE', #4909, 5.325000000000001100 ) ;
#6554 = AXIS2_PLACEMENT_3D ( 'NONE', #5872, #1513, #6463 ) ;
#6555 = CARTESIAN_POINT ( 'NONE',  ( 2.809512942779026200, 0.2500000000000000000, -3.516619723965565700 ) ) ;
#6556 = DIRECTION ( 'NONE',  ( -0.01583271637848232900, 0.9997372496366935300, 0.01657578899896328100 ) ) ;
#6557 = ORIENTED_EDGE ( 'NONE', *, *, #2557, .F. ) ;
#6558 = EDGE_CURVE ( 'NONE', #4212, #6324, #3352, .T. ) ;
#6559 = CIRCLE ( 'NONE', #3366, 0.4999999999999995600 ) ;
#6560 = CARTESIAN_POINT ( 'NONE',  ( 3.831914436298796000, 0.3607300918301265500, 3.131614392220837000 ) ) ;
#6561 = DIRECTION ( 'NONE',  ( -0.0000000000000000000, -1.000000000000000000, -0.0000000000000000000 ) ) ;
#6562 = LINE ( 'NONE', #566, #6855 ) ;
#6563 = ORIENTED_EDGE ( 'NONE', *, *, #3232, .F. ) ;
#6564 = DIRECTION ( 'NONE',  ( -0.0000000000000000000, -0.0000000000000000000, 1.000000000000000000 ) ) ;
#6565 = AXIS2_PLACEMENT_3D ( 'NONE', #6949, #6837, #4391 ) ;
#6566 = VECTOR ( 'NONE', #7464, 1000.000000000000000 ) ;
#6567 = ORIENTED_EDGE ( 'NONE', *, *, #5089, .T. ) ;
#6568 = ORIENTED_EDGE ( 'NONE', *, *, #3085, .T. ) ;
#6569 = VECTOR ( 'NONE', #5181, 1000.000000000000300 ) ;
#6570 = LINE ( 'NONE', #5877, #3172 ) ;
#6571 = DIRECTION ( 'NONE',  ( -0.7231295001038958700, 0.0000000000000000000, -0.6907124771418926600 ) ) ;
#6572 = EDGE_CURVE ( 'NONE', #5793, #2065, #4154, .T. ) ;
#6573 = AXIS2_PLACEMENT_3D ( 'NONE', #4424, #4978, #3802 ) ;
#6574 = EDGE_LOOP ( 'NONE', ( #5275, #3127, #3867, #4297 ) ) ;
#6575 = ORIENTED_EDGE ( 'NONE', *, *, #3927, .F. ) ;
#6576 = FACE_OUTER_BOUND ( 'NONE', #2331, .T. ) ;
#6577 = DIRECTION ( 'NONE',  ( 0.0000000000000000000, 0.0000000000000000000, -1.000000000000000000 ) ) ;
#6578 = FACE_OUTER_BOUND ( 'NONE', #5138, .T. ) ;
#6579 = EDGE_CURVE ( 'NONE', #2467, #5469, #2967, .T. ) ;
#6580 = CARTESIAN_POINT ( 'NONE',  ( 3.070012341272744500, -13.80215859328339600, -4.236474484209154000 ) ) ;
#6581 = LINE ( 'NONE', #3839, #4940 ) ;
#6582 = ORIENTED_EDGE ( 'NONE', *, *, #1096, .T. ) ;
#6583 = VECTOR ( 'NONE', #3825, 1000.000000000000100 ) ;
#6584 = DIRECTION ( 'NONE',  ( -0.0000000000000000000, -0.0000000000000000000, -1.000000000000000000 ) ) ;
#6585 = EDGE_LOOP ( 'NONE', ( #4969, #6144, #491, #4428 ) ) ;
#6586 = DIRECTION ( 'NONE',  ( -0.6907124771418919900, 3.491481338843133400E-015, 0.7231295001038965400 ) ) ;
#6587 = LINE ( 'NONE', #2550, #4946 ) ;
#6588 = DIRECTION ( 'NONE',  ( -1.000000000000000000, 7.950815931560366900E-015, 0.0000000000000000000 ) ) ;
#6589 = VECTOR ( 'NONE', #7534, 1000.000000000000100 ) ;
#6590 = DIRECTION ( 'NONE',  ( -0.5150380749100530500, 0.0000000000000000000, 0.8571673007021128900 ) ) ;
#6591 = CYLINDRICAL_SURFACE ( 'NONE', #2760, 1.000000000000000000 ) ;
#6592 = CARTESIAN_POINT ( 'NONE',  ( 5.999999999999999100, 4.400000000000000400, 3.000000000000000000 ) ) ;
#6593 = VECTOR ( 'NONE', #7750, 1000.000000000000000 ) ;
#6594 = B_SPLINE_CURVE_WITH_KNOTS ( 'NONE', 3,
 ( #1311, #6367, #3831, #3273, #1935, #6319 ),
 .UNSPECIFIED., .F., .F.,
 ( 4, 2, 4 ),
 ( 0.0000000000000000000, 0.5000000000000000000, 1.000000000000000000 ),
 .UNSPECIFIED. ) ;
#6595 = EDGE_LOOP ( 'NONE', ( #7809, #7755, #1805, #2631 ) ) ;
#6596 = VECTOR ( 'NONE', #7965, 1000.000000000000300 ) ;
#6597 = CARTESIAN_POINT ( 'NONE',  ( 3.000384657911015900E-016, 0.0000000000000000000, 2.450000000000000200 ) ) ;
#6598 = VECTOR ( 'NONE', #5679, 1000.000000000000000 ) ;
#6599 = ORIENTED_EDGE ( 'NONE', *, *, #1454, .F. ) ;
#6600 = DIRECTION ( 'NONE',  ( 0.0000000000000000000, 0.0000000000000000000, -1.000000000000000000 ) ) ;
#6601 = CARTESIAN_POINT ( 'NONE',  ( -4.650000000000000400, -1.084202172485504400E-016, -0.5000000000000001100 ) ) ;
#6602 = CARTESIAN_POINT ( 'NONE',  ( 2.000000000000000400, 0.2500000000000000000, -1.000000000000000000 ) ) ;
#6603 = DIRECTION ( 'NONE',  ( -1.000000000000000000, 0.0000000000000000000, 0.0000000000000000000 ) ) ;
#6604 = ORIENTED_EDGE ( 'NONE', *, *, #8075, .F. ) ;
#6605 = VERTEX_POINT ( 'NONE', #301 ) ;
#6606 = DIRECTION ( 'NONE',  ( 0.0000000000000000000, 0.0000000000000000000, -1.000000000000000000 ) ) ;
#6607 = DIRECTION ( 'NONE',  ( -0.5130781995407736100, -0.08715574274766201000, 0.8539055203370578000 ) ) ;
#6608 = EDGE_CURVE ( 'NONE', #6381, #2686, #4640, .T. ) ;
#6609 = EDGE_LOOP ( 'NONE', ( #6091, #6120, #6134, #676 ) ) ;
#6610 = EDGE_LOOP ( 'NONE', ( #8062, #7106, #5717, #3950 ) ) ;
#6611 = CIRCLE ( 'NONE', #1347, 0.3999999999999997400 ) ;
#6612 = PLANE ( 'NONE',  #4644 ) ;
#6613 = ORIENTED_EDGE ( 'NONE', *, *, #6943, .T. ) ;
#6614 = ORIENTED_EDGE ( 'NONE', *, *, #303, .T. ) ;
#6615 = ORIENTED_EDGE ( 'NONE', *, *, #2215, .F. ) ;
#6616 = CARTESIAN_POINT ( 'NONE',  ( -2.161531637692522900, -8.131516293641283300E-016, 4.374034365627324000 ) ) ;
#6617 = CARTESIAN_POINT ( 'NONE',  ( -1.999999999999999600, 0.0000000000000000000, 0.0000000000000000000 ) ) ;
#6618 = DIRECTION ( 'NONE',  ( 0.7231295001038959800, 3.491481338843133400E-015, 0.6907124771418926600 ) ) ;
#6619 = VERTEX_POINT ( 'NONE', #2167 ) ;
#6620 = ORIENTED_EDGE ( 'NONE', *, *, #7649, .F. ) ;
#6621 = VECTOR ( 'NONE', #3943, 1000.000000000000000 ) ;
#6622 = DIRECTION ( 'NONE',  ( 0.8571673007021121100, -0.0000000000000000000, 0.5150380749100542700 ) ) ;
#6623 = EDGE_CURVE ( 'NONE', #6927, #2921, #2462, .T. ) ;
#6624 = ADVANCED_FACE ( 'NONE', ( #5618 ), #6525, .F. ) ;
#6625 = ORIENTED_EDGE ( 'NONE', *, *, #6070, .T. ) ;
#6626 = CARTESIAN_POINT ( 'NONE',  ( 2.924227208185330000, 0.3869266385878510900, -4.090089733749843900 ) ) ;
#6627 = VERTEX_POINT ( 'NONE', #3443 ) ;
#6628 = ORIENTED_EDGE ( 'NONE', *, *, #8075, .T. ) ;
#6629 = PLANE ( 'NONE',  #4721 ) ;
#6630 = CARTESIAN_POINT ( 'NONE',  ( -3.260954597208884900, 4.170189603414796100, -4.091316040819111600 ) ) ;
#6631 = DIRECTION ( 'NONE',  ( -0.0000000000000000000, 1.000000000000000000, -0.0000000000000000000 ) ) ;
#6632 = ORIENTED_EDGE ( 'NONE', *, *, #5989, .T. ) ;
#6633 = ORIENTED_EDGE ( 'NONE', *, *, #3999, .F. ) ;
#6634 = EDGE_CURVE ( 'NONE', #5960, #689, #900, .T. ) ;
#6635 = EDGE_LOOP ( 'NONE', ( #5027, #4142, #5865, #7362 ) ) ;
#6636 = DIRECTION ( 'NONE',  ( -0.0000000000000000000, 1.000000000000000000, -0.0000000000000000000 ) ) ;
#6637 = PRESENTATION_LAYER_ASSIGNMENT (  '', '', ( #1345 ) ) ;
#6638 = CARTESIAN_POINT ( 'NONE',  ( 1.750000000000000900, 0.2500000000000000000, 4.049719055553578300 ) ) ;
#6639 = PLANE ( 'NONE',  #4900 ) ;
#6640 = ORIENTED_EDGE ( 'NONE', *, *, #1143, .T. ) ;
#6641 = CARTESIAN_POINT ( 'NONE',  ( 5.750000000000000000, 1.355252715606880500E-015, 2.449999999999999300 ) ) ;
#6642 = ORIENTED_EDGE ( 'NONE', *, *, #3338, .F. ) ;
#6643 = EDGE_CURVE ( 'NONE', #3910, #7312, #6659, .T. ) ;
#6644 = CARTESIAN_POINT ( 'NONE',  ( 3.817157287505073900, 0.1328427124805988100, 2.450000000006540700 ) ) ;
#6645 = ADVANCED_FACE ( 'NONE', ( #4734 ), #7739, .T. ) ;
#6646 = AXIS2_PLACEMENT_3D ( 'NONE', #4040, #289, #2800 ) ;
#6647 = B_SPLINE_CURVE_WITH_KNOTS ( 'NONE', 1,
 ( #5942, #4702 ),
 .UNSPECIFIED., .F., .F.,
 ( 2, 2 ),
 ( 0.0000000000000000000, 1.000000000000000000 ),
 .UNSPECIFIED. ) ;
#6648 = CARTESIAN_POINT ( 'NONE',  ( -6.000000000000000000, 0.0000000000000000000, -2.450000000000001100 ) ) ;
#6649 = VECTOR ( 'NONE', #6353, 1000.000000000000100 ) ;
#6650 = FACE_OUTER_BOUND ( 'NONE', #5371, .T. ) ;
#6651 = CARTESIAN_POINT ( 'NONE',  ( 2.847265478254239900, 1.192622389734054900E-015, 3.962003905699265100 ) ) ;
#6652 = EDGE_CURVE ( 'NONE', #360, #3109, #1471, .T. ) ;
#6653 = CARTESIAN_POINT ( 'NONE',  ( 4.011556637993663800, 0.4000000000000010200, 3.305486196285776700 ) ) ;
#6654 = CARTESIAN_POINT ( 'NONE',  ( -1.935716730070210100, 0.2500000000000000000, 3.998215248062631400 ) ) ;
#6655 = DIRECTION ( 'NONE',  ( -1.000000000000000000, 0.0000000000000000000, 0.0000000000000000000 ) ) ;
#6656 = B_SPLINE_SURFACE_WITH_KNOTS ( 'NONE', 1, 3, ( 
 ( #1238, #1261, #3137, #697, #5604, #6317 ),
 ( #1815, #3734, #3106, #6924, #646, #3765 ) ),
 .UNSPECIFIED., .F., .F., .F.,
 ( 2, 2 ),
 ( 4, 2, 4 ),
 ( 0.0000000000000000000, 1.000000000000000000 ),
 ( 0.0000000000000000000, 0.5000000000000000000, 1.000000000000000000 ),
 .UNSPECIFIED. ) ;
#6657 = ORIENTED_EDGE ( 'NONE', *, *, #4867, .T. ) ;
#6658 = DIRECTION ( 'NONE',  ( -1.000000000000000000, 0.0000000000000000000, 0.0000000000000000000 ) ) ;
#6659 = LINE ( 'NONE', #5873, #3748 ) ;
#6660 = AXIS2_PLACEMENT_3D ( 'NONE', #4156, #6533, #2851 ) ;
#6661 = ADVANCED_FACE ( 'NONE', ( #2664 ), #4058, .F. ) ;
#6662 = FACE_OUTER_BOUND ( 'NONE', #2871, .T. ) ;
#6663 = DIRECTION ( 'NONE',  ( -0.0000000000000000000, -1.000000000000000000, 0.0000000000000000000 ) ) ;
#6664 = DIRECTION ( 'NONE',  ( -0.5150380749100537100, -7.228014483236692600E-016, 0.8571673007021127800 ) ) ;
#6665 = MECHANICAL_DESIGN_GEOMETRIC_PRESENTATION_REPRESENTATION (  '', ( #6794 ), #3410 ) ;
#6666 = EDGE_CURVE ( 'NONE', #7890, #2232, #1382, .T. ) ;
#6667 = ORIENTED_EDGE ( 'NONE', *, *, #4324, .T. ) ;
#6668 = VECTOR ( 'NONE', #4102, 1000.000000000000000 ) ;
#6669 = VECTOR ( 'NONE', #1638, 1000.000000000000000 ) ;
#6670 = B_SPLINE_SURFACE_WITH_KNOTS ( 'NONE', 1, 3, ( 
 ( #1781, #7349, #8024, #7938, #1673, #4209 ),
 ( #5540, #4822, #8047, #3613, #3636, #4326 ) ),
 .UNSPECIFIED., .F., .F., .F.,
 ( 2, 2 ),
 ( 4, 2, 4 ),
 ( 0.0000000000000000000, 1.000000000000000000 ),
 ( 0.0000000000000000000, 0.5000000000000000000, 1.000000000000000000 ),
 .UNSPECIFIED. ) ;
#6671 = DIRECTION ( 'NONE',  ( 0.0000000000000000000, 0.0000000000000000000, -1.000000000000000000 ) ) ;
#6672 = ORIENTED_EDGE ( 'NONE', *, *, #4769, .T. ) ;
#6673 = CARTESIAN_POINT ( 'NONE',  ( 3.398528137423872900, 0.0000000000000000000, -2.450000000000001100 ) ) ;
#6674 = VECTOR ( 'NONE', #1107, 1000.000000000000000 ) ;
#6675 = EDGE_CURVE ( 'NONE', #5856, #1699, #2263, .T. ) ;
#6676 = CARTESIAN_POINT ( 'NONE',  ( 3.640380592212174400, -0.04393398281977550100, 2.449999999999999300 ) ) ;
#6677 = FACE_OUTER_BOUND ( 'NONE', #2833, .T. ) ;
#6678 = AXIS2_PLACEMENT_3D ( 'NONE', #5870, #4636, #1557 ) ;
#6679 = DIRECTION ( 'NONE',  ( 0.0000000000000000000, -1.000000000000000000, 0.0000000000000000000 ) ) ;
#6680 = ADVANCED_FACE ( 'NONE', ( #5976 ), #7764, .F. ) ;
#6681 = CARTESIAN_POINT ( 'NONE',  ( -4.242640687119284800, 5.000000000000000000, -5.242640687119286500 ) ) ;
#6682 = CYLINDRICAL_SURFACE ( 'NONE', #3197, 0.4000000000000001900 ) ;
#6683 = EDGE_CURVE ( 'NONE', #3285, #6705, #2855, .T. ) ;
#6684 = EDGE_LOOP ( 'NONE', ( #7544, #7851, #4405, #271, #4754, #3505, #7598, #840, #1809, #4410, #2106, #1348, #7954, #2675, #3012, #7021, #5083, #280, #4883, #7518, #8112, #1626, #8127, #953, #5487, #1592, #1548, #6755, #4612, #3426 ) ) ;
#6685 = VECTOR ( 'NONE', #5011, 1000.000000000000000 ) ;
#6686 = FACE_OUTER_BOUND ( 'NONE', #2623, .T. ) ;
#6687 = DIRECTION ( 'NONE',  ( -0.0000000000000000000, 0.0000000000000000000, 1.000000000000000000 ) ) ;
#6688 = CARTESIAN_POINT ( 'NONE',  ( -3.260954597208884900, 4.170189603414796100, -4.091316040819111600 ) ) ;
#6689 = EDGE_CURVE ( 'NONE', #1873, #2219, #1953, .T. ) ;
#6690 = VECTOR ( 'NONE', #6703, 1000.000000000000000 ) ;
#6691 = ORIENTED_EDGE ( 'NONE', *, *, #3355, .T. ) ;
#6692 = DIRECTION ( 'NONE',  ( 0.0000000000000000000, 0.0000000000000000000, -1.000000000000000000 ) ) ;
#6693 = CIRCLE ( 'NONE', #3993, 0.09999999999999982500 ) ;
#6694 = CARTESIAN_POINT ( 'NONE',  ( -3.067465623966124400, 0.6973362886642218200, -4.328478490218139500 ) ) ;
#6695 = CARTESIAN_POINT ( 'NONE',  ( 2.653085534590163200, 0.2500000000000000000, -3.638834209575227500 ) ) ;
#6696 = FACE_OUTER_BOUND ( 'NONE', #3401, .T. ) ;
#6697 = ORIENTED_EDGE ( 'NONE', *, *, #4809, .T. ) ;
#6698 = ADVANCED_FACE ( 'NONE', ( #1649 ), #1120, .T. ) ;
#6699 = ORIENTED_EDGE ( 'NONE', *, *, #984, .F. ) ;
#6700 = VECTOR ( 'NONE', #2917, 1000.000000000000000 ) ;
#6701 = EDGE_CURVE ( 'NONE', #7533, #4001, #6169, .T. ) ;
#6702 = AXIS2_PLACEMENT_3D ( 'NONE', #4814, #6081, #6063 ) ;
#6703 = DIRECTION ( 'NONE',  ( -1.204669080539449300E-016, -0.0000000000000000000, -1.000000000000000000 ) ) ;
#6704 = ORIENTED_EDGE ( 'NONE', *, *, #5759, .T. ) ;
#6705 = VERTEX_POINT ( 'NONE', #5450 ) ;
#6706 = DIRECTION ( 'NONE',  ( -0.04488852596211266600, -0.9961946980917453200, -0.07470705275169993400 ) ) ;
#6707 = AXIS2_PLACEMENT_3D ( 'NONE', #7126, #4007, #6524 ) ;
#6708 = EDGE_LOOP ( 'NONE', ( #687, #5899, #7926, #6024 ) ) ;
#6709 = ORIENTED_EDGE ( 'NONE', *, *, #303, .F. ) ;
#6710 = CARTESIAN_POINT ( 'NONE',  ( 6.000000000000000000, 1.416485055564248300E-015, 2.449999999999999300 ) ) ;
#6711 = VERTEX_POINT ( 'NONE', #6651 ) ;
#6712 = PLANE ( 'NONE',  #340 ) ;
#6713 = ORIENTED_EDGE ( 'NONE', *, *, #4527, .T. ) ;
#6714 = EDGE_CURVE ( 'NONE', #152, #6992, #708, .T. ) ;
#6715 = ORIENTED_EDGE ( 'NONE', *, *, #5811, .T. ) ;
#6716 = ORIENTED_EDGE ( 'NONE', *, *, #1541, .T. ) ;
#6717 = VERTEX_POINT ( 'NONE', #6681 ) ;
#6718 = DIRECTION ( 'NONE',  ( 0.0000000000000000000, 1.000000000000000000, 0.0000000000000000000 ) ) ;
#6719 = DIRECTION ( 'NONE',  ( 0.0000000000000000000, -1.000000000000000000, 0.0000000000000000000 ) ) ;
#6720 = AXIS2_PLACEMENT_3D ( 'NONE', #7776, #915, #4041 ) ;
#6721 = DIRECTION ( 'NONE',  ( 0.0000000000000000000, 0.0000000000000000000, -1.000000000000000000 ) ) ;
#6722 = DIRECTION ( 'NONE',  ( -0.0000000000000000000, -1.000000000000000000, -0.0000000000000000000 ) ) ;
#6723 = ADVANCED_FACE ( 'NONE', ( #606 ), #2933, .T. ) ;
#6724 = DIRECTION ( 'NONE',  ( 0.0000000000000000000, 0.0000000000000000000, 1.000000000000000000 ) ) ;
#6725 = VERTEX_POINT ( 'NONE', #497 ) ;
#6726 = ORIENTED_EDGE ( 'NONE', *, *, #5053, .T. ) ;
#6727 = ORIENTED_EDGE ( 'NONE', *, *, #4271, .F. ) ;
#6728 = DIRECTION ( 'NONE',  ( -0.0000000000000000000, 1.000000000000000000, -0.0000000000000000000 ) ) ;
#6729 = EDGE_CURVE ( 'NONE', #3587, #3707, #119, .T. ) ;
#6730 = DIRECTION ( 'NONE',  ( 0.5150380749100600400, 0.0000000000000000000, 0.8571673007021086700 ) ) ;
#6731 = EDGE_CURVE ( 'NONE', #5149, #1108, #2658, .T. ) ;
#6732 = VERTEX_POINT ( 'NONE', #6630 ) ;
#6733 = CARTESIAN_POINT ( 'NONE',  ( -2.232323454269456300, 0.2500000000000000000, -4.491851733474571300 ) ) ;
#6734 = CARTESIAN_POINT ( 'NONE',  ( 3.273322737776067600, 0.1912053364946895200, -3.982663422528963900 ) ) ;
#6735 = DIRECTION ( 'NONE',  ( 1.000000000000000000, -0.0000000000000000000, 0.0000000000000000000 ) ) ;
#6736 = CARTESIAN_POINT ( 'NONE',  ( 2.918057294831113000, 0.0000000000000000000, -4.079821273546540900 ) ) ;
#6737 = CARTESIAN_POINT ( 'NONE',  ( 2.000000000000000400, 0.0000000000000000000, -1.000000000000000000 ) ) ;
#6738 = DIRECTION ( 'NONE',  ( 0.0000000000000000000, 0.0000000000000000000, -1.000000000000000000 ) ) ;
#6739 = ADVANCED_FACE ( 'NONE', ( #5710 ), #7292, .T. ) ;
#6740 = DIRECTION ( 'NONE',  ( 1.000000000000000000, -0.0000000000000000000, 0.0000000000000000000 ) ) ;
#6741 = AXIS2_PLACEMENT_3D ( 'NONE', #4242, #1029, #6805 ) ;
#6742 = CARTESIAN_POINT ( 'NONE',  ( -1.849999999999999200, 0.2500000000000000000, 4.049719055553636000 ) ) ;
#6743 = CARTESIAN_POINT ( 'NONE',  ( 3.242819847682089300, 0.0000000000000000000, 4.223712162953238400 ) ) ;
#6744 = VECTOR ( 'NONE', #346, 1000.000000000000000 ) ;
#6745 = PLANE ( 'NONE',  #6910 ) ;
#6746 = DIRECTION ( 'NONE',  ( 0.0000000000000000000, 0.0000000000000000000, -1.000000000000000000 ) ) ;
#6747 = CYLINDRICAL_SURFACE ( 'NONE', #4193, 4.925000000000000700 ) ;
#6748 = PLANE ( 'NONE',  #6765 ) ;
#6749 = AXIS2_PLACEMENT_3D ( 'NONE', #7192, #2770, #3378 ) ;
#6750 = DIRECTION ( 'NONE',  ( 0.8571673007021083400, -0.0000000000000000000, -0.5150380749100608200 ) ) ;
#6751 = LINE ( 'NONE', #2394, #6853 ) ;
#6752 = FACE_OUTER_BOUND ( 'NONE', #750, .T. ) ;
#6753 = CARTESIAN_POINT ( 'NONE',  ( 3.817157287505073900, 0.1328427124805988100, -2.450000000010273700 ) ) ;
#6754 = CARTESIAN_POINT ( 'NONE',  ( 4.262132034355966300, -0.09999999999999904800, -2.450000000000001100 ) ) ;
#6755 = ORIENTED_EDGE ( 'NONE', *, *, #4534, .T. ) ;
#6756 = CARTESIAN_POINT ( 'NONE',  ( 2.000000000000000000, 0.05000000000000000300, -2.500000000000000000 ) ) ;
#6757 = ADVANCED_FACE ( 'NONE', ( #7040 ), #438, .F. ) ;
#6758 = EDGE_CURVE ( 'NONE', #1633, #2010, #2153, .T. ) ;
#6759 = VECTOR ( 'NONE', #7939, 1000.000000000000000 ) ;
#6760 = CARTESIAN_POINT ( 'NONE',  ( -3.709989242019481500, 3.509236882042919600, -3.259261868858418100 ) ) ;
#6761 = CARTESIAN_POINT ( 'NONE',  ( 0.0000000000000000000, 4.400000000000000400, 0.0000000000000000000 ) ) ;
#6762 = VECTOR ( 'NONE', #2442, 1000.000000000000100 ) ;
#6763 = CARTESIAN_POINT ( 'NONE',  ( -3.186957102127514000, 0.04310923855607552700, -3.891963098134026700 ) ) ;
#6764 = DIRECTION ( 'NONE',  ( -0.7231295001038965400, -1.332267629550187300E-015, -0.6907124771418919900 ) ) ;
#6765 = AXIS2_PLACEMENT_3D ( 'NONE', #8032, #1183, #1161 ) ;
#6766 = VERTEX_POINT ( 'NONE', #3522 ) ;
#6767 = LINE ( 'NONE', #473, #3870 ) ;
#6768 = LINE ( 'NONE', #7216, #1770 ) ;
#6769 = CARTESIAN_POINT ( 'NONE',  ( 2.924227208185357500, 0.3869266385878517600, 4.090089733749823400 ) ) ;
#6770 = VECTOR ( 'NONE', #3865, 1000.000000000000000 ) ;
#6771 = DIRECTION ( 'NONE',  ( 0.0000000000000000000, -1.000000000000000000, 0.0000000000000000000 ) ) ;
#6772 = EDGE_CURVE ( 'NONE', #2616, #5960, #517, .T. ) ;
#6773 = CARTESIAN_POINT ( 'NONE',  ( 3.038251868144764800, 0.0000000000000000000, 3.745358649331330000 ) ) ;
#6774 = VECTOR ( 'NONE', #4239, 1000.000000000000000 ) ;
#6775 = CARTESIAN_POINT ( 'NONE',  ( 3.793949545425544300, 2.725251141633902000, 3.171361079108935500 ) ) ;
#6776 = ORIENTED_EDGE ( 'NONE', *, *, #7147, .F. ) ;
#6777 = DIRECTION ( 'NONE',  ( 0.0000000000000000000, 1.000000000000000000, -0.0000000000000000000 ) ) ;
#6778 = VECTOR ( 'NONE', #7476, 1000.000000000000000 ) ;
#6779 = ORIENTED_EDGE ( 'NONE', *, *, #2070, .F. ) ;
#6780 = VECTOR ( 'NONE', #7500, 1000.000000000000100 ) ;
#6781 = ADVANCED_FACE ( 'NONE', ( #3528 ), #997, .F. ) ;
#6782 = EDGE_LOOP ( 'NONE', ( #1881, #1243, #2208, #4869 ) ) ;
#6783 = CARTESIAN_POINT ( 'NONE',  ( 3.038251868144765700, 0.0000000000000000000, 3.745358649331330000 ) ) ;
#6784 = EDGE_CURVE ( 'NONE', #7736, #409, #6559, .T. ) ;
#6785 = CARTESIAN_POINT ( 'NONE',  ( -2.918057294831143200, 0.2500000000000000000, -4.079821273546523100 ) ) ;
#6786 = ORIENTED_EDGE ( 'NONE', *, *, #3775, .T. ) ;
#6787 = AXIS2_PLACEMENT_3D ( 'NONE', #7772, #4698, #5193 ) ;
#6788 = VECTOR ( 'NONE', #787, 1000.000000000000100 ) ;
#6789 = ORIENTED_EDGE ( 'NONE', *, *, #121, .F. ) ;
#6790 = LINE ( 'NONE', #1352, #5160 ) ;
#6791 = DIRECTION ( 'NONE',  ( 0.0000000000000000000, 0.0000000000000000000, 1.000000000000000000 ) ) ;
#6792 = DIRECTION ( 'NONE',  ( -0.4994745683111417900, 0.7231295001038960900, -0.4770837260794879000 ) ) ;
#6793 = CARTESIAN_POINT ( 'NONE',  ( 3.534314575036435100, -5.421010862427522200E-017, -2.450000000010273700 ) ) ;
#6794 = STYLED_ITEM ( 'NONE', ( #2210 ), #345 ) ;
#6795 = CARTESIAN_POINT ( 'NONE',  ( -3.640380592212174400, -0.04393398281977555600, 2.449999999999999300 ) ) ;
#6796 = DIRECTION ( 'NONE',  ( 0.0000000000000000000, 0.0000000000000000000, 1.000000000000000000 ) ) ;
#6797 = EDGE_CURVE ( 'NONE', #926, #7807, #7656, .T. ) ;
#6798 = LINE ( 'NONE', #3794, #6778 ) ;
#6799 = ORIENTED_EDGE ( 'NONE', *, *, #3786, .T. ) ;
#6800 = CARTESIAN_POINT ( 'NONE',  ( 0.0000000000000000000, 4.400000000000000400, 0.0000000000000000000 ) ) ;
#6801 = LINE ( 'NONE', #3458, #2004 ) ;
#6802 = DIRECTION ( 'NONE',  ( 0.0000000000000000000, -1.000000000000000000, 0.0000000000000000000 ) ) ;
#6803 = ORIENTED_EDGE ( 'NONE', *, *, #3202, .T. ) ;
#6804 = DIRECTION ( 'NONE',  ( 0.0000000000000000000, 0.0000000000000000000, 1.000000000000000000 ) ) ;
#6805 = DIRECTION ( 'NONE',  ( 0.0000000000000000000, 0.0000000000000000000, 1.000000000000000000 ) ) ;
#6806 = CARTESIAN_POINT ( 'NONE',  ( 0.0000000000000000000, 0.0000000000000000000, -5.100000000000001400 ) ) ;
#6807 = ADVANCED_FACE ( 'NONE', ( #3254 ), #7520, .F. ) ;
#6808 = ORIENTED_EDGE ( 'NONE', *, *, #5564, .F. ) ;
#6809 = VERTEX_POINT ( 'NONE', #8016 ) ;
#6811 = VECTOR ( 'NONE', #5166, 999.9999999999998900 ) ;
#6810 = CARTESIAN_POINT ( 'NONE',  ( -4.200000000000002000, -0.2500000000000000000, 0.5000000000000002200 ) ) ;
#6812 = CARTESIAN_POINT ( 'NONE',  ( -6.000000000000000000, 5.000000000000000000, 3.000000000000000000 ) ) ;
#6813 = CARTESIAN_POINT ( 'NONE',  ( 5.999999999999999100, 4.400000000000000400, 3.000000000000000000 ) ) ;
#6814 = ORIENTED_EDGE ( 'NONE', *, *, #4816, .F. ) ;
#6815 = EDGE_CURVE ( 'NONE', #7197, #4771, #6751, .T. ) ;
#6816 = ORIENTED_EDGE ( 'NONE', *, *, #8095, .F. ) ;
#6817 = DIRECTION ( 'NONE',  ( -0.5130781995407813800, 0.08715574274766198200, -0.8539055203370532500 ) ) ;
#6818 = VERTEX_POINT ( 'NONE', #8101 ) ;
#6819 = VERTEX_POINT ( 'NONE', #7404 ) ;
#6820 = DIRECTION ( 'NONE',  ( -8.394056135494343500E-016, -1.000000000000000000, -1.232845926122613200E-015 ) ) ;
#6821 = CARTESIAN_POINT ( 'NONE',  ( -4.242640687119284800, 5.000000000000000000, -4.242640687119284800 ) ) ;
#6822 = AXIS2_PLACEMENT_3D ( 'NONE', #4800, #365, #5966 ) ;
#6823 = CARTESIAN_POINT ( 'NONE',  ( 3.982663422528959900, 0.1912053364946848000, 3.273322737776073000 ) ) ;
#6824 = VERTEX_POINT ( 'NONE', #3094 ) ;
#6825 = CARTESIAN_POINT ( 'NONE',  ( 4.242640687119284800, 5.000000000000000000, 3.242640687119283000 ) ) ;
#6826 = ORIENTED_EDGE ( 'NONE', *, *, #5265, .F. ) ;
#6827 = VERTEX_POINT ( 'NONE', #3039 ) ;
#6828 = CARTESIAN_POINT ( 'NONE',  ( -6.717514421272199800, 0.0000000000000000000, -6.010407640085673200 ) ) ;
#6829 = EDGE_CURVE ( 'NONE', #4765, #4699, #6959, .T. ) ;
#6830 = ADVANCED_FACE ( 'NONE', ( #5406 ), #6226, .F. ) ;
#6831 = DIRECTION ( 'NONE',  ( 0.0000000000000000000, 0.0000000000000000000, -1.000000000000000000 ) ) ;
#6832 = ORIENTED_EDGE ( 'NONE', *, *, #627, .T. ) ;
#6833 = CARTESIAN_POINT ( 'NONE',  ( 5.499999999999998200, -0.2499999999999988100, 0.5000000000000000000 ) ) ;
#6834 = ORIENTED_EDGE ( 'NONE', *, *, #7308, .F. ) ;
#6835 = AXIS2_PLACEMENT_3D ( 'NONE', #4323, #6738, #7467 ) ;
#6836 = CARTESIAN_POINT ( 'NONE',  ( 3.141023623307766000, 0.3606199873797604800, 3.854930597962325400 ) ) ;
#6837 = DIRECTION ( 'NONE',  ( -0.0000000000000000000, 1.000000000000000000, -0.0000000000000000000 ) ) ;
#6838 = EDGE_CURVE ( 'NONE', #7819, #2082, #7452, .T. ) ;
#6839 = EDGE_LOOP ( 'NONE', ( #1628, #6926, #759, #4541 ) ) ;
#6840 = B_SPLINE_CURVE_WITH_KNOTS ( 'NONE', 1,
 ( #6171, #6854 ),
 .UNSPECIFIED., .F., .F.,
 ( 2, 2 ),
 ( 0.0000000000000000000, 1.000000000000000000 ),
 .UNSPECIFIED. ) ;
#6841 = ORIENTED_EDGE ( 'NONE', *, *, #4723, .F. ) ;
#6842 = AXIS2_PLACEMENT_3D ( 'NONE', #3535, #2348, #2922 ) ;
#6843 = DIRECTION ( 'NONE',  ( -1.000000000000000000, 0.0000000000000000000, 0.0000000000000000000 ) ) ;
#6844 = EDGE_CURVE ( 'NONE', #7497, #6717, #4042, .T. ) ;
#6845 = DIRECTION ( 'NONE',  ( 0.5150380749100605900, -9.486769009248159900E-016, 0.8571673007021084500 ) ) ;
#6846 = ADVANCED_FACE ( 'NONE', ( #4345 ), #410, .F. ) ;
#6847 = VECTOR ( 'NONE', #6607, 1000.000000000000100 ) ;
#6848 = CARTESIAN_POINT ( 'NONE',  ( 3.821364523832308200, 0.3217020011855067900, 3.119254674084829900 ) ) ;
#6849 = CARTESIAN_POINT ( 'NONE',  ( -3.817157287505073900, 0.1328427124805983100, 2.450000000007637200 ) ) ;
#6850 = CARTESIAN_POINT ( 'NONE',  ( -2.379457550551450600, 0.3999999999999999700, -4.435071983487119100 ) ) ;
#6851 = DIRECTION ( 'NONE',  ( 0.0000000000000000000, 0.0000000000000000000, -1.000000000000000000 ) ) ;
#6852 = EDGE_CURVE ( 'NONE', #7055, #3230, #5305, .T. ) ;
#6853 = VECTOR ( 'NONE', #554, 1000.000000000000000 ) ;
#6854 = CARTESIAN_POINT ( 'NONE',  ( -4.011556637993666500, 0.4000000000000019100, -3.305486196285772200 ) ) ;
#6855 = VECTOR ( 'NONE', #3679, 1000.000000000000000 ) ;
#6856 = VERTEX_POINT ( 'NONE', #4899 ) ;
#6857 = DIRECTION ( 'NONE',  ( -0.5150380749100536000, 0.0000000000000000000, 0.8571673007021126700 ) ) ;
#6858 = CARTESIAN_POINT ( 'NONE',  ( -3.398528137423869800, 0.0000000000000000000, 2.549999999999999400 ) ) ;
#6859 = ORIENTED_EDGE ( 'NONE', *, *, #5497, .F. ) ;
#6860 = DIRECTION ( 'NONE',  ( 0.6907124771418919900, -3.491481338843133400E-015, -0.7231295001038965400 ) ) ;
#6861 = VERTEX_POINT ( 'NONE', #4990 ) ;
#6862 = LINE ( 'NONE', #217, #6569 ) ;
#6863 = VECTOR ( 'NONE', #2235, 1000.000000000000000 ) ;
#6864 = EDGE_CURVE ( 'NONE', #1511, #279, #3737, .T. ) ;
#6865 = DIRECTION ( 'NONE',  ( 0.0000000000000000000, -1.000000000000000000, 0.0000000000000000000 ) ) ;
#6866 = LINE ( 'NONE', #880, #2162 ) ;
#6867 = ADVANCED_FACE ( 'NONE', ( #5205 ), #1147, .F. ) ;
#6868 = ORIENTED_EDGE ( 'NONE', *, *, #465, .F. ) ;
#6869 = LINE ( 'NONE', #1784, #317 ) ;
#6870 = AXIS2_PLACEMENT_3D ( 'NONE', #2870, #6679, #6600 ) ;
#6871 = CARTESIAN_POINT ( 'NONE',  ( -2.232323454269456300, 0.0000000000000000000, -4.491851733474571300 ) ) ;
#6872 = LINE ( 'NONE', #3016, #6377 ) ;
#6873 = DIRECTION ( 'NONE',  ( 0.0000000000000000000, 0.0000000000000000000, -1.000000000000000000 ) ) ;
#6874 = CARTESIAN_POINT ( 'NONE',  ( -2.360593004154651900, 0.2282110643130845200, -4.705328113558835000 ) ) ;
#6875 = EDGE_CURVE ( 'NONE', #6627, #6984, #5791, .T. ) ;
#6876 = EDGE_LOOP ( 'NONE', ( #1131, #2577, #3399, #3807 ) ) ;
#6877 = VECTOR ( 'NONE', #5346, 1000.000000000000000 ) ;
#6878 = CARTESIAN_POINT ( 'NONE',  ( -3.000000000000000000, 4.400000000000000400, 4.399502812818740300 ) ) ;
#6879 = DIRECTION ( 'NONE',  ( -0.0000000000000000000, -1.000000000000000000, -0.0000000000000000000 ) ) ;
#6880 = VECTOR ( 'NONE', #4164, 1000.000000000000100 ) ;
#6882 = CIRCLE ( 'NONE', #7405, 0.1000000000000002600 ) ;
#6881 = DIRECTION ( 'NONE',  ( 0.0000000000000000000, 0.0000000000000000000, 1.000000000000000000 ) ) ;
#6883 = AXIS2_PLACEMENT_3D ( 'NONE', #3001, #7360, #7479 ) ;
#6884 = ORIENTED_EDGE ( 'NONE', *, *, #136, .F. ) ;
#6885 = VECTOR ( 'NONE', #1342, 1000.000000000000000 ) ;
#6886 = DIRECTION ( 'NONE',  ( -0.6907124771418926600, -3.491481338843132600E-015, 0.7231295001038958700 ) ) ;
#6887 = ORIENTED_EDGE ( 'NONE', *, *, #6002, .T. ) ;
#6888 = FACE_OUTER_BOUND ( 'NONE', #1250, .T. ) ;
#6889 = EDGE_CURVE ( 'NONE', #1445, #8029, #1561, .T. ) ;
#6890 = CARTESIAN_POINT ( 'NONE',  ( -4.650000000000000400, -0.5000000000000001100, 0.5000000000000001100 ) ) ;
#6891 = VECTOR ( 'NONE', #2429, 1000.000000000000000 ) ;
#6892 = ADVANCED_FACE ( 'NONE', ( #2452 ), #2591, .F. ) ;
#6893 = DIRECTION ( 'NONE',  ( 0.0000000000000000000, -1.000000000000000000, 0.0000000000000000000 ) ) ;
#6894 = VERTEX_POINT ( 'NONE', #706 ) ;
#6895 = CARTESIAN_POINT ( 'NONE',  ( -5.750000000000000000, 0.0000000000000000000, -2.450000000000001100 ) ) ;
#6896 =( NAMED_UNIT ( * ) PLANE_ANGLE_UNIT ( ) SI_UNIT ( $, .RADIAN. ) );
#6897 = EDGE_CURVE ( 'NONE', #6257, #5511, #7245, .T. ) ;
#6898 = VECTOR ( 'NONE', #4198, 1000.000000000000000 ) ;
#6899 = ORIENTED_EDGE ( 'NONE', *, *, #4762, .F. ) ;
#6900 = CIRCLE ( 'NONE', #3843, 0.4999999999999995600 ) ;
#6901 = PLANE ( 'NONE',  #4862 ) ;
#6902 = EDGE_CURVE ( 'NONE', #2380, #5760, #209, .T. ) ;
#6903 = VERTEX_POINT ( 'NONE', #107 ) ;
#6904 = DIRECTION ( 'NONE',  ( 0.0000000000000000000, 0.0000000000000000000, -1.000000000000000000 ) ) ;
#6905 =( GEOMETRIC_REPRESENTATION_CONTEXT ( 3 ) GLOBAL_UNCERTAINTY_ASSIGNED_CONTEXT ( ( #239 ) ) GLOBAL_UNIT_ASSIGNED_CONTEXT ( ( #745, #2576, #1949 ) ) REPRESENTATION_CONTEXT ( 'NONE', 'WORKASPACE' ) );
#6906 = DIRECTION ( 'NONE',  ( 1.000000000000000000, 0.0000000000000000000, 0.0000000000000000000 ) ) ;
#6907 = EDGE_LOOP ( 'NONE', ( #8105, #6868, #6512, #1615 ) ) ;
#6908 = ORIENTED_EDGE ( 'NONE', *, *, #6145, .T. ) ;
#6909 = VECTOR ( 'NONE', #2186, 1000.000000000000100 ) ;
#6910 = AXIS2_PLACEMENT_3D ( 'NONE', #454, #3025, #3643 ) ;
#6911 = DIRECTION ( 'NONE',  ( 0.0000000000000000000, -1.000000000000000000, 0.0000000000000000000 ) ) ;
#6912 = ORIENTED_EDGE ( 'NONE', *, *, #959, .F. ) ;
#6913 = ORIENTED_EDGE ( 'NONE', *, *, #6271, .F. ) ;
#6914 = ORIENTED_EDGE ( 'NONE', *, *, #5656, .F. ) ;
#6915 = CARTESIAN_POINT ( 'NONE',  ( 0.0000000000000000000, 4.400000000000000400, 3.000000000000000000 ) ) ;
#6916 = EDGE_CURVE ( 'NONE', #6927, #409, #3635, .T. ) ;
#6917 = DIRECTION ( 'NONE',  ( 0.0000000000000000000, 0.0000000000000000000, -1.000000000000000000 ) ) ;
#6918 = ORIENTED_EDGE ( 'NONE', *, *, #7728, .F. ) ;
#6919 = ORIENTED_EDGE ( 'NONE', *, *, #7753, .T. ) ;
#6920 = ORIENTED_EDGE ( 'NONE', *, *, #7070, .F. ) ;
#6921 = CARTESIAN_POINT ( 'NONE',  ( 4.091316040819106300, 4.170189603414773000, -3.260954597208889800 ) ) ;
#6922 = AXIS2_PLACEMENT_3D ( 'NONE', #4446, #7559, #677 ) ;
#6923 = VERTEX_POINT ( 'NONE', #6279 ) ;
#6924 = CARTESIAN_POINT ( 'NONE',  ( -3.078507871027547500, 0.2661659644585282500, 3.783485124018387800 ) ) ;
#6925 = VERTEX_POINT ( 'NONE', #7603 ) ;
#6926 = ORIENTED_EDGE ( 'NONE', *, *, #2325, .F. ) ;
#6927 = VERTEX_POINT ( 'NONE', #135 ) ;
#6928 = DIRECTION ( 'NONE',  ( -0.5130781995407752700, 0.08715574274766137200, 0.8539055203370570200 ) ) ;
#6929 = EDGE_CURVE ( 'NONE', #918, #4299, #793, .T. ) ;
#6930 = DIRECTION ( 'NONE',  ( 0.0000000000000000000, -0.0000000000000000000, 1.000000000000000000 ) ) ;
#6931 = ORIENTED_EDGE ( 'NONE', *, *, #718, .F. ) ;
#6932 = ORIENTED_EDGE ( 'NONE', *, *, #6971, .F. ) ;
#6933 = VERTEX_POINT ( 'NONE', #3204 ) ;
#6934 = ORIENTED_EDGE ( 'NONE', *, *, #1528, .T. ) ;
#6935 = ADVANCED_FACE ( 'NONE', ( #5610 ), #5125, .F. ) ;
#6936 = DIRECTION ( 'NONE',  ( 0.5150380749100603700, 0.0000000000000000000, 0.8571673007021085600 ) ) ;
#6937 = AXIS2_PLACEMENT_3D ( 'NONE', #5605, #4392, #6213 ) ;
#6938 = CARTESIAN_POINT ( 'NONE',  ( 0.0000000000000000000, -2.600000000000000100, -4.924999999999998900 ) ) ;
#6939 = VERTEX_POINT ( 'NONE', #657 ) ;
#6940 = ORIENTED_EDGE ( 'NONE', *, *, #6453, .F. ) ;
#6941 = DIRECTION ( 'NONE',  ( -0.7071067811865487900, -0.0000000000000000000, 0.7071067811865463500 ) ) ;
#6942 = CARTESIAN_POINT ( 'NONE',  ( 4.236474484209154000, -13.80215859328339600, 3.070012341272741800 ) ) ;
#6943 = EDGE_CURVE ( 'NONE', #379, #5271, #5022, .T. ) ;
#6944 = CARTESIAN_POINT ( 'NONE',  ( 2.366762917508867100, 0.3651377029009364400, 4.715596573762136100 ) ) ;
#6945 = DIRECTION ( 'NONE',  ( -0.7231295001038959800, -3.491481338843133000E-015, -0.6907124771418926600 ) ) ;
#6946 = AXIS2_PLACEMENT_3D ( 'NONE', #3863, #6930, #3893 ) ;
#6947 = ORIENTED_EDGE ( 'NONE', *, *, #3931, .F. ) ;
#6948 = DIRECTION ( 'NONE',  ( 0.6907124771418926600, 0.0000000000000000000, -0.7231295001038959800 ) ) ;
#6949 = CARTESIAN_POINT ( 'NONE',  ( -4.242640687119284800, 0.0000000000000000000, 4.242640687119285700 ) ) ;
#6950 = DIRECTION ( 'NONE',  ( 0.0000000000000000000, 0.0000000000000000000, -1.000000000000000000 ) ) ;
#6951 = DIRECTION ( 'NONE',  ( -1.000000000000000200, 0.0000000000000000000, 0.0000000000000000000 ) ) ;
#6952 = EDGE_CURVE ( 'NONE', #7432, #1049, #6456, .T. ) ;
#6953 =( GEOMETRIC_REPRESENTATION_CONTEXT ( 3 ) GLOBAL_UNCERTAINTY_ASSIGNED_CONTEXT ( ( #4489 ) ) GLOBAL_UNIT_ASSIGNED_CONTEXT ( ( #3195, #1957, #1366 ) ) REPRESENTATION_CONTEXT ( 'NONE', 'WORKASPACE' ) );
#6954 = VECTOR ( 'NONE', #1403, 1000.000000000000000 ) ;
#6955 = VECTOR ( 'NONE', #5237, 1000.000000000000100 ) ;
#6956 = DIRECTION ( 'NONE',  ( -1.000000000000000000, 0.0000000000000000000, 1.204669080539449300E-016 ) ) ;
#6957 = AXIS2_PLACEMENT_3D ( 'NONE', #3387, #2784, #1457 ) ;
#6958 = CARTESIAN_POINT ( 'NONE',  ( 2.360593004154651000, 0.2282110643130845500, 4.705328113558831400 ) ) ;
#6959 = LINE ( 'NONE', #1224, #4724 ) ;
#6960 = LINE ( 'NONE', #6289, #4751 ) ;
#6961 = CARTESIAN_POINT ( 'NONE',  ( 2.918057294831113000, 0.2500000000000000000, -4.079821273546540900 ) ) ;
#6962 = CYLINDRICAL_SURFACE ( 'NONE', #1709, 1.000000000000001800 ) ;
#6963 = LINE ( 'NONE', #2265, #3756 ) ;
#6964 = DIRECTION ( 'NONE',  ( 1.000000000000000000, 0.0000000000000000000, -0.0000000000000000000 ) ) ;
#6965 = LINE ( 'NONE', #2173, #2164 ) ;
#6966 = CARTESIAN_POINT ( 'NONE',  ( -4.140508901201028100, 3.163880643471973700, -3.170481851183635700 ) ) ;
#6967 = DIRECTION ( 'NONE',  ( 0.0000000000000000000, 0.0000000000000000000, 1.000000000000000000 ) ) ;
#6968 = ORIENTED_EDGE ( 'NONE', *, *, #5835, .F. ) ;
#6969 = ADVANCED_FACE ( 'NONE', ( #2349 ), #5155, .T. ) ;
#6970 = EDGE_LOOP ( 'NONE', ( #2920, #4673, #2218, #2126, #1929, #4161, #7418, #7732, #1389 ) ) ;
#6971 = EDGE_CURVE ( 'NONE', #7013, #232, #3440, .T. ) ;
#6972 = FACE_OUTER_BOUND ( 'NONE', #3129, .T. ) ;
#6973 = AXIS2_PLACEMENT_3D ( 'NONE', #90, #3791, #2486 ) ;
#6974 = CARTESIAN_POINT ( 'NONE',  ( -3.745358649331324700, 0.2500000000000000000, 3.038251868144763000 ) ) ;
#6975 = DIRECTION ( 'NONE',  ( -0.01583271637848234300, 0.9997372496366935300, 0.01657578899896324300 ) ) ;
#6976 = APPLICATION_PROTOCOL_DEFINITION ( 'draft international standard', 'automotive_design', 1998, #3803 ) ;
#6977 = FACE_OUTER_BOUND ( 'NONE', #2063, .T. ) ;
#6978 = FACE_OUTER_BOUND ( 'NONE', #1714, .T. ) ;
#6979 = ORIENTED_EDGE ( 'NONE', *, *, #2523, .F. ) ;
#6980 = CIRCLE ( 'NONE', #3986, 5.325000000000001100 ) ;
#6981 = CARTESIAN_POINT ( 'NONE',  ( -6.000000000000000000, 4.400000000000000400, 3.000000000000000000 ) ) ;
#6982 = VERTEX_POINT ( 'NONE', #3174 ) ;
#6983 = LINE ( 'NONE', #6806, #5817 ) ;
#6984 = VERTEX_POINT ( 'NONE', #2537 ) ;
#6985 = VECTOR ( 'NONE', #1556, 1000.000000000000000 ) ;
#6986 = CARTESIAN_POINT ( 'NONE',  ( 3.354449697075264400, 2.784140959757548400, 3.993432960570880500 ) ) ;
#6987 = EDGE_CURVE ( 'NONE', #1108, #3910, #4915, .T. ) ;
#6988 = DIRECTION ( 'NONE',  ( 0.5150380749100538200, -0.0000000000000000000, -0.8571673007021124400 ) ) ;
#6989 = VERTEX_POINT ( 'NONE', #3781 ) ;
#6990 = VECTOR ( 'NONE', #1659, 1000.000000000000100 ) ;
#6991 = AXIS2_PLACEMENT_3D ( 'NONE', #855, #1338, #5965 ) ;
#6992 = VERTEX_POINT ( 'NONE', #7551 ) ;
#6993 = DIRECTION ( 'NONE',  ( 7.669334455905172000E-016, -1.000000000000000000, 1.276391597824665100E-015 ) ) ;
#6994 = CYLINDRICAL_SURFACE ( 'NONE', #3149, 5.325000000000001100 ) ;
#6995 = DIRECTION ( 'NONE',  ( -0.0000000000000000000, 1.000000000000000000, -0.0000000000000000000 ) ) ;
#6996 = EDGE_CURVE ( 'NONE', #1758, #3902, #8046, .T. ) ;
#6997 = AXIS2_PLACEMENT_3D ( 'NONE', #8006, #7392, #1137 ) ;
#6998 = FACE_OUTER_BOUND ( 'NONE', #4746, .T. ) ;
#6999 = ORIENTED_EDGE ( 'NONE', *, *, #7554, .T. ) ;
#7000 = VERTEX_POINT ( 'NONE', #7754 ) ;
#7002 = FACE_OUTER_BOUND ( 'NONE', #4795, .T. ) ;
#7001 = DIRECTION ( 'NONE',  ( -0.8571673007021132200, 0.0000000000000000000, -0.5150380749100526000 ) ) ;
#7003 = CARTESIAN_POINT ( 'NONE',  ( 0.0000000000000000000, 0.0000000000000000000, -1.000000000000000000 ) ) ;
#7004 =( LENGTH_UNIT ( ) NAMED_UNIT ( * ) SI_UNIT ( .MILLI., .METRE. ) );
#7005 = EDGE_CURVE ( 'NONE', #1730, #4617, #13, .T. ) ;
#7006 = ORIENTED_EDGE ( 'NONE', *, *, #7915, .T. ) ;
#7007 = PLANE ( 'NONE',  #3883 ) ;
#7008 = ORIENTED_EDGE ( 'NONE', *, *, #6097, .F. ) ;
#7009 = LINE ( 'NONE', #6597, #847 ) ;
#7010 = ORIENTED_EDGE ( 'NONE', *, *, #6875, .T. ) ;
#7011 = ADVANCED_FACE ( 'NONE', ( #2049 ), #4662, .F. ) ;
#7012 = CARTESIAN_POINT ( 'NONE',  ( -3.000000000000000000, 5.000000000000000000, 6.000000000000000000 ) ) ;
#7013 = VERTEX_POINT ( 'NONE', #7655 ) ;
#7014 = ORIENTED_EDGE ( 'NONE', *, *, #5470, .T. ) ;
#7015 = LINE ( 'NONE', #711, #576 ) ;
#7016 = CARTESIAN_POINT ( 'NONE',  ( 5.999999999999999100, 0.0000000000000000000, 6.000000000000000000 ) ) ;
#7017 = DIRECTION ( 'NONE',  ( -0.0000000000000000000, 0.0000000000000000000, -1.000000000000000000 ) ) ;
#7018 = VERTEX_POINT ( 'NONE', #838 ) ;
#7019 = DIRECTION ( 'NONE',  ( -0.5130781995407818200, -0.08715574274766251000, -0.8539055203370528000 ) ) ;
#7020 = AXIS2_PLACEMENT_3D ( 'NONE', #3476, #1621, #6037 ) ;
#7021 = ORIENTED_EDGE ( 'NONE', *, *, #7706, .T. ) ;
#7022 = ORIENTED_EDGE ( 'NONE', *, *, #448, .T. ) ;
#7023 = CARTESIAN_POINT ( 'NONE',  ( -4.242640687119284800, 0.0000000000000000000, -5.242640687119286500 ) ) ;
#7024 = VERTEX_POINT ( 'NONE', #2081 ) ;
#7025 = DIRECTION ( 'NONE',  ( 0.0000000000000000000, 1.000000000000000000, 0.0000000000000000000 ) ) ;
#7026 = ORIENTED_EDGE ( 'NONE', *, *, #4723, .T. ) ;
#7027 = ORIENTED_EDGE ( 'NONE', *, *, #924, .T. ) ;
#7028 = EDGE_CURVE ( 'NONE', #6894, #418, #7148, .T. ) ;
#7029 = CARTESIAN_POINT ( 'NONE',  ( -3.080172222182910400, 4.170189603414794300, -3.918637921533638700 ) ) ;
#7030 = CARTESIAN_POINT ( 'NONE',  ( -4.156066017177984400, -0.2060660171779828100, 2.449999999999999300 ) ) ;
#7031 = AXIS2_PLACEMENT_3D ( 'NONE', #2893, #2303, #1462 ) ;
#7032 = EDGE_CURVE ( 'NONE', #562, #4706, #3852, .T. ) ;
#7033 = VECTOR ( 'NONE', #3766, 1000.000000000000000 ) ;
#7034 = CARTESIAN_POINT ( 'NONE',  ( 3.971246375769741400, 0.4000000000000019100, -3.260401836524367000 ) ) ;
#7035 = LINE ( 'NONE', #7846, #3436 ) ;
#7036 = DIRECTION ( 'NONE',  ( 0.0000000000000000000, 0.0000000000000000000, 1.000000000000000000 ) ) ;
#7037 = CARTESIAN_POINT ( 'NONE',  ( 2.000000000000000400, 0.0000000000000000000, 1.000000000000000000 ) ) ;
#7038 = AXIS2_PLACEMENT_3D ( 'NONE', #2585, #1399, #5771 ) ;
#7039 = ADVANCED_FACE ( 'NONE', ( #3938 ), #7142, .T. ) ;
#7040 = FACE_OUTER_BOUND ( 'NONE', #7901, .T. ) ;
#7041 = DIRECTION ( 'NONE',  ( 0.0000000000000000000, 0.0000000000000000000, 1.000000000000000000 ) ) ;
#7042 = FACE_OUTER_BOUND ( 'NONE', #5126, .T. ) ;
#7043 = DIRECTION ( 'NONE',  ( 0.0000000000000000000, -1.000000000000000000, 0.0000000000000000000 ) ) ;
#7044 = CARTESIAN_POINT ( 'NONE',  ( 4.999999999999999100, 5.000000000000000000, -6.000000000000000000 ) ) ;
#7045 = VERTEX_POINT ( 'NONE', #1999 ) ;
#7046 = EDGE_CURVE ( 'NONE', #5535, #5457, #2555, .T. ) ;
#7047 = AXIS2_PLACEMENT_3D ( 'NONE', #2579, #155, #725 ) ;
#7048 = EDGE_LOOP ( 'NONE', ( #7319, #3420, #1350, #6704 ) ) ;
#7049 = LINE ( 'NONE', #7664, #7946 ) ;
#7050 = CIRCLE ( 'NONE', #3967, 4.924999999999999800 ) ;
#7051 = AXIS2_PLACEMENT_3D ( 'NONE', #6072, #1650, #6049 ) ;
#7052 = ORIENTED_EDGE ( 'NONE', *, *, #4715, .F. ) ;
#7053 = EDGE_CURVE ( 'NONE', #479, #455, #4718, .T. ) ;
#7054 = CARTESIAN_POINT ( 'NONE',  ( 3.817157287505073900, 0.1328427124805988100, 2.450000000007637200 ) ) ;
#7055 = VERTEX_POINT ( 'NONE', #808 ) ;
#7056 = LINE ( 'NONE', #5232, #5222 ) ;
#7057 = VERTEX_POINT ( 'NONE', #7707 ) ;
#7058 = VERTEX_POINT ( 'NONE', #1505 ) ;
#7059 = VECTOR ( 'NONE', #4214, 1000.000000000000000 ) ;
#7060 = VECTOR ( 'NONE', #467, 1000.000000000000000 ) ;
#7061 = DIRECTION ( 'NONE',  ( 0.0000000000000000000, -0.0000000000000000000, 1.000000000000000000 ) ) ;
#7062 = CARTESIAN_POINT ( 'NONE',  ( 3.067465623966121800, 0.6973362886642217000, 4.328478490218136800 ) ) ;
#7063 = FACE_OUTER_BOUND ( 'NONE', #2947, .T. ) ;
#7064 = DIRECTION ( 'NONE',  ( 0.0000000000000000000, 0.0000000000000000000, 1.000000000000000000 ) ) ;
#7065 = CARTESIAN_POINT ( 'NONE',  ( 0.0000000000000000000, 0.0000000000000000000, 0.0000000000000000000 ) ) ;
#7066 = VECTOR ( 'NONE', #6099, 1000.000000000000000 ) ;
#7067 = CARTESIAN_POINT ( 'NONE',  ( 0.0000000000000000000, 5.000000000000000000, 0.0000000000000000000 ) ) ;
#7068 = FACE_OUTER_BOUND ( 'NONE', #4204, .T. ) ;
#7069 = DIRECTION ( 'NONE',  ( 0.6907124771418926600, 3.491481338843132600E-015, -0.7231295001038958700 ) ) ;
#7070 = EDGE_CURVE ( 'NONE', #688, #5884, #2648, .T. ) ;
#7071 = CYLINDRICAL_SURFACE ( 'NONE', #7047, 5.325000000000001100 ) ;
#7072 = PLANE ( 'NONE',  #3175 ) ;
#7073 = CARTESIAN_POINT ( 'NONE',  ( -0.9499999999999988500, 0.0000000000000000000, -1.000000000000000000 ) ) ;
#7074 = ORIENTED_EDGE ( 'NONE', *, *, #5696, .T. ) ;
#7075 = LINE ( 'NONE', #596, #4757 ) ;
#7076 = CARTESIAN_POINT ( 'NONE',  ( -3.170481851183575300, 3.163880643471966600, 4.140508901201087600 ) ) ;
#7077 = VECTOR ( 'NONE', #5016, 1000.000000000000000 ) ;
#7078 = DIRECTION ( 'NONE',  ( 0.0000000000000000000, 0.0000000000000000000, 1.000000000000000000 ) ) ;
#7079 = AXIS2_PLACEMENT_3D ( 'NONE', #4335, #3657, #4316 ) ;
#7080 = FILL_AREA_STYLE_COLOUR ( '', #3992 ) ;
#7081 = CARTESIAN_POINT ( 'NONE',  ( 3.567932165683047200, -4.815984494934301800, 3.407986071760451100 ) ) ;
#7082 = ORIENTED_EDGE ( 'NONE', *, *, #1541, .F. ) ;
#7083 = ORIENTED_EDGE ( 'NONE', *, *, #101, .F. ) ;
#7084 = DIRECTION ( 'NONE',  ( 1.000000000000000000, 8.031127203596331800E-017, -8.031127203596331800E-017 ) ) ;
#7085 = ADVANCED_FACE ( 'NONE', ( #2147 ), #7086, .T. ) ;
#7086 = PLANE ( 'NONE',  #1388 ) ;
#7087 = CIRCLE ( 'NONE', #4979, 1.000000000000001800 ) ;
#7088 = EDGE_CURVE ( 'NONE', #1604, #5107, #1558, .T. ) ;
#7089 = EDGE_LOOP ( 'NONE', ( #1422, #468, #287, #2032 ) ) ;
#7090 = LINE ( 'NONE', #532, #551 ) ;
#7091 = VERTEX_POINT ( 'NONE', #3337 ) ;
#7092 = ORIENTED_EDGE ( 'NONE', *, *, #7753, .F. ) ;
#7093 = CARTESIAN_POINT ( 'NONE',  ( -5.499999999999998200, -0.2500000000000001700, 0.5000000000000000000 ) ) ;
#7094 = AXIS2_PLACEMENT_3D ( 'NONE', #5206, #4579, #6448 ) ;
#7095 = ORIENTED_EDGE ( 'NONE', *, *, #2916, .T. ) ;
#7096 = EDGE_LOOP ( 'NONE', ( #3702, #7861, #5007, #7902 ) ) ;
#7097 = LINE ( 'NONE', #1002, #742 ) ;
#7098 = CARTESIAN_POINT ( 'NONE',  ( 0.9500000000000005100, 0.0000000000000000000, 1.000000000000000000 ) ) ;
#7099 = CARTESIAN_POINT ( 'NONE',  ( 0.0000000000000000000, -1.500000000000002400, 0.0000000000000000000 ) ) ;
#7100 = CARTESIAN_POINT ( 'NONE',  ( -3.038251868144765200, 0.2500000000000000000, -3.745358649331325100 ) ) ;
#7101 = EDGE_CURVE ( 'NONE', #6819, #2437, #7445, .T. ) ;
#7102 = VERTEX_POINT ( 'NONE', #3357 ) ;
#7103 = ORIENTED_EDGE ( 'NONE', *, *, #4876, .F. ) ;
#7104 = PLANE ( 'NONE',  #7883 ) ;
#7105 = DIRECTION ( 'NONE',  ( -0.0000000000000000000, -1.000000000000000000, -0.0000000000000000000 ) ) ;
#7106 = ORIENTED_EDGE ( 'NONE', *, *, #5898, .F. ) ;
#7107 = ORIENTED_EDGE ( 'NONE', *, *, #3380, .T. ) ;
#7108 = VERTEX_POINT ( 'NONE', #7012 ) ;
#7109 = DIRECTION ( 'NONE',  ( -1.000000000000000000, 0.0000000000000000000, 0.0000000000000000000 ) ) ;
#7110 = EDGE_CURVE ( 'NONE', #6766, #8026, #4036, .T. ) ;
#7111 = CARTESIAN_POINT ( 'NONE',  ( 4.242640687119284800, 5.000000000000000000, -3.242640687119283000 ) ) ;
#7112 = CARTESIAN_POINT ( 'NONE',  ( -3.961020385856837600, 3.591048996928918300, -3.358394252755281300 ) ) ;
#7113 = CARTESIAN_POINT ( 'NONE',  ( 3.354449697075264400, 2.784140959757548400, 3.993432960570880500 ) ) ;
#7114 = CARTESIAN_POINT ( 'NONE',  ( 3.856127629579425800, 0.4000000000000004100, -3.139880253173716900 ) ) ;
#7115 = ORIENTED_EDGE ( 'NONE', *, *, #6675, .F. ) ;
#7116 = ORIENTED_EDGE ( 'NONE', *, *, #7949, .F. ) ;
#7117 = ORIENTED_EDGE ( 'NONE', *, *, #3800, .F. ) ;
#7118 = EDGE_CURVE ( 'NONE', #5687, #5185, #7339, .T. ) ;
#7119 = VERTEX_POINT ( 'NONE', #3936 ) ;
#7120 = ORIENTED_EDGE ( 'NONE', *, *, #3011, .T. ) ;
#7121 = ORIENTED_EDGE ( 'NONE', *, *, #2737, .T. ) ;
#7122 = DIRECTION ( 'NONE',  ( 0.0000000000000000000, 0.0000000000000000000, -1.000000000000000000 ) ) ;
#7123 = VERTEX_POINT ( 'NONE', #2139 ) ;
#7124 = ORIENTED_EDGE ( 'NONE', *, *, #878, .F. ) ;
#7125 = CARTESIAN_POINT ( 'NONE',  ( -0.9499999999999995100, 0.2500000000000000000, -6.299999999999998900 ) ) ;
#7126 = CARTESIAN_POINT ( 'NONE',  ( 0.0000000000000000000, 1.499999999999997100, 0.0000000000000000000 ) ) ;
#7127 = DIRECTION ( 'NONE',  ( -0.0000000000000000000, 1.000000000000000000, -0.0000000000000000000 ) ) ;
#7128 = EDGE_CURVE ( 'NONE', #4897, #8026, #304, .T. ) ;
#7129 = CARTESIAN_POINT ( 'NONE',  ( -3.092591114224414500, 0.2661659644585283600, -3.801827423606675400 ) ) ;
#7130 = ORIENTED_EDGE ( 'NONE', *, *, #3786, .F. ) ;
#7131 = ORIENTED_EDGE ( 'NONE', *, *, #4162, .T. ) ;
#7132 = ORIENTED_EDGE ( 'NONE', *, *, #989, .T. ) ;
#7133 = AXIS2_PLACEMENT_3D ( 'NONE', #7232, #2958, #4737 ) ;
#7134 = CARTESIAN_POINT ( 'NONE',  ( 4.262132034355966300, -0.09999999999999904800, -2.450000000000001100 ) ) ;
#7135 = DIRECTION ( 'NONE',  ( 0.7231295001038967600, -3.491481338843133000E-015, 0.6907124771418916600 ) ) ;
#7136 = EDGE_CURVE ( 'NONE', #5185, #1511, #7555, .T. ) ;
#7137 = CARTESIAN_POINT ( 'NONE',  ( 3.729145877938736800, 0.2500000000000000000, 3.022039096752206600 ) ) ;
#7138 = CARTESIAN_POINT ( 'NONE',  ( 3.745358649331327300, 0.0000000000000000000, -3.038251868144762600 ) ) ;
#7139 = ADVANCED_FACE ( 'NONE', ( #7829 ), #7828, .T. ) ;
#7140 = CARTESIAN_POINT ( 'NONE',  ( -0.9499999999999988500, 0.0000000000000000000, -1.000000000000000000 ) ) ;
#7141 = DIRECTION ( 'NONE',  ( 8.031127203596331800E-017, 6.697973508958929100E-033, -1.000000000000000000 ) ) ;
#7142 = CYLINDRICAL_SURFACE ( 'NONE', #8124, 2.450000000000000200 ) ;
#7143 = AXIS2_PLACEMENT_3D ( 'NONE', #7743, #7156, #5264 ) ;
#7144 = CIRCLE ( 'NONE', #5997, 5.325000000000001100 ) ;
#7145 = PLANE ( 'NONE',  #1335 ) ;
#7146 = CARTESIAN_POINT ( 'NONE',  ( -3.171361079108931500, 2.725251141633911800, 3.793949545425549200 ) ) ;
#7147 = EDGE_CURVE ( 'NONE', #6511, #562, #3846, .T. ) ;
#7148 = CIRCLE ( 'NONE', #251, 0.5000000000000017800 ) ;
#7149 = LINE ( 'NONE', #6795, #216 ) ;
#7150 = DIRECTION ( 'NONE',  ( 0.01583271637848332500, 0.9997372496366935300, -0.01657578899896433600 ) ) ;
#7151 = DIRECTION ( 'NONE',  ( -1.000000000000000000, 0.0000000000000000000, 0.0000000000000000000 ) ) ;
#7152 = EDGE_CURVE ( 'NONE', #5728, #275, #6160, .T. ) ;
#7153 = CONTEXT_DEPENDENT_SHAPE_REPRESENTATION ( #1283, #2531 ) ;
#7154 = DIRECTION ( 'NONE',  ( 0.0000000000000000000, -1.000000000000000000, 0.0000000000000000000 ) ) ;
#7155 = VERTEX_POINT ( 'NONE', #2160 ) ;
#7156 = DIRECTION ( 'NONE',  ( -0.6907124771418919900, 3.491481338843133400E-015, 0.7231295001038965400 ) ) ;
#7157 = ORIENTED_EDGE ( 'NONE', *, *, #7575, .F. ) ;
#7158 = CYLINDRICAL_SURFACE ( 'NONE', #62, 0.4000000000000001900 ) ;
#7159 = DIRECTION ( 'NONE',  ( -0.7229394975650260700, 0.02292229676231366500, -0.6905309921875832900 ) ) ;
#7160 = DIRECTION ( 'NONE',  ( -0.04488852596211264500, 0.9961946980917452100, -0.07470705275169989300 ) ) ;
#7161 = LINE ( 'NONE', #4126, #6078 ) ;
#7162 = ORIENTED_EDGE ( 'NONE', *, *, #8111, .F. ) ;
#7163 = VERTEX_POINT ( 'NONE', #4048 ) ;
#7164 = DIRECTION ( 'NONE',  ( 7.228014483236667000E-016, -1.000000000000000000, 1.445602896647333400E-015 ) ) ;
#7165 = CLOSED_SHELL ( 'NONE', ( #3795, #6435, #5644, #7011, #4588, #1871, #7680, #4966, #4812, #6698, #4409, #5918, #26, #1631, #1268, #2669, #2090, #6624, #5117, #7389, #5789, #51, #1177, #6969, #4304, #511, #2040, #1000, #6867, #6314, #7415, #96, #3422, #7477, #4627, #591, #6739, #470, #2932, #6013, #553, #6442, #6680, #1826, #7719, #5992, #3619, #5189, #3093, #3336, #4514, #5439, #7284, #7434, #7837, #1663, #7453, #252, #1766, #6469, #3685, #2337, #6781, #6892, #2253, #4799, #2806, #7240, #5153, #4364, #652, #3998, #4738, #3136, #1214, #3660, #3071, #747, #5624, #1610, #3173, #7973, #2754, #7085, #7909, #4195, #6830, #3745, #6352, #179, #3517, #5558, #1160, #2419, #5764, #5668, #4390, #3595, #1727, #8081, #3371, #1309, #1235, #7888, #6191 ) ) ;
#7166 = STYLED_ITEM ( 'NONE', ( #4501 ), #501 ) ;
#7167 = CIRCLE ( 'NONE', #6493, 1.000000000000000000 ) ;
#7168 = ORIENTED_EDGE ( 'NONE', *, *, #1129, .T. ) ;
#7169 = VECTOR ( 'NONE', #2491, 1000.000000000000200 ) ;
#7170 = LINE ( 'NONE', #6733, #5527 ) ;
#7171 = DIRECTION ( 'NONE',  ( 0.0000000000000000000, -0.07478243328826626700, -0.9971998734814830900 ) ) ;
#7172 = VECTOR ( 'NONE', #4607, 1000.000000000000000 ) ;
#7173 = AXIS2_PLACEMENT_3D ( 'NONE', #4418, #8118, #6267 ) ;
#7174 = PLANE ( 'NONE',  #943 ) ;
#7175 = VECTOR ( 'NONE', #4753, 1000.000000000000000 ) ;
#7176 = ORIENTED_EDGE ( 'NONE', *, *, #2758, .T. ) ;
#7177 = VECTOR ( 'NONE', #6263, 1000.000000000000200 ) ;
#7178 = DIRECTION ( 'NONE',  ( 0.7071067811865487900, 0.0000000000000000000, -0.7071067811865463500 ) ) ;
#7179 = CARTESIAN_POINT ( 'NONE',  ( 3.792951838837774300, -13.82508089004571200, -3.545943492021567800 ) ) ;
#7180 = ORIENTED_EDGE ( 'NONE', *, *, #5835, .T. ) ;
#7181 = CARTESIAN_POINT ( 'NONE',  ( 3.132808077000298800, 0.4000000000000004100, -3.830774262967693700 ) ) ;
#7182 = DIRECTION ( 'NONE',  ( 0.0000000000000000000, 0.0000000000000000000, 1.000000000000000000 ) ) ;
#7183 = ORIENTED_EDGE ( 'NONE', *, *, #6082, .F. ) ;
#7184 = FACE_OUTER_BOUND ( 'NONE', #3406, .T. ) ;
#7185 = ORIENTED_EDGE ( 'NONE', *, *, #5279, .T. ) ;
#7187 = LINE ( 'NONE', #4236, #2098 ) ;
#7186 = DIRECTION ( 'NONE',  ( 1.000000000000000000, 0.0000000000000000000, 0.0000000000000000000 ) ) ;
#7188 = EDGE_CURVE ( 'NONE', #7715, #5238, #508, .T. ) ;
#7189 = PLANE ( 'NONE',  #3019 ) ;
#7190 = CARTESIAN_POINT ( 'NONE',  ( -5.499999999999998200, -0.5000000000000001100, 2.449999999999999300 ) ) ;
#7191 = CARTESIAN_POINT ( 'NONE',  ( -6.000000000000000000, -2.168404344971008900E-016, 0.5000000000000000000 ) ) ;
#7192 = CARTESIAN_POINT ( 'NONE',  ( 0.0000000000000000000, -1.500000000000002400, 0.0000000000000000000 ) ) ;
#7193 = DIRECTION ( 'NONE',  ( 1.000000000000000000, 8.340016711426986100E-017, -0.0000000000000000000 ) ) ;
#7194 = LINE ( 'NONE', #1270, #6598 ) ;
#7195 = AXIS2_PLACEMENT_3D ( 'NONE', #7067, #4094, #3369 ) ;
#7196 = CARTESIAN_POINT ( 'NONE',  ( 3.783485124018385500, 0.2661659644585275300, 3.078507871027555500 ) ) ;
#7197 = VERTEX_POINT ( 'NONE', #2890 ) ;
#7198 = DIRECTION ( 'NONE',  ( -0.0000000000000000000, 1.000000000000000000, -0.0000000000000000000 ) ) ;
#7199 = ORIENTED_EDGE ( 'NONE', *, *, #1240, .T. ) ;
#7200 = DIRECTION ( 'NONE',  ( 0.0000000000000000000, 1.000000000000000000, -0.0000000000000000000 ) ) ;
#7201 = EDGE_CURVE ( 'NONE', #137, #1619, #4542, .T. ) ;
#7202 = ORIENTED_EDGE ( 'NONE', *, *, #6276, .T. ) ;
#7203 = ORIENTED_EDGE ( 'NONE', *, *, #225, .T. ) ;
#7204 = FACE_OUTER_BOUND ( 'NONE', #268, .T. ) ;
#7205 = DIRECTION ( 'NONE',  ( -0.0000000000000000000, -1.000000000000000000, -0.0000000000000000000 ) ) ;
#7206 = AXIS2_PLACEMENT_3D ( 'NONE', #5168, #6956, #703 ) ;
#7207 = VERTEX_POINT ( 'NONE', #5971 ) ;
#7208 = CARTESIAN_POINT ( 'NONE',  ( -6.000000000000000000, 0.5371092495122248300, -2.450000000000001100 ) ) ;
#7209 = ORIENTED_EDGE ( 'NONE', *, *, #5123, .F. ) ;
#7210 = ORIENTED_EDGE ( 'NONE', *, *, #6056, .F. ) ;
#7211 = PLANE ( 'NONE',  #7020 ) ;
#7212 = ORIENTED_EDGE ( 'NONE', *, *, #4136, .F. ) ;
#7213 = EDGE_CURVE ( 'NONE', #516, #7408, #1271, .T. ) ;
#7214 = AXIS2_PLACEMENT_3D ( 'NONE', #3705, #3760, #3102 ) ;
#7215 = CARTESIAN_POINT ( 'NONE',  ( -5.500000000000000000, 0.0000000000000000000, -0.5000000000000000000 ) ) ;
#7216 = CARTESIAN_POINT ( 'NONE',  ( 0.9500000000000005100, 0.2500000000000000000, -6.299999999999998900 ) ) ;
#7217 = ORIENTED_EDGE ( 'NONE', *, *, #3041, .T. ) ;
#7218 = EDGE_CURVE ( 'NONE', #2205, #867, #2445, .T. ) ;
#7219 = ORIENTED_EDGE ( 'NONE', *, *, #186, .F. ) ;
#7220 = ORIENTED_EDGE ( 'NONE', *, *, #1045, .F. ) ;
#7221 = ORIENTED_EDGE ( 'NONE', *, *, #6797, .F. ) ;
#7222 = EDGE_CURVE ( 'NONE', #7470, #2887, #3626, .T. ) ;
#7223 = CARTESIAN_POINT ( 'NONE',  ( 2.161531637692521500, 2.710505431213761100E-016, -4.374034365627325700 ) ) ;
#7224 = SURFACE_STYLE_USAGE ( .BOTH. , #7884 ) ;
#7225 = CARTESIAN_POINT ( 'NONE',  ( 2.366762917508834700, 0.3651377029009356700, -4.715596573762152100 ) ) ;
#7226 = ORIENTED_EDGE ( 'NONE', *, *, #3720, .T. ) ;
#7227 = ORIENTED_EDGE ( 'NONE', *, *, #3833, .T. ) ;
#7228 = CARTESIAN_POINT ( 'NONE',  ( 3.038251868144765700, 0.0000000000000000000, 3.745358649331330000 ) ) ;
#7229 = B_SPLINE_CURVE_WITH_KNOTS ( 'NONE', 3,
 ( #6239, #4445, #3133, #4970 ),
 .UNSPECIFIED., .F., .F.,
 ( 4, 4 ),
 ( 0.0000000000000000000, 1.000000000000000000 ),
 .UNSPECIFIED. ) ;
#7230 = PLANE ( 'NONE',  #2278 ) ;
#7231 = DIRECTION ( 'NONE',  ( -0.7231295001038965400, -1.332267629550187300E-015, -0.6907124771418919900 ) ) ;
#7232 = CARTESIAN_POINT ( 'NONE',  ( 2.738802264660374700, 0.0000000000000000000, -3.587330402084222000 ) ) ;
#7233 = EDGE_CURVE ( 'NONE', #4803, #4835, #493, .T. ) ;
#7234 = PRODUCT_DEFINITION_SHAPE ( 'NONE', 'NONE',  #5291 ) ;
#7235 = DIRECTION ( 'NONE',  ( -0.0000000000000000000, -0.0000000000000000000, -1.000000000000000000 ) ) ;
#7236 = CARTESIAN_POINT ( 'NONE',  ( 4.435071983487121700, 0.3999999999999999700, -2.379457550551444800 ) ) ;
#7237 = LINE ( 'NONE', #1085, #7742 ) ;
#7238 = CARTESIAN_POINT ( 'NONE',  ( -4.242640687119284800, 0.0000000000000000000, -4.242640687119284800 ) ) ;
#7239 = LINE ( 'NONE', #965, #2149 ) ;
#7240 = ADVANCED_FACE ( 'NONE', ( #3154 ), #5300, .F. ) ;
#7241 = DIRECTION ( 'NONE',  ( -0.04488852596211229800, -0.9961946980917452100, -0.07470705275170079500 ) ) ;
#7242 = B_SPLINE_SURFACE_WITH_KNOTS ( 'NONE', 1, 3, ( 
 ( #7138, #2156, #866, #7702, #2743, #4681 ),
 ( #5247, #6540, #188, #2103, #3964, #7114 ) ),
 .UNSPECIFIED., .F., .F., .F.,
 ( 2, 2 ),
 ( 4, 2, 4 ),
 ( 0.0000000000000000000, 1.000000000000000000 ),
 ( 0.0000000000000000000, 0.5000000000000000000, 1.000000000000000000 ),
 .UNSPECIFIED. ) ;
#7243 = ORIENTED_EDGE ( 'NONE', *, *, #1701, .F. ) ;
#7244 = EDGE_CURVE ( 'NONE', #3902, #3229, #6552, .T. ) ;
#7245 = LINE ( 'NONE', #4486, #3346 ) ;
#7246 = DIRECTION ( 'NONE',  ( 0.0000000000000000000, 0.0000000000000000000, -1.000000000000000000 ) ) ;
#7247 = VECTOR ( 'NONE', #3710, 1000.000000000000000 ) ;
#7248 = VERTEX_POINT ( 'NONE', #2190 ) ;
#7249 = EDGE_LOOP ( 'NONE', ( #7008, #3701, #5920, #7120 ) ) ;
#7250 = CARTESIAN_POINT ( 'NONE',  ( 0.0000000000000000000, -2.600000000000000100, 0.0000000000000000000 ) ) ;
#7251 = AXIS2_PLACEMENT_3D ( 'NONE', #4819, #7963, #5375 ) ;
#7252 = CIRCLE ( 'NONE', #593, 0.1499999999999994400 ) ;
#7253 = FACE_OUTER_BOUND ( 'NONE', #3509, .T. ) ;
#7254 = CARTESIAN_POINT ( 'NONE',  ( -2.381731783404436700, 0.6973362886642218200, -4.740508950146189400 ) ) ;
#7255 = EDGE_CURVE ( 'NONE', #3313, #584, #5785, .T. ) ;
#7256 = AXIS2_PLACEMENT_3D ( 'NONE', #4783, #4080, #4756 ) ;
#7257 = ORIENTED_EDGE ( 'NONE', *, *, #1637, .T. ) ;
#7258 = CIRCLE ( 'NONE', #319, 5.325000000000001100 ) ;
#7259 = DIRECTION ( 'NONE',  ( 0.01583271637848243700, -0.9997372496366935300, -0.01657578899896339200 ) ) ;
#7260 = ADVANCED_FACE ( 'NONE', ( #3435 ), #3046, .T. ) ;
#7261 = DIRECTION ( 'NONE',  ( -1.000000000000000000, -8.809142651444719600E-016, 0.0000000000000000000 ) ) ;
#7262 = VECTOR ( 'NONE', #3759, 1000.000000000000100 ) ;
#7263 = CARTESIAN_POINT ( 'NONE',  ( -3.979289321885084900, -0.3828427124783568300, -2.450000000000000200 ) ) ;
#7264 = DIRECTION ( 'NONE',  ( 0.0000000000000000000, 1.000000000000000000, -0.0000000000000000000 ) ) ;
#7265 = VECTOR ( 'NONE', #6820, 1000.000000000000000 ) ;
#7266 = EDGE_CURVE ( 'NONE', #2497, #1531, #2847, .T. ) ;
#7267 = DIRECTION ( 'NONE',  ( -0.8571673007021122200, 1.402686560653121000E-015, -0.5150380749100542700 ) ) ;
#7268 = DIRECTION ( 'NONE',  ( -0.0000000000000000000, 1.000000000000000000, 0.0000000000000000000 ) ) ;
#7269 = ORIENTED_EDGE ( 'NONE', *, *, #6916, .T. ) ;
#7270 = VECTOR ( 'NONE', #8050, 1000.000000000000000 ) ;
#7271 = DIRECTION ( 'NONE',  ( 0.01657578899896262500, 0.9997372496366936400, 0.01583271637848178100 ) ) ;
#7272 = ORIENTED_EDGE ( 'NONE', *, *, #1395, .T. ) ;
#7273 = LINE ( 'NONE', #7303, #147 ) ;
#7274 = DIRECTION ( 'NONE',  ( 0.0000000000000000000, 0.0000000000000000000, 1.000000000000000000 ) ) ;
#7275 = CYLINDRICAL_SURFACE ( 'NONE', #5880, 0.5000000000000000000 ) ;
#7276 = EDGE_CURVE ( 'NONE', #2812, #2328, #7237, .T. ) ;
#7277 = CARTESIAN_POINT ( 'NONE',  ( 3.139880253173716400, 0.4000000000000019100, 3.856127629579426200 ) ) ;
#7278 = FACE_OUTER_BOUND ( 'NONE', #7703, .T. ) ;
#7279 = ORIENTED_EDGE ( 'NONE', *, *, #6221, .F. ) ;
#7280 = DIRECTION ( 'NONE',  ( 0.6907124771418919900, -3.491481338843133400E-015, -0.7231295001038965400 ) ) ;
#7281 = CARTESIAN_POINT ( 'NONE',  ( 4.399502812818740300, 4.400000000000000400, 3.000000000000000000 ) ) ;
#7282 = FACE_OUTER_BOUND ( 'NONE', #2614, .T. ) ;
#7283 = VECTOR ( 'NONE', #1729, 1000.000000000000000 ) ;
#7284 = ADVANCED_FACE ( 'NONE', ( #788 ), #4244, .F. ) ;
#7285 = EDGE_CURVE ( 'NONE', #91, #73, #6359, .T. ) ;
#7286 = ORIENTED_EDGE ( 'NONE', *, *, #4224, .F. ) ;
#7287 = AXIS2_PLACEMENT_3D ( 'NONE', #5486, #4350, #4906 ) ;
#7288 = CIRCLE ( 'NONE', #2374, 0.09999999999999982500 ) ;
#7289 = ORIENTED_EDGE ( 'NONE', *, *, #698, .F. ) ;
#7290 = LINE ( 'NONE', #5055, #5068 ) ;
#7291 = CARTESIAN_POINT ( 'NONE',  ( 3.620273719552300900, -13.82508089004571200, -3.365161116995594200 ) ) ;
#7292 = PLANE ( 'NONE',  #2524 ) ;
#7293 = AXIS2_PLACEMENT_3D ( 'NONE', #5087, #1865, #2454 ) ;
#7294 = DIRECTION ( 'NONE',  ( 0.0000000000000000000, 0.0000000000000000000, -1.000000000000000000 ) ) ;
#7295 = VERTEX_POINT ( 'NONE', #6695 ) ;
#7296 = DIRECTION ( 'NONE',  ( 0.5130781995407813800, 0.08715574274766199600, 0.8539055203370531400 ) ) ;
#7297 = EDGE_CURVE ( 'NONE', #6244, #6233, #5972, .T. ) ;
#7298 = CLOSED_SHELL ( 'NONE', ( #6090, #3110, #7929, #7498, #4834, #4898, #5029, #705, #2972, #1061, #5477, #4549, #6132, #2399, #1041, #4859, #5009, #5691, #3500, #1141, #6846, #4759, #572, #870, #4325, #6278, #5539, #4879, #630, #1744, #5219, #5456, #2992, #6057, #3382, #2439, #6645, #8100, #6170, #2135, #6032, #5377, #2954, #2635, #10, #7546, #2080, #1514, #1100, #5072, #6113, #2744, #6935, #2460, #1427, #5721, #3553, #7523, #425, #1704, #6153, #6757, #6807, #5054, #7863, #4942, #2319, #4989, #1192, #5355, #5416, #3251, #2275, #4338, #1464, #5831, #3009, #2551, #1351, #4916, #4251, #4468, #8035, #7139, #4235, #4280, #1022, #342, #5602, #3729, #1682, #3031, #8015, #1119, #1390, #7304, #1810, #5495, #1791, #3048, #7602, #7341, #6241, #1083, #2350, #2710, #2376, #608, #4155, #5516, #826, #1952 ) ) ;
#7299 = EDGE_LOOP ( 'NONE', ( #2304, #605, #2343, #1317 ) ) ;
#7300 = FACE_OUTER_BOUND ( 'NONE', #4881, .T. ) ;
#7301 = CARTESIAN_POINT ( 'NONE',  ( 0.0000000000000000000, 5.000000000000000000, 0.0000000000000000000 ) ) ;
#7302 = EDGE_LOOP ( 'NONE', ( #5282, #3502, #7320, #5198, #4010, #3773, #8019, #5318, #3114, #5532 ) ) ;
#7303 = CARTESIAN_POINT ( 'NONE',  ( -4.156066017177984400, -0.2060660171779828100, 2.449999999999999300 ) ) ;
#7304 = ADVANCED_FACE ( 'NONE', ( #4336 ), #6129, .T. ) ;
#7305 = ORIENTED_EDGE ( 'NONE', *, *, #7770, .T. ) ;
#7306 = ORIENTED_EDGE ( 'NONE', *, *, #4430, .F. ) ;
#7307 = CIRCLE ( 'NONE', #258, 0.4999999999999997200 ) ;
#7308 = EDGE_CURVE ( 'NONE', #7545, #2822, #7941, .T. ) ;
#7309 = ORIENTED_EDGE ( 'NONE', *, *, #5319, .F. ) ;
#7310 = ORIENTED_EDGE ( 'NONE', *, *, #1496, .F. ) ;
#7311 = DIRECTION ( 'NONE',  ( 1.000000000000000000, 8.340016711426986100E-017, 0.0000000000000000000 ) ) ;
#7312 = VERTEX_POINT ( 'NONE', #6102 ) ;
#7313 = EDGE_LOOP ( 'NONE', ( #7379, #7183, #1112, #5493, #1488, #5774 ) ) ;
#7314 = EDGE_CURVE ( 'NONE', #374, #4083, #1945, .T. ) ;
#7315 = CARTESIAN_POINT ( 'NONE',  ( 5.500000000000000000, 1.355252715606880500E-015, 0.5000000000000000000 ) ) ;
#7316 = DIRECTION ( 'NONE',  ( 0.5150380749100598200, 0.0000000000000000000, 0.8571673007021088900 ) ) ;
#7317 = DIRECTION ( 'NONE',  ( 1.000000000000000000, 0.0000000000000000000, 0.0000000000000000000 ) ) ;
#7318 = CARTESIAN_POINT ( 'NONE',  ( 2.381731783404402900, 0.6973362886642219300, -4.740508950146201900 ) ) ;
#7319 = ORIENTED_EDGE ( 'NONE', *, *, #864, .F. ) ;
#7320 = ORIENTED_EDGE ( 'NONE', *, *, #6209, .T. ) ;
#7321 = EDGE_CURVE ( 'NONE', #531, #6331, #4637, .T. ) ;
#7322 = VERTEX_POINT ( 'NONE', #514 ) ;
#7323 = CARTESIAN_POINT ( 'NONE',  ( -1.850000000000000100, 0.0000000000000000000, -4.049719055553581800 ) ) ;
#7324 = VERTEX_POINT ( 'NONE', #3622 ) ;
#7325 = PRODUCT_DEFINITION ( 'UNKNOWN', '', #6166, #181 ) ;
#7326 = ORIENTED_EDGE ( 'NONE', *, *, #6434, .T. ) ;
#7327 = CARTESIAN_POINT ( 'NONE',  ( 3.000000000000000000, 4.400000000000000400, 0.0000000000000000000 ) ) ;
#7328 = ADVANCED_FACE ( 'NONE', ( #5600 ), #4908, .F. ) ;
#7329 = CARTESIAN_POINT ( 'NONE',  ( -5.750000000000000000, 0.0000000000000000000, 2.449999999999999300 ) ) ;
#7330 = CARTESIAN_POINT ( 'NONE',  ( 2.738802264660508400, 0.0000000000000000000, 3.587330402084381900 ) ) ;
#7331 = ORIENTED_EDGE ( 'NONE', *, *, #7654, .T. ) ;
#7332 = ORIENTED_EDGE ( 'NONE', *, *, #1446, .F. ) ;
#7333 = DIRECTION ( 'NONE',  ( 0.6905309921875824000, -0.02292229676231597200, -0.7229394975650269600 ) ) ;
#7334 = EDGE_CURVE ( 'NONE', #5469, #2514, #6071, .T. ) ;
#7335 = DIRECTION ( 'NONE',  ( 0.0000000000000000000, 0.0000000000000000000, -1.000000000000000000 ) ) ;
#7336 = CARTESIAN_POINT ( 'NONE',  ( -1.750000000000000400, 0.2500000000000000000, -7.199999999999999300 ) ) ;
#7337 = DIRECTION ( 'NONE',  ( -0.0000000000000000000, 1.000000000000000000, -0.0000000000000000000 ) ) ;
#7338 = B_SPLINE_CURVE_WITH_KNOTS ( 'NONE', 3,
 ( #6008, #2845, #3576, #5372, #2257, #4768 ),
 .UNSPECIFIED., .F., .F.,
 ( 4, 2, 4 ),
 ( 0.0000000000000000000, 0.5000000000000000000, 1.000000000000000000 ),
 .UNSPECIFIED. ) ;
#7339 = LINE ( 'NONE', #4000, #5302 ) ;
#7340 = DIRECTION ( 'NONE',  ( 0.0000000000000000000, -1.000000000000000000, 0.0000000000000000000 ) ) ;
#7341 = ADVANCED_FACE ( 'NONE', ( #2747 ), #1465, .F. ) ;
#7342 = FACE_OUTER_BOUND ( 'NONE', #6876, .T. ) ;
#7343 = CARTESIAN_POINT ( 'NONE',  ( -3.000000000000000000, 4.400000000000000400, 0.0000000000000000000 ) ) ;
#7344 = EDGE_CURVE ( 'NONE', #2437, #2686, #431, .T. ) ;
#7345 = CARTESIAN_POINT ( 'NONE',  ( 3.305486196285772200, 0.4000000000000010200, -4.011556637993668200 ) ) ;
#7346 = CARTESIAN_POINT ( 'NONE',  ( 4.650000000000000400, -0.4999999999999992800, 0.5000000000000001100 ) ) ;
#7347 = CARTESIAN_POINT ( 'NONE',  ( -4.262132034355966300, -0.2500000000000000000, 2.449999999999999300 ) ) ;
#7348 = AXIS2_PLACEMENT_3D ( 'NONE', #2685, #7043, #2067 ) ;
#7349 = CARTESIAN_POINT ( 'NONE',  ( -4.012700012980800100, 0.2949861872786540600, -3.304289159587813400 ) ) ;
#7350 = CIRCLE ( 'NONE', #1428, 1.000000000000001800 ) ;
#7351 = CARTESIAN_POINT ( 'NONE',  ( 5.499999999999998200, -0.4999999999999987200, 2.449999999999999300 ) ) ;
#7352 = VERTEX_POINT ( 'NONE', #1111 ) ;
#7353 = EDGE_CURVE ( 'NONE', #548, #1749, #4240, .T. ) ;
#7354 = PLANE ( 'NONE',  #6486 ) ;
#7355 = ORIENTED_EDGE ( 'NONE', *, *, #4558, .T. ) ;
#7356 = PRESENTATION_STYLE_ASSIGNMENT (( #2821 ) ) ;
#7357 = DIRECTION ( 'NONE',  ( 0.0000000000000000000, 0.0000000000000000000, -1.000000000000000000 ) ) ;
#7358 = ORIENTED_EDGE ( 'NONE', *, *, #1373, .T. ) ;
#7359 = CYLINDRICAL_SURFACE ( 'NONE', #2353, 0.5000000000000017800 ) ;
#7360 = DIRECTION ( 'NONE',  ( -1.000000000000000000, -8.340016711426986100E-017, 0.0000000000000000000 ) ) ;
#7361 = VECTOR ( 'NONE', #2123, 1000.000000000000000 ) ;
#7362 = ORIENTED_EDGE ( 'NONE', *, *, #2228, .T. ) ;
#7363 = LINE ( 'NONE', #6849, #5724 ) ;
#7364 = CARTESIAN_POINT ( 'NONE',  ( 4.399502812818740300, 5.000000000000000000, -3.000000000000000000 ) ) ;
#7365 = LINE ( 'NONE', #521, #5725 ) ;
#7366 = EDGE_CURVE ( 'NONE', #2924, #1797, #1090, .T. ) ;
#7367 = DIRECTION ( 'NONE',  ( -0.0000000000000000000, -0.0000000000000000000, -1.000000000000000000 ) ) ;
#7368 = VECTOR ( 'NONE', #1223, 1000.000000000000000 ) ;
#7369 = AXIS2_PLACEMENT_3D ( 'NONE', #201, #6450, #2799 ) ;
#7370 = CARTESIAN_POINT ( 'NONE',  ( 3.327817459305188100, 0.0000000000000000000, 2.620710678118654900 ) ) ;
#7371 = PRODUCT_DEFINITION_SHAPE ( 'NONE', 'NONE',  #8130 ) ;
#7372 = LINE ( 'NONE', #3926, #7675 ) ;
#7373 = DIRECTION ( 'NONE',  ( -3.614007241618344400E-015, -1.000000000000000000, 5.059610138265682400E-015 ) ) ;
#7374 = DIRECTION ( 'NONE',  ( -0.8571673007021080000, 0.0000000000000000000, 0.5150380749100610400 ) ) ;
#7375 = AXIS2_PLACEMENT_3D ( 'NONE', #4710, #7815, #2840 ) ;
#7376 = ORIENTED_EDGE ( 'NONE', *, *, #2885, .T. ) ;
#7377 = DIRECTION ( 'NONE',  ( 0.0000000000000000000, 0.0000000000000000000, 1.000000000000000000 ) ) ;
#7378 = LINE ( 'NONE', #1757, #1878 ) ;
#7379 = ORIENTED_EDGE ( 'NONE', *, *, #5874, .F. ) ;
#7380 = CIRCLE ( 'NONE', #4397, 0.09999999999999982500 ) ;
#7381 = CARTESIAN_POINT ( 'NONE',  ( 2.653085534590297300, 0.0000000000000000000, 3.638834209575387800 ) ) ;
#7382 = ORIENTED_EDGE ( 'NONE', *, *, #4589, .F. ) ;
#7383 = CARTESIAN_POINT ( 'NONE',  ( 3.819090036748166800, 7.513858392632475500E-017, -3.113047079054825700 ) ) ;
#7384 = DIRECTION ( 'NONE',  ( -0.0000000000000000000, 0.0000000000000000000, -1.000000000000000000 ) ) ;
#7385 = VECTOR ( 'NONE', #4866, 1000.000000000000000 ) ;
#7386 = ORIENTED_EDGE ( 'NONE', *, *, #3287, .F. ) ;
#7387 = DIRECTION ( 'NONE',  ( 0.0000000000000000000, 1.000000000000000000, 0.0000000000000000000 ) ) ;
#7388 = VECTOR ( 'NONE', #4793, 1000.000000000000000 ) ;
#7389 = ADVANCED_FACE ( 'NONE', ( #3732 ), #3715, .T. ) ;
#7390 = DIRECTION ( 'NONE',  ( -1.000000000000000000, 0.0000000000000000000, 0.0000000000000000000 ) ) ;
#7391 = ORIENTED_EDGE ( 'NONE', *, *, #2496, .T. ) ;
#7392 = DIRECTION ( 'NONE',  ( 0.8571673007021091100, 0.0000000000000000000, -0.5150380749100597100 ) ) ;
#7393 = VECTOR ( 'NONE', #3753, 1000.000000000000000 ) ;
#7394 = ORIENTED_EDGE ( 'NONE', *, *, #5819, .F. ) ;
#7395 = ORIENTED_EDGE ( 'NONE', *, *, #4971, .F. ) ;
#7396 = CYLINDRICAL_SURFACE ( 'NONE', #2564, 0.3999999999999998600 ) ;
#7397 = EDGE_CURVE ( 'NONE', #7480, #2364, #3932, .T. ) ;
#7398 = AXIS2_PLACEMENT_3D ( 'NONE', #1055, #7997, #1814 ) ;
#7399 = DIRECTION ( 'NONE',  ( 1.204669080539449300E-016, 0.0000000000000000000, 1.000000000000000000 ) ) ;
#7400 = ORIENTED_EDGE ( 'NONE', *, *, #5672, .F. ) ;
#7401 = ORIENTED_EDGE ( 'NONE', *, *, #2700, .T. ) ;
#7402 = ORIENTED_EDGE ( 'NONE', *, *, #2901, .T. ) ;
#7403 = DIRECTION ( 'NONE',  ( 0.0000000000000000000, -0.0000000000000000000, -1.000000000000000000 ) ) ;
#7404 = CARTESIAN_POINT ( 'NONE',  ( -2.809512942779154500, 0.0000000000000000000, -3.516619723965713500 ) ) ;
#7405 = AXIS2_PLACEMENT_3D ( 'NONE', #4621, #2731, #7738 ) ;
#7406 = CARTESIAN_POINT ( 'NONE',  ( 2.738802264660374700, 0.2500000000000000000, -3.587330402084222000 ) ) ;
#7407 = ORIENTED_EDGE ( 'NONE', *, *, #2502, .F. ) ;
#7408 = VERTEX_POINT ( 'NONE', #3682 ) ;
#7409 = CARTESIAN_POINT ( 'NONE',  ( 4.242640687119284800, 5.000000000000000000, -4.242640687119284800 ) ) ;
#7410 = LINE ( 'NONE', #3332, #2703 ) ;
#7411 = CARTESIAN_POINT ( 'NONE',  ( 5.999999999999999100, 5.000000000000000000, -4.999999999999999100 ) ) ;
#7412 = ORIENTED_EDGE ( 'NONE', *, *, #3388, .F. ) ;
#7413 = ORIENTED_EDGE ( 'NONE', *, *, #6193, .F. ) ;
#7414 = EDGE_CURVE ( 'NONE', #5587, #7324, #5401, .T. ) ;
#7415 = ADVANCED_FACE ( 'NONE', ( #3374 ), #6182, .F. ) ;
#7416 = ORIENTED_EDGE ( 'NONE', *, *, #7201, .T. ) ;
#7417 = ORIENTED_EDGE ( 'NONE', *, *, #7110, .T. ) ;
#7418 = ORIENTED_EDGE ( 'NONE', *, *, #1740, .T. ) ;
#7419 = CARTESIAN_POINT ( 'NONE',  ( 4.028805748864900100, 0.4000000000000001900, -3.320662628199691800 ) ) ;
#7420 = AXIS2_PLACEMENT_3D ( 'NONE', #5536, #4292, #6851 ) ;
#7421 = CARTESIAN_POINT ( 'NONE',  ( 3.291769412734989200, 0.1912053364946874300, 3.996642290355197200 ) ) ;
#7422 = CARTESIAN_POINT ( 'NONE',  ( 5.750000000000000000, 0.5371092495122262700, 2.449999999999999300 ) ) ;
#7423 = ORIENTED_EDGE ( 'NONE', *, *, #7397, .F. ) ;
#7424 = ORIENTED_EDGE ( 'NONE', *, *, #7314, .T. ) ;
#7425 = ORIENTED_EDGE ( 'NONE', *, *, #6009, .T. ) ;
#7426 = DIRECTION ( 'NONE',  ( 0.7071067811865462400, 0.0000000000000000000, 0.7071067811865489100 ) ) ;
#7427 = ORIENTED_EDGE ( 'NONE', *, *, #6506, .T. ) ;
#7428 = EDGE_CURVE ( 'NONE', #2219, #6856, #1986, .T. ) ;
#7429 = AXIS2_PLACEMENT_3D ( 'NONE', #1318, #5073, #3866 ) ;
#7430 = ORIENTED_EDGE ( 'NONE', *, *, #5497, .T. ) ;
#7431 = EDGE_CURVE ( 'NONE', #1619, #2542, #5821, .T. ) ;
#7432 = VERTEX_POINT ( 'NONE', #5606 ) ;
#7433 = DIRECTION ( 'NONE',  ( -0.6905309921875822900, 0.02292229676231621200, 0.7229394975650268500 ) ) ;
#7434 = ADVANCED_FACE ( 'NONE', ( #7486 ), #1782, .F. ) ;
#7435 = CARTESIAN_POINT ( 'NONE',  ( -3.567932165683051200, -4.815984494934300900, -3.407986071760446700 ) ) ;
#7436 = DIRECTION ( 'NONE',  ( 0.0000000000000000000, 0.0000000000000000000, -1.000000000000000000 ) ) ;
#7437 = DIRECTION ( 'NONE',  ( -0.0000000000000000000, -0.0000000000000000000, 1.000000000000000000 ) ) ;
#7438 = CARTESIAN_POINT ( 'NONE',  ( -3.949999999999999700, 0.0000000000000000000, -2.450000000000001100 ) ) ;
#7439 = VERTEX_POINT ( 'NONE', #7482 ) ;
#7440 = CARTESIAN_POINT ( 'NONE',  ( -3.407986071760441300, 0.4000000000000001900, 3.567932165683033000 ) ) ;
#7441 = CARTESIAN_POINT ( 'NONE',  ( 3.000000000000000000, 4.400000000000000400, 6.000000000000000000 ) ) ;
#7442 = DIRECTION ( 'NONE',  ( -0.6907124771418919900, 3.469446951953614200E-015, 0.7231295001038966500 ) ) ;
#7443 = DIRECTION ( 'NONE',  ( 1.000000000000000000, -0.0000000000000000000, 0.0000000000000000000 ) ) ;
#7444 = DIRECTION ( 'NONE',  ( 0.0000000000000000000, 0.0000000000000000000, -1.000000000000000000 ) ) ;
#7445 = LINE ( 'NONE', #5172, #1180 ) ;
#7446 = CARTESIAN_POINT ( 'NONE',  ( 3.092591114224414000, 0.2661659644585280800, 3.801827423606679400 ) ) ;
#7447 = VECTOR ( 'NONE', #1570, 1000.000000000000000 ) ;
#7448 = DIRECTION ( 'NONE',  ( 0.0000000000000000000, -1.000000000000000000, -0.0000000000000000000 ) ) ;
#7449 = AXIS2_PLACEMENT_3D ( 'NONE', #1158, #5573, #588 ) ;
#7450 = PLANE ( 'NONE',  #5431 ) ;
#7451 = EDGE_LOOP ( 'NONE', ( #2525, #2752, #5386, #5046, #1416 ) ) ;
#7452 = CIRCLE ( 'NONE', #408, 1.000000000000001800 ) ;
#7453 = ADVANCED_FACE ( 'NONE', ( #4663 ), #640, .F. ) ;
#7454 = CIRCLE ( 'NONE', #6457, 1.000000000000001800 ) ;
#7455 = CARTESIAN_POINT ( 'NONE',  ( 2.238493367623639600, 0.3869266385878512000, -4.502120193677886700 ) ) ;
#7456 = ORIENTED_EDGE ( 'NONE', *, *, #6002, .F. ) ;
#7457 = B_SPLINE_SURFACE_WITH_KNOTS ( 'NONE', 1, 3, ( 
 ( #6275, #3227, #7886, #5473, #321, #3325 ),
 ( #2693, #5904, #5203, #1489, #2757, #248 ) ),
 .UNSPECIFIED., .F., .F., .F.,
 ( 2, 2 ),
 ( 4, 2, 4 ),
 ( 0.0000000000000000000, 1.000000000000000000 ),
 ( 0.0000000000000000000, 0.5000000000000000000, 1.000000000000000000 ),
 .UNSPECIFIED. ) ;
#7458 = ORIENTED_EDGE ( 'NONE', *, *, #686, .T. ) ;
#7459 = LINE ( 'NONE', #7933, #1568 ) ;
#7460 = DIRECTION ( 'NONE',  ( 0.0000000000000000000, 0.0000000000000000000, 1.000000000000000000 ) ) ;
#7461 = EDGE_CURVE ( 'NONE', #5107, #7163, #4176, .T. ) ;
#7462 = LINE ( 'NONE', #3159, #7748 ) ;
#7463 = CARTESIAN_POINT ( 'NONE',  ( 0.0000000000000000000, 5.000000000000000000, 0.0000000000000000000 ) ) ;
#7464 = DIRECTION ( 'NONE',  ( 0.0000000000000000000, 0.0000000000000000000, -1.000000000000000000 ) ) ;
#7465 = LINE ( 'NONE', #83, #5800 ) ;
#7466 = PLANE ( 'NONE',  #1576 ) ;
#7467 = DIRECTION ( 'NONE',  ( -1.000000000000000000, 0.0000000000000000000, -0.0000000000000000000 ) ) ;
#7468 = AXIS2_PLACEMENT_3D ( 'NONE', #5409, #6618, #4034 ) ;
#7469 = LINE ( 'NONE', #2682, #5039 ) ;
#7470 = VERTEX_POINT ( 'NONE', #6813 ) ;
#7471 = FACE_OUTER_BOUND ( 'NONE', #4888, .T. ) ;
#7472 = LINE ( 'NONE', #5191, #5143 ) ;
#7473 = CARTESIAN_POINT ( 'NONE',  ( 3.000000000000000000, 5.000000000000000000, 0.0000000000000000000 ) ) ;
#7474 = VECTOR ( 'NONE', #785, 1000.000000000000000 ) ;
#7475 = EDGE_CURVE ( 'NONE', #5856, #4897, #3088, .T. ) ;
#7476 = DIRECTION ( 'NONE',  ( 0.0000000000000000000, 0.0000000000000000000, -1.000000000000000000 ) ) ;
#7477 = ADVANCED_FACE ( 'NONE', ( #45 ), #6682, .T. ) ;
#7478 = LINE ( 'NONE', #484, #2075 ) ;
#7479 = DIRECTION ( 'NONE',  ( 8.340016711426986100E-017, -1.000000000000000000, 0.0000000000000000000 ) ) ;
#7480 = VERTEX_POINT ( 'NONE', #8091 ) ;
#7481 = DIRECTION ( 'NONE',  ( -0.0000000000000000000, -1.000000000000000000, -0.0000000000000000000 ) ) ;
#7482 = CARTESIAN_POINT ( 'NONE',  ( 5.500000000000000000, -0.4999999999999991700, -0.5000000000000001100 ) ) ;
#7483 = VECTOR ( 'NONE', #7198, 1000.000000000000000 ) ;
#7484 = AXIS2_PLACEMENT_3D ( 'NONE', #4106, #4779, #6590 ) ;
#7485 = VECTOR ( 'NONE', #5306, 1000.000000000000000 ) ;
#7486 = FACE_OUTER_BOUND ( 'NONE', #2494, .T. ) ;
#7487 = CARTESIAN_POINT ( 'NONE',  ( 3.320662628199690500, 0.4000000000000028000, 4.028805748864900100 ) ) ;
#7488 = EDGE_CURVE ( 'NONE', #4802, #3330, #8082, .T. ) ;
#7489 = VERTEX_POINT ( 'NONE', #8122 ) ;
#7490 = LINE ( 'NONE', #6323, #4179 ) ;
#7491 = LINE ( 'NONE', #4159, #5827 ) ;
#7492 = CARTESIAN_POINT ( 'NONE',  ( 4.055692109183181200, -13.80215859328339600, 2.897334221987268400 ) ) ;
#7493 = DIRECTION ( 'NONE',  ( 0.0000000000000000000, 0.0000000000000000000, -1.000000000000000000 ) ) ;
#7494 = CARTESIAN_POINT ( 'NONE',  ( -2.738802264660499500, 0.2500000000000000000, -3.587330402084368600 ) ) ;
#7495 = CARTESIAN_POINT ( 'NONE',  ( 4.156066017177984400, -0.2060660171779816200, -2.450000000000001100 ) ) ;
#7496 = VECTOR ( 'NONE', #3386, 1000.000000000000200 ) ;
#7497 = VERTEX_POINT ( 'NONE', #4332 ) ;
#7498 = ADVANCED_FACE ( 'NONE', ( #4580 ), #153, .F. ) ;
#7499 = LINE ( 'NONE', #6389, #6111 ) ;
#7500 = DIRECTION ( 'NONE',  ( 0.6907124771418926600, -1.776356839400249900E-015, -0.7231295001038959800 ) ) ;
#7501 = CARTESIAN_POINT ( 'NONE',  ( -3.320662628199693200, 0.4000000000000001900, -4.028805748864897400 ) ) ;
#7502 = ORIENTED_EDGE ( 'NONE', *, *, #434, .F. ) ;
#7503 = MECHANICAL_DESIGN_GEOMETRIC_PRESENTATION_REPRESENTATION (  '', ( #897 ), #211 ) ;
#7504 = DIRECTION ( 'NONE',  ( 0.0000000000000000000, 0.0000000000000000000, -1.000000000000000000 ) ) ;
#7505 = CARTESIAN_POINT ( 'NONE',  ( 2.847265478254240400, 0.4000000000000009700, 3.962003905699266000 ) ) ;
#7506 = ORIENTED_EDGE ( 'NONE', *, *, #6246, .F. ) ;
#7507 = ORIENTED_EDGE ( 'NONE', *, *, #3895, .F. ) ;
#7509 = LINE ( 'NONE', #2196, #1807 ) ;
#7508 = DIRECTION ( 'NONE',  ( 0.6907124771418926600, 3.524958103184872000E-015, -0.7231295001038959800 ) ) ;
#7510 = CARTESIAN_POINT ( 'NONE',  ( -1.935716730070210500, 0.2500000000000000000, 3.998215248062629600 ) ) ;
#7511 = DIRECTION ( 'NONE',  ( 0.0000000000000000000, 0.0000000000000000000, -1.000000000000000000 ) ) ;
#7512 = ORIENTED_EDGE ( 'NONE', *, *, #3034, .T. ) ;
#7513 = ORIENTED_EDGE ( 'NONE', *, *, #4740, .T. ) ;
#7514 = EDGE_CURVE ( 'NONE', #1812, #165, #1593, .T. ) ;
#7515 = ORIENTED_EDGE ( 'NONE', *, *, #4475, .F. ) ;
#7516 = DIRECTION ( 'NONE',  ( 0.5150380749100526000, 0.0000000000000000000, -0.8571673007021132200 ) ) ;
#7517 = ORIENTED_EDGE ( 'NONE', *, *, #2352, .F. ) ;
#7518 = ORIENTED_EDGE ( 'NONE', *, *, #975, .T. ) ;
#7519 = DIRECTION ( 'NONE',  ( -0.8571673007021122200, 8.511960079772363500E-017, -0.5150380749100543800 ) ) ;
#7520 = B_SPLINE_SURFACE_WITH_KNOTS ( 'NONE', 1, 3, ( 
 ( #7956, #4401, #6734, #1171, #6138, #580 ),
 ( #4340, #5559, #4957, #631, #6192, #1772 ) ),
 .UNSPECIFIED., .F., .F., .F.,
 ( 2, 2 ),
 ( 4, 2, 4 ),
 ( 0.0000000000000000000, 1.000000000000000000 ),
 ( 0.0000000000000000000, 0.5000000000000000000, 1.000000000000000000 ),
 .UNSPECIFIED. ) ;
#7521 = ORIENTED_EDGE ( 'NONE', *, *, #3650, .T. ) ;
#7522 = DIRECTION ( 'NONE',  ( -0.0000000000000000000, 1.000000000000000000, -0.0000000000000000000 ) ) ;
#7523 = ADVANCED_FACE ( 'NONE', ( #7278 ), #568, .F. ) ;
#7524 = DIRECTION ( 'NONE',  ( -0.04488852596211264500, 0.9961946980917452100, -0.07470705275169989300 ) ) ;
#7525 = AXIS2_PLACEMENT_3D ( 'NONE', #2558, #1919, #3812 ) ;
#7526 = CARTESIAN_POINT ( 'NONE',  ( 6.000000000000000000, 0.5371092495122262700, 2.449999999999999300 ) ) ;
#7527 = ORIENTED_EDGE ( 'NONE', *, *, #4752, .T. ) ;
#7528 = DIRECTION ( 'NONE',  ( 0.0000000000000000000, -1.000000000000000000, 0.0000000000000000000 ) ) ;
#7529 = ORIENTED_EDGE ( 'NONE', *, *, #1045, .T. ) ;
#7530 = ORIENTED_EDGE ( 'NONE', *, *, #4271, .T. ) ;
#7531 = DIRECTION ( 'NONE',  ( -1.000000000000000000, 0.0000000000000000000, 0.0000000000000000000 ) ) ;
#7532 = EDGE_CURVE ( 'NONE', #2612, #274, #2083, .T. ) ;
#7533 = VERTEX_POINT ( 'NONE', #123 ) ;
#7534 = DIRECTION ( 'NONE',  ( 0.7071067812014971700, -0.7071067811715977500, 0.0000000000000000000 ) ) ;
#7535 = EDGE_LOOP ( 'NONE', ( #2629, #7631, #3479, #5379, #1671, #2104, #125, #7157 ) ) ;
#7536 = DIRECTION ( 'NONE',  ( 0.0000000000000000000, 0.0000000000000000000, -1.000000000000000000 ) ) ;
#7537 = ORIENTED_EDGE ( 'NONE', *, *, #5645, .F. ) ;
#7538 = ORIENTED_EDGE ( 'NONE', *, *, #5098, .T. ) ;
#7539 = DIRECTION ( 'NONE',  ( 0.0000000000000000000, 1.000000000000000000, 0.0000000000000000000 ) ) ;
#7540 = AXIS2_PLACEMENT_3D ( 'NONE', #5632, #5006, #5660 ) ;
#7541 = DIRECTION ( 'NONE',  ( -1.000000000000000000, 0.0000000000000000000, 0.0000000000000000000 ) ) ;
#7542 = PRODUCT_CONTEXT ( 'NONE', #3887, 'mechanical' ) ;
#7543 = EDGE_CURVE ( 'NONE', #7024, #6542, #4383, .T. ) ;
#7544 = ORIENTED_EDGE ( 'NONE', *, *, #4302, .T. ) ;
#7545 = VERTEX_POINT ( 'NONE', #1956 ) ;
#7546 = ADVANCED_FACE ( 'NONE', ( #6398 ), #6399, .T. ) ;
#7547 = PLANE ( 'NONE',  #1484 ) ;
#7548 = EDGE_CURVE ( 'NONE', #2727, #5860, #1217, .T. ) ;
#7549 = ORIENTED_EDGE ( 'NONE', *, *, #2048, .F. ) ;
#7550 = CARTESIAN_POINT ( 'NONE',  ( -5.500000000000000000, -0.5000000000000002200, 0.5000000000000000000 ) ) ;
#7551 = CARTESIAN_POINT ( 'NONE',  ( 2.238493367623672000, 0.3869266385878518100, 4.502120193677872500 ) ) ;
#7552 = DIRECTION ( 'NONE',  ( 0.0000000000000000000, -0.0000000000000000000, -1.000000000000000000 ) ) ;
#7553 = CARTESIAN_POINT ( 'NONE',  ( 2.161531637692523300, 0.4000000000000004700, -4.374034365627328400 ) ) ;
#7554 = EDGE_CURVE ( 'NONE', #3124, #4506, #2888, .T. ) ;
#7555 = LINE ( 'NONE', #2243, #4137 ) ;
#7556 = FACE_OUTER_BOUND ( 'NONE', #5767, .T. ) ;
#7557 = PLANE ( 'NONE',  #4786 ) ;
#7558 = CARTESIAN_POINT ( 'NONE',  ( 4.399502812818740300, 4.400000000000000400, -3.000000000000000000 ) ) ;
#7559 = DIRECTION ( 'NONE',  ( 0.8571673007021122200, -2.195509399283146100E-015, 0.5150380749100542700 ) ) ;
#7560 = ADVANCED_FACE ( 'NONE', ( #7873 ), #6591, .T. ) ;
#7561 = VECTOR ( 'NONE', #6238, 1000.000000000000000 ) ;
#7562 = CARTESIAN_POINT ( 'NONE',  ( -4.156066017177984400, -0.2060660171779828100, -2.450000000000001100 ) ) ;
#7563 = VECTOR ( 'NONE', #2846, 1000.000000000000000 ) ;
#7564 = EDGE_CURVE ( 'NONE', #969, #7600, #6297, .T. ) ;
#7565 = AXIS2_PLACEMENT_3D ( 'NONE', #1275, #3186, #61 ) ;
#7566 = CARTESIAN_POINT ( 'NONE',  ( -2.381731783404402900, 0.6973362886642219300, 4.740508950146200100 ) ) ;
#7567 = DIRECTION ( 'NONE',  ( 1.000000000000000000, 0.0000000000000000000, 0.0000000000000000000 ) ) ;
#7568 = FACE_OUTER_BOUND ( 'NONE', #4404, .T. ) ;
#7569 = ORIENTED_EDGE ( 'NONE', *, *, #4014, .T. ) ;
#7570 = FACE_OUTER_BOUND ( 'NONE', #1614, .T. ) ;
#7571 = AXIS2_PLACEMENT_3D ( 'NONE', #4641, #2089, #2817 ) ;
#7572 = CARTESIAN_POINT ( 'NONE',  ( 4.254891097531113600, 3.129497198328496900, -3.104712412919713700 ) ) ;
#7573 = VECTOR ( 'NONE', #5235, 1000.000000000000000 ) ;
#7574 = CARTESIAN_POINT ( 'NONE',  ( 3.368376543254078200, 4.193111900177085800, -3.951485589396475500 ) ) ;
#7575 = EDGE_CURVE ( 'NONE', #7677, #6827, #6492, .T. ) ;
#7576 = VERTEX_POINT ( 'NONE', #4532 ) ;
#7577 = LINE ( 'NONE', #5088, #1967 ) ;
#7578 = VERTEX_POINT ( 'NONE', #3194 ) ;
#7579 = DIRECTION ( 'NONE',  ( -0.8571673007021085600, 0.0000000000000000000, 0.5150380749100604800 ) ) ;
#7580 = LINE ( 'NONE', #4399, #5905 ) ;
#7582 = LINE ( 'NONE', #4372, #921 ) ;
#7581 = DIRECTION ( 'NONE',  ( -0.0000000000000000000, -0.0000000000000000000, 1.000000000000000000 ) ) ;
#7583 = AXIS2_PLACEMENT_3D ( 'NONE', #7238, #2942, #4770 ) ;
#7584 = DIRECTION ( 'NONE',  ( -0.0000000000000000000, -1.000000000000000000, -0.0000000000000000000 ) ) ;
#7585 = FACE_OUTER_BOUND ( 'NONE', #651, .T. ) ;
#7586 = CARTESIAN_POINT ( 'NONE',  ( 3.567932165683040500, 0.4000000000000010200, 3.407986071760432400 ) ) ;
#7587 = CARTESIAN_POINT ( 'NONE',  ( 3.046326844716307200, 0.2282110643130845500, -4.293297653630805400 ) ) ;
#7588 = SURFACE_SIDE_STYLE ('',( #1765 ) ) ;
#7589 = VECTOR ( 'NONE', #5042, 1000.000000000000100 ) ;
#7590 = EDGE_CURVE ( 'NONE', #1163, #6321, #3968, .T. ) ;
#7591 = CIRCLE ( 'NONE', #6707, 4.924999999999999800 ) ;
#7592 = CARTESIAN_POINT ( 'NONE',  ( -4.091316040819109800, 4.170189603414794300, 3.260954597208887600 ) ) ;
#7593 = VERTEX_POINT ( 'NONE', #5739 ) ;
#7594 = DIRECTION ( 'NONE',  ( 0.7071067811865431300, -0.7071067811865517900, 0.0000000000000000000 ) ) ;
#7595 = APPLICATION_PROTOCOL_DEFINITION ( 'draft international standard', 'automotive_design', 1998, #3887 ) ;
#7596 = EDGE_CURVE ( 'NONE', #5174, #720, #1495, .T. ) ;
#7597 = CIRCLE ( 'NONE', #3541, 0.1000000000000002600 ) ;
#7598 = ORIENTED_EDGE ( 'NONE', *, *, #7285, .T. ) ;
#7599 = CIRCLE ( 'NONE', #7752, 0.09999999999999982500 ) ;
#7600 = VERTEX_POINT ( 'NONE', #7566 ) ;
#7601 = CARTESIAN_POINT ( 'NONE',  ( 4.242640687119284800, 0.0000000000000000000, 5.242640687119286500 ) ) ;
#7602 = ADVANCED_FACE ( 'NONE', ( #7684 ), #2639, .T. ) ;
#7603 = CARTESIAN_POINT ( 'NONE',  ( -3.770703214370494800, 4.193111900177109800, -3.195698423968609300 ) ) ;
#7604 = VECTOR ( 'NONE', #2543, 1000.000000000000000 ) ;
#7605 = CARTESIAN_POINT ( 'NONE',  ( -2.997803731898102300, 3.163880643471964800, 3.959726526175114000 ) ) ;
#7606 = EDGE_LOOP ( 'NONE', ( #7635, #589, #3713, #4692 ) ) ;
#7607 = FACE_BOUND ( 'NONE', #7891, .T. ) ;
#7608 = AXIS2_PLACEMENT_3D ( 'NONE', #7406, #3575, #4959 ) ;
#7609 = DIRECTION ( 'NONE',  ( -0.5130781995407813800, 0.08715574274766141300, -0.8539055203370532500 ) ) ;
#7610 = EDGE_LOOP ( 'NONE', ( #1256, #77, #857, #3977 ) ) ;
#7611 = ORIENTED_EDGE ( 'NONE', *, *, #7428, .T. ) ;
#7612 = EDGE_LOOP ( 'NONE', ( #6446, #6919, #170, #6019 ) ) ;
#7613 = CARTESIAN_POINT ( 'NONE',  ( -5.000000000000000000, 5.000000000000000000, 5.000000000000000000 ) ) ;
#7614 = CARTESIAN_POINT ( 'NONE',  ( -3.856127629579424900, 0.4000000000000008500, 3.139880253173717300 ) ) ;
#7615 = ORIENTED_EDGE ( 'NONE', *, *, #5234, .F. ) ;
#7616 = ORIENTED_EDGE ( 'NONE', *, *, #1479, .F. ) ;
#7617 = LINE ( 'NONE', #5147, #4688 ) ;
#7618 = DIRECTION ( 'NONE',  ( 0.0000000000000000000, 0.0000000000000000000, 1.000000000000000000 ) ) ;
#7619 = EDGE_LOOP ( 'NONE', ( #4600, #1447, #6575, #4056 ) ) ;
#7620 = ORIENTED_EDGE ( 'NONE', *, *, #1215, .F. ) ;
#7621 = DIRECTION ( 'NONE',  ( -1.204669080539449300E-016, -0.0000000000000000000, -1.000000000000000000 ) ) ;
#7622 = DIRECTION ( 'NONE',  ( -1.000000000000000000, 0.0000000000000000000, 0.0000000000000000000 ) ) ;
#7623 = ORIENTED_EDGE ( 'NONE', *, *, #7668, .F. ) ;
#7624 = ORIENTED_EDGE ( 'NONE', *, *, #1435, .F. ) ;
#7625 = ORIENTED_EDGE ( 'NONE', *, *, #2769, .F. ) ;
#7626 = DIRECTION ( 'NONE',  ( 0.8571673007021122200, 0.0000000000000000000, 0.5150380749100542700 ) ) ;
#7627 =( NAMED_UNIT ( * ) PLANE_ANGLE_UNIT ( ) SI_UNIT ( $, .RADIAN. ) );
#7628 = EDGE_CURVE ( 'NONE', #3307, #5587, #6594, .T. ) ;
#7629 = DIRECTION ( 'NONE',  ( -0.5150380749100536000, 0.0000000000000000000, 0.8571673007021125600 ) ) ;
#7630 = B_SPLINE_SURFACE_WITH_KNOTS ( 'NONE', 1, 3, ( 
 ( #4599, #2094, #5876, #2057, #820, #2705 ),
 ( #6465, #3343, #2732, #2120, #1518, #6528 ) ),
 .UNSPECIFIED., .F., .F., .F.,
 ( 2, 2 ),
 ( 4, 2, 4 ),
 ( 0.0000000000000000000, 1.000000000000000000 ),
 ( 0.0000000000000000000, 0.5000000000000000000, 1.000000000000000000 ),
 .UNSPECIFIED. ) ;
#7631 = ORIENTED_EDGE ( 'NONE', *, *, #5319, .T. ) ;
#7632 = ORIENTED_EDGE ( 'NONE', *, *, #4333, .T. ) ;
#7633 = ORIENTED_EDGE ( 'NONE', *, *, #5446, .F. ) ;
#7634 = DIRECTION ( 'NONE',  ( -0.8571673007021128900, 8.511960079772417800E-017, -0.5150380749100530500 ) ) ;
#7635 = ORIENTED_EDGE ( 'NONE', *, *, #6897, .T. ) ;
#7636 = ORIENTED_EDGE ( 'NONE', *, *, #2042, .T. ) ;
#7637 = PLANE ( 'NONE',  #815 ) ;
#7638 = CARTESIAN_POINT ( 'NONE',  ( -4.028805748864899200, 0.4000000000000001900, 3.320662628199693600 ) ) ;
#7639 = EDGE_CURVE ( 'NONE', #1064, #693, #5056, .T. ) ;
#7640 = CARTESIAN_POINT ( 'NONE',  ( 4.028805748864900100, 0.4000000000000001900, -3.320662628199691800 ) ) ;
#7641 = CARTESIAN_POINT ( 'NONE',  ( -3.398528137423850300, 0.2500000000000000000, -2.450000000000001100 ) ) ;
#7642 = AXIS2_PLACEMENT_3D ( 'NONE', #4560, #3836, #2666 ) ;
#7643 = CARTESIAN_POINT ( 'NONE',  ( -3.050356997080815500, 0.2500000000000001100, 3.756402933671640000 ) ) ;
#7644 = ADVANCED_FACE ( 'NONE', ( #1882 ), #7071, .F. ) ;
#7645 = DIRECTION ( 'NONE',  ( -2.168404344971003300E-015, 0.0000000000000000000, -1.000000000000000000 ) ) ;
#7646 = CARTESIAN_POINT ( 'NONE',  ( -3.745358649331325600, 0.1666666666666666900, 3.038251868144763900 ) ) ;
#7647 = CARTESIAN_POINT ( 'NONE',  ( -5.000000000000000000, 5.000000000000000000, -4.999999999999999100 ) ) ;
#7648 =( NAMED_UNIT ( * ) SI_UNIT ( $, .STERADIAN. ) SOLID_ANGLE_UNIT ( ) );
#7649 = EDGE_CURVE ( 'NONE', #8065, #5511, #3185, .T. ) ;
#7650 = AXIS2_PLACEMENT_3D ( 'NONE', #674, #7539, #1981 ) ;
#7651 = VECTOR ( 'NONE', #6622, 1000.000000000000200 ) ;
#7652 = CYLINDRICAL_SURFACE ( 'NONE', #7143, 0.5000000000000015500 ) ;
#7653 = CARTESIAN_POINT ( 'NONE',  ( -1.999999999999999600, 0.0000000000000000000, 1.000000000000000000 ) ) ;
#7654 = EDGE_CURVE ( 'NONE', #1400, #4771, #2684, .T. ) ;
#7655 = CARTESIAN_POINT ( 'NONE',  ( -3.052496758070555800, 0.3651377029009354500, -4.303566113834088800 ) ) ;
#7656 = LINE ( 'NONE', #4840, #4551 ) ;
#7657 = FACE_OUTER_BOUND ( 'NONE', #906, .T. ) ;
#7658 = VERTEX_POINT ( 'NONE', #2068 ) ;
#7659 = CARTESIAN_POINT ( 'NONE',  ( -3.803941088848799400, -9.616158755783857000E-017, -3.095770484169037200 ) ) ;
#7660 = FACE_OUTER_BOUND ( 'NONE', #4508, .T. ) ;
#7661 = FACE_OUTER_BOUND ( 'NONE', #4517, .T. ) ;
#7662 = DIRECTION ( 'NONE',  ( 0.6907124771418926600, 0.0000000000000000000, -0.7231295001038959800 ) ) ;
#7663 = LINE ( 'NONE', #1046, #5508 ) ;
#7664 = CARTESIAN_POINT ( 'NONE',  ( 3.398528137423872900, 0.2500000000000000000, -2.450000000000001100 ) ) ;
#7665 = CARTESIAN_POINT ( 'NONE',  ( -2.653085534590167600, 0.2500000000000000000, 3.638834209575234600 ) ) ;
#7666 = DIRECTION ( 'NONE',  ( -1.000000000000000000, -1.668003342285397200E-016, 0.0000000000000000000 ) ) ;
#7667 = EDGE_LOOP ( 'NONE', ( #2209, #4327, #2183, #6410 ) ) ;
#7668 = EDGE_CURVE ( 'NONE', #6249, #1072, #3283, .T. ) ;
#7669 = CYLINDRICAL_SURFACE ( 'NONE', #5113, 0.5000000000000015500 ) ;
#7670 = DIRECTION ( 'NONE',  ( 0.0000000000000000000, 0.0000000000000000000, -1.000000000000000000 ) ) ;
#7671 = LINE ( 'NONE', #911, #2672 ) ;
#7672 = VECTOR ( 'NONE', #2504, 1000.000000000000200 ) ;
#7673 = AXIS2_PLACEMENT_3D ( 'NONE', #421, #5403, #1625 ) ;
#7674 = CARTESIAN_POINT ( 'NONE',  ( 3.038251868144765700, 0.0000000000000000000, 3.745358649331330000 ) ) ;
#7675 = VECTOR ( 'NONE', #2653, 1000.000000000000000 ) ;
#7676 = CARTESIAN_POINT ( 'NONE',  ( -6.000000000000000000, 0.0000000000000000000, 6.000000000000000000 ) ) ;
#7677 = VERTEX_POINT ( 'NONE', #912 ) ;
#7678 = VECTOR ( 'NONE', #5408, 1000.000000000000000 ) ;
#7679 = VECTOR ( 'NONE', #7178, 999.9999999999998900 ) ;
#7680 = ADVANCED_FACE ( 'NONE', ( #441 ), #7723, .F. ) ;
#7681 = DIRECTION ( 'NONE',  ( 0.0000000000000000000, -1.000000000000000000, 0.0000000000000000000 ) ) ;
#7682 = EDGE_CURVE ( 'NONE', #1609, #4059, #1031, .T. ) ;
#7683 = EDGE_LOOP ( 'NONE', ( #7243, #2880, #2820, #2398 ) ) ;
#7684 = FACE_OUTER_BOUND ( 'NONE', #7096, .T. ) ;
#7685 = CARTESIAN_POINT ( 'NONE',  ( 4.200000000000002000, -0.2499999999999989700, 2.449999999999999300 ) ) ;
#7686 = ORIENTED_EDGE ( 'NONE', *, *, #577, .T. ) ;
#7687 = DIRECTION ( 'NONE',  ( 0.7229394975650266200, 0.02292229676231477200, 0.6905309921875825200 ) ) ;
#7688 = VECTOR ( 'NONE', #1963, 1000.000000000000000 ) ;
#7689 = DIRECTION ( 'NONE',  ( 0.0000000000000000000, 0.0000000000000000000, -1.000000000000000000 ) ) ;
#7690 = VECTOR ( 'NONE', #3842, 1000.000000000000000 ) ;
#7691 = EDGE_CURVE ( 'NONE', #6168, #2812, #1301, .T. ) ;
#7692 =( LENGTH_UNIT ( ) NAMED_UNIT ( * ) SI_UNIT ( .MILLI., .METRE. ) );
#7693 = AXIS2_PLACEMENT_3D ( 'NONE', #6155, #6777, #5663 ) ;
#7694 = CIRCLE ( 'NONE', #981, 5.325000000000001100 ) ;
#7695 = ORIENTED_EDGE ( 'NONE', *, *, #7488, .F. ) ;
#7697 = LINE ( 'NONE', #27, #2898 ) ;
#7696 = CARTESIAN_POINT ( 'NONE',  ( 0.0000000000000000000, -1.500000000000002400, -4.924999999999999800 ) ) ;
#7698 = CARTESIAN_POINT ( 'NONE',  ( -6.000000000000000000, 0.0000000000000000000, -2.450000000000001100 ) ) ;
#7699 = PLANE ( 'NONE',  #5779 ) ;
#7700 = CARTESIAN_POINT ( 'NONE',  ( 3.038251868144765700, 0.2500000000000000000, 3.745358649331330000 ) ) ;
#7701 = ORIENTED_EDGE ( 'NONE', *, *, #6929, .F. ) ;
#7702 = CARTESIAN_POINT ( 'NONE',  ( 3.996642290355193700, 0.1912053364946878800, -3.291769412734987500 ) ) ;
#7703 = EDGE_LOOP ( 'NONE', ( #3616, #5807, #1607, #2630 ) ) ;
#7704 = ORIENTED_EDGE ( 'NONE', *, *, #1571, .T. ) ;
#7705 = ORIENTED_EDGE ( 'NONE', *, *, #3927, .T. ) ;
#7706 = EDGE_CURVE ( 'NONE', #1293, #2307, #4755, .T. ) ;
#7707 = CARTESIAN_POINT ( 'NONE',  ( -1.999999999999999600, 0.0000000000000000000, 1.000000000000000000 ) ) ;
#7708 = VERTEX_POINT ( 'NONE', #1469 ) ;
#7709 = ORIENTED_EDGE ( 'NONE', *, *, #4656, .F. ) ;
#7710 = ORIENTED_EDGE ( 'NONE', *, *, #6530, .T. ) ;
#7711 = CARTESIAN_POINT ( 'NONE',  ( 3.580664191045907200, 0.4000000000000001900, -3.748714540709014100 ) ) ;
#7712 = CARTESIAN_POINT ( 'NONE',  ( 4.156066017177984400, -0.2060660171779816200, 2.449999999999999300 ) ) ;
#7713 = EDGE_CURVE ( 'NONE', #3070, #3007, #5239, .T. ) ;
#7714 = AXIS2_PLACEMENT_3D ( 'NONE', #4767, #1717, #7261 ) ;
#7715 = VERTEX_POINT ( 'NONE', #7698 ) ;
#7716 = ORIENTED_EDGE ( 'NONE', *, *, #2554, .F. ) ;
#7717 =( NAMED_UNIT ( * ) PLANE_ANGLE_UNIT ( ) SI_UNIT ( $, .RADIAN. ) );
#7718 = ORIENTED_EDGE ( 'NONE', *, *, #7266, .T. ) ;
#7719 = ADVANCED_FACE ( 'NONE', ( #2985 ), #3475, .F. ) ;
#7720 = DIRECTION ( 'NONE',  ( 0.0000000000000000000, 0.0000000000000000000, -1.000000000000000000 ) ) ;
#7721 = AXIS2_PLACEMENT_3D ( 'NONE', #1689, #1662, #5368 ) ;
#7722 = EDGE_LOOP ( 'NONE', ( #2808, #5420, #5085, #5356 ) ) ;
#7723 = PLANE ( 'NONE',  #103 ) ;
#7724 = VERTEX_POINT ( 'NONE', #7801 ) ;
#7725 = ORIENTED_EDGE ( 'NONE', *, *, #2483, .F. ) ;
#7726 = ORIENTED_EDGE ( 'NONE', *, *, #4076, .T. ) ;
#7727 = CARTESIAN_POINT ( 'NONE',  ( -3.996642290355192800, 0.1912053364946881300, 3.291769412734988400 ) ) ;
#7728 = EDGE_CURVE ( 'NONE', #466, #24, #344, .T. ) ;
#7729 = CARTESIAN_POINT ( 'NONE',  ( -3.949999999999999700, 0.2500000000000000000, -2.450000000000001100 ) ) ;
#7730 = DIRECTION ( 'NONE',  ( -0.4994745683111420100, -0.7231295001038964300, -0.4770837260794872400 ) ) ;
#7731 = ORIENTED_EDGE ( 'NONE', *, *, #3917, .F. ) ;
#7732 = ORIENTED_EDGE ( 'NONE', *, *, #6731, .T. ) ;
#7733 = CARTESIAN_POINT ( 'NONE',  ( -3.000000000000000000, 4.400000000000000400, 0.0000000000000000000 ) ) ;
#7734 = CARTESIAN_POINT ( 'NONE',  ( -2.939196074080897800, 0.7191252243511374600, 4.115002110133895400 ) ) ;
#7735 = DIRECTION ( 'NONE',  ( 0.7071067812014961700, 0.7071067811715988600, 1.593520205958696800E-011 ) ) ;
#7736 = VERTEX_POINT ( 'NONE', #6475 ) ;
#7737 = EDGE_CURVE ( 'NONE', #4835, #5850, #5156, .T. ) ;
#7738 = DIRECTION ( 'NONE',  ( 0.0000000000000000000, 0.0000000000000000000, -1.000000000000000000 ) ) ;
#7739 = PLANE ( 'NONE',  #278 ) ;
#7740 = EDGE_CURVE ( 'NONE', #4796, #286, #3662, .T. ) ;
#7741 = CARTESIAN_POINT ( 'NONE',  ( 1.749999999999999800, 0.2500000000000000000, -5.100000000000001400 ) ) ;
#7742 = VECTOR ( 'NONE', #6750, 1000.000000000000200 ) ;
#7743 = CARTESIAN_POINT ( 'NONE',  ( -3.170481851183575300, 3.163880643471966600, 4.140508901201087600 ) ) ;
#7744 = LINE ( 'NONE', #283, #4339 ) ;
#7745 = EDGE_CURVE ( 'NONE', #7600, #1532, #1122, .T. ) ;
#7746 = DIRECTION ( 'NONE',  ( 0.5150380749100522700, 0.0000000000000000000, -0.8571673007021133300 ) ) ;
#7747 = ORIENTED_EDGE ( 'NONE', *, *, #3220, .T. ) ;
#7748 = VECTOR ( 'NONE', #641, 999.9999999999998900 ) ;
#7749 = PLANE ( 'NONE',  #1053 ) ;
#7750 = DIRECTION ( 'NONE',  ( -6.938893903907223600E-015, -1.000000000000000000, 0.0000000000000000000 ) ) ;
#7751 = VECTOR ( 'NONE', #2395, 1000.000000000000000 ) ;
#7752 = AXIS2_PLACEMENT_3D ( 'NONE', #1380, #6413, #112 ) ;
#7753 = EDGE_CURVE ( 'NONE', #1818, #4896, #6194, .T. ) ;
#7754 = CARTESIAN_POINT ( 'NONE',  ( 0.0000000000000000000, 1.499999999999997100, -4.924999999999999800 ) ) ;
#7755 = ORIENTED_EDGE ( 'NONE', *, *, #5715, .F. ) ;
#7756 = ORIENTED_EDGE ( 'NONE', *, *, #3055, .T. ) ;
#7757 = VECTOR ( 'NONE', #4184, 1000.000000000000000 ) ;
#7758 = VECTOR ( 'NONE', #1685, 1000.000000000000000 ) ;
#7759 = UNCERTAINTY_MEASURE_WITH_UNIT (LENGTH_MEASURE( 1.000000000000000100E-005 ), #6429, 'distance_accuracy_value', 'NONE');
#7760 = CARTESIAN_POINT ( 'NONE',  ( 0.9500000000000005100, 0.0000000000000000000, -6.299999999999998900 ) ) ;
#7761 = CARTESIAN_POINT ( 'NONE',  ( -4.091316040819109800, 4.170189603414794300, 3.260954597208887600 ) ) ;
#7762 = ORIENTED_EDGE ( 'NONE', *, *, #4149, .T. ) ;
#7763 = DIRECTION ( 'NONE',  ( -0.5130781995407752700, 0.08715574274766137200, 0.8539055203370570200 ) ) ;
#7764 = PLANE ( 'NONE',  #2093 ) ;
#7765 = ORIENTED_EDGE ( 'NONE', *, *, #1916, .F. ) ;
#7766 = CARTESIAN_POINT ( 'NONE',  ( 3.832475694090069500, 3.491061948380443700, -3.162471900933483800 ) ) ;
#7767 = FACE_OUTER_BOUND ( 'NONE', #858, .T. ) ;
#7768 = CARTESIAN_POINT ( 'NONE',  ( 0.0000000000000000000, 4.400000000000000400, 3.000000000000000000 ) ) ;
#7769 = VECTOR ( 'NONE', #6906, 1000.000000000000000 ) ;
#7770 = EDGE_CURVE ( 'NONE', #1438, #7439, #433, .T. ) ;
#7771 = VECTOR ( 'NONE', #7160, 1000.000000000000100 ) ;
#7772 = CARTESIAN_POINT ( 'NONE',  ( 5.500000000000000000, 1.355252715606880500E-015, 2.449999999999999300 ) ) ;
#7773 = ORIENTED_EDGE ( 'NONE', *, *, #1172, .T. ) ;
#7774 = FACE_OUTER_BOUND ( 'NONE', #5617, .T. ) ;
#7775 = LINE ( 'NONE', #53, #350 ) ;
#7776 = CARTESIAN_POINT ( 'NONE',  ( -4.091316040819109800, 4.170189603414794300, 3.260954597208887600 ) ) ;
#7777 = DIRECTION ( 'NONE',  ( -0.0000000000000000000, 1.000000000000000000, -0.0000000000000000000 ) ) ;
#7778 = CARTESIAN_POINT ( 'NONE',  ( -6.000000000000000000, 4.400000000000000400, 0.0000000000000000000 ) ) ;
#7779 = CARTESIAN_POINT ( 'NONE',  ( -3.242819847682089300, 5.000000000000000000, 4.223712162953237500 ) ) ;
#7780 = DIRECTION ( 'NONE',  ( -0.0000000000000000000, 1.000000000000000000, -0.0000000000000000000 ) ) ;
#7781 = VECTOR ( 'NONE', #240, 1000.000000000000000 ) ;
#7782 = EDGE_CURVE ( 'NONE', #2152, #5930, #2177, .T. ) ;
#7783 = EDGE_LOOP ( 'NONE', ( #3593, #2366, #3667, #5381 ) ) ;
#7784 = FACE_OUTER_BOUND ( 'NONE', #4807, .T. ) ;
#7785 = DIRECTION ( 'NONE',  ( -8.031127203596331800E-017, -6.697973508958929100E-033, 1.000000000000000000 ) ) ;
#7786 = CARTESIAN_POINT ( 'NONE',  ( -4.650000000000000400, -1.084202172485504400E-016, 0.5000000000000001100 ) ) ;
#7787 = AXIS2_PLACEMENT_3D ( 'NONE', #563, #1789, #7357 ) ;
#7788 = FACE_OUTER_BOUND ( 'NONE', #2181, .T. ) ;
#7789 = ORIENTED_EDGE ( 'NONE', *, *, #4014, .F. ) ;
#7790 = CYLINDRICAL_SURFACE ( 'NONE', #6328, 0.2500000000000002200 ) ;
#7791 = CARTESIAN_POINT ( 'NONE',  ( -3.770703214370494800, 4.193111900177109800, -3.195698423968609300 ) ) ;
#7792 = EDGE_CURVE ( 'NONE', #1991, #2542, #817, .T. ) ;
#7793 = VERTEX_POINT ( 'NONE', #942 ) ;
#7794 = ORIENTED_EDGE ( 'NONE', *, *, #809, .F. ) ;
#7795 = DIRECTION ( 'NONE',  ( -1.000000000000000000, 0.0000000000000000000, 0.0000000000000000000 ) ) ;
#7796 = AXIS2_PLACEMENT_3D ( 'NONE', #1700, #2826, #1733 ) ;
#7797 = CARTESIAN_POINT ( 'NONE',  ( 3.365161116995595500, -13.82508089004571200, 3.620273719552296900 ) ) ;
#7798 = VERTEX_POINT ( 'NONE', #4330 ) ;
#7799 = ORIENTED_EDGE ( 'NONE', *, *, #4333, .F. ) ;
#7800 = CIRCLE ( 'NONE', #207, 1.000000000000001800 ) ;
#7801 = CARTESIAN_POINT ( 'NONE',  ( 3.103418553237962600, 2.702328844871598500, 3.894300576673960000 ) ) ;
#7802 = EDGE_CURVE ( 'NONE', #685, #2467, #4943, .T. ) ;
#7803 = ORIENTED_EDGE ( 'NONE', *, *, #4416, .T. ) ;
#7804 = DIRECTION ( 'NONE',  ( 0.0000000000000000000, 0.0000000000000000000, -1.000000000000000000 ) ) ;
#7805 = FILL_AREA_STYLE_COLOUR ( '', #5079 ) ;
#7806 = DIRECTION ( 'NONE',  ( -0.0000000000000000000, -1.000000000000000000, -0.0000000000000000000 ) ) ;
#7807 = VERTEX_POINT ( 'NONE', #3617 ) ;
#7808 = EDGE_LOOP ( 'NONE', ( #5283, #6045, #1458, #1841 ) ) ;
#7809 = ORIENTED_EDGE ( 'NONE', *, *, #2092, .F. ) ;
#7810 = DIRECTION ( 'NONE',  ( -0.0000000000000000000, -1.000000000000000000, -0.0000000000000000000 ) ) ;
#7811 = ORIENTED_EDGE ( 'NONE', *, *, #6116, .T. ) ;
#7812 = DIRECTION ( 'NONE',  ( -0.0000000000000000000, -0.0000000000000000000, -1.000000000000000000 ) ) ;
#7813 = ORIENTED_EDGE ( 'NONE', *, *, #4615, .T. ) ;
#7814 = ORIENTED_EDGE ( 'NONE', *, *, #1138, .T. ) ;
#7815 = DIRECTION ( 'NONE',  ( -0.0000000000000000000, 1.000000000000000000, -0.0000000000000000000 ) ) ;
#7816 = DIRECTION ( 'NONE',  ( 0.0000000000000000000, 0.0000000000000000000, -1.000000000000000000 ) ) ;
#7817 = EDGE_CURVE ( 'NONE', #5781, #24, #7478, .T. ) ;
#7818 = CARTESIAN_POINT ( 'NONE',  ( -3.949999999999999700, 0.2500000000000000000, 2.449999999999999300 ) ) ;
#7819 = VERTEX_POINT ( 'NONE', #6743 ) ;
#7820 = VERTEX_POINT ( 'NONE', #334 ) ;
#7821 = ORIENTED_EDGE ( 'NONE', *, *, #7213, .T. ) ;
#7822 = AXIS2_PLACEMENT_3D ( 'NONE', #1123, #4403, #3725 ) ;
#7823 = DIRECTION ( 'NONE',  ( 0.0000000000000000000, 0.0000000000000000000, -1.000000000000000000 ) ) ;
#7824 = DIRECTION ( 'NONE',  ( 0.0000000000000000000, 0.0000000000000000000, -1.000000000000000000 ) ) ;
#7825 = EDGE_CURVE ( 'NONE', #2431, #1991, #5433, .T. ) ;
#7826 = CARTESIAN_POINT ( 'NONE',  ( -5.750000000000000000, 0.0000000000000000000, 2.449999999999999300 ) ) ;
#7827 = DIRECTION ( 'NONE',  ( 0.0000000000000000000, 0.0000000000000000000, -1.000000000000000000 ) ) ;
#7828 = PLANE ( 'NONE',  #7256 ) ;
#7829 = FACE_OUTER_BOUND ( 'NONE', #4417, .T. ) ;
#7830 = AXIS2_PLACEMENT_3D ( 'NONE', #2463, #723, #3798 ) ;
#7831 = FACE_OUTER_BOUND ( 'NONE', #4846, .T. ) ;
#7832 = DIRECTION ( 'NONE',  ( 1.000000000000000000, 0.0000000000000000000, 0.0000000000000000000 ) ) ;
#7833 = EDGE_CURVE ( 'NONE', #7207, #2010, #2676, .T. ) ;
#7834 = AXIS2_PLACEMENT_3D ( 'NONE', #1582, #951, #4110 ) ;
#7835 = VECTOR ( 'NONE', #383, 1000.000000000000000 ) ;
#7836 = CARTESIAN_POINT ( 'NONE',  ( -6.000000000000000000, 5.000000000000000000, 6.000000000000000000 ) ) ;
#7837 = ADVANCED_FACE ( 'NONE', ( #1584 ), #332, .F. ) ;
#7838 = LINE ( 'NONE', #3150, #1652 ) ;
#7839 = DIRECTION ( 'NONE',  ( 0.0000000000000000000, 1.000000000000000000, -0.0000000000000000000 ) ) ;
#7840 = EDGE_LOOP ( 'NONE', ( #7521, #1354, #1485, #3792 ) ) ;
#7841 = EDGE_CURVE ( 'NONE', #7489, #2828, #539, .T. ) ;
#7842 = DIRECTION ( 'NONE',  ( 0.0000000000000000000, -1.000000000000000000, 0.0000000000000000000 ) ) ;
#7843 = ORIENTED_EDGE ( 'NONE', *, *, #3349, .F. ) ;
#7844 = VECTOR ( 'NONE', #3120, 1000.000000000000000 ) ;
#7845 = ORIENTED_EDGE ( 'NONE', *, *, #3428, .T. ) ;
#7846 = CARTESIAN_POINT ( 'NONE',  ( -6.000000000000000000, 5.000000000000000000, 6.000000000000000000 ) ) ;
#7847 = FACE_OUTER_BOUND ( 'NONE', #7249, .T. ) ;
#7848 = CIRCLE ( 'NONE', #5649, 4.925000000000000700 ) ;
#7849 = PLANE ( 'NONE',  #7871 ) ;
#7850 = CARTESIAN_POINT ( 'NONE',  ( 3.000000000000000000, 5.000000000000000000, 0.0000000000000000000 ) ) ;
#7851 = ORIENTED_EDGE ( 'NONE', *, *, #148, .F. ) ;
#7852 = CARTESIAN_POINT ( 'NONE',  ( -2.924227208185329600, 0.3869266385878502600, 4.090089733749843900 ) ) ;
#7853 = PLANE ( 'NONE',  #5404 ) ;
#7854 = VECTOR ( 'NONE', #5592, 1000.000000000000000 ) ;
#7855 = ORIENTED_EDGE ( 'NONE', *, *, #5978, .F. ) ;
#7856 = SHAPE_REPRESENTATION ( '40014700A', ( #3038 ), #6905 ) ;
#7857 = FACE_OUTER_BOUND ( 'NONE', #962, .T. ) ;
#7858 = CYLINDRICAL_SURFACE ( 'NONE', #284, 0.1499999999999998800 ) ;
#7859 = CARTESIAN_POINT ( 'NONE',  ( -3.398528137423869800, 0.2500000000000000000, 2.449999999999999300 ) ) ;
#7860 = B_SPLINE_CURVE_WITH_KNOTS ( 'NONE', 1,
 ( #4836, #6106 ),
 .UNSPECIFIED., .F., .F.,
 ( 2, 2 ),
 ( 0.0000000000000000000, 1.000000000000000000 ),
 .UNSPECIFIED. ) ;
#7861 = ORIENTED_EDGE ( 'NONE', *, *, #4570, .F. ) ;
#7862 = CYLINDRICAL_SURFACE ( 'NONE', #5964, 0.1000000000000002600 ) ;
#7863 = ADVANCED_FACE ( 'NONE', ( #7585 ), #4720, .F. ) ;
#7864 = ORIENTED_EDGE ( 'NONE', *, *, #3069, .T. ) ;
#7865 = AXIS2_PLACEMENT_3D ( 'NONE', #6966, #3925, #4523 ) ;
#7866 = CARTESIAN_POINT ( 'NONE',  ( 0.0000000000000000000, 5.000000000000000000, 0.0000000000000000000 ) ) ;
#7867 = CARTESIAN_POINT ( 'NONE',  ( 3.534314575036435100, -0.1500000000000000200, 2.450000000010273700 ) ) ;
#7868 = CIRCLE ( 'NONE', #352, 4.924999999999998900 ) ;
#7869 = LINE ( 'NONE', #172, #1128 ) ;
#7870 = DIRECTION ( 'NONE',  ( 0.0000000000000000000, -1.000000000000000000, 0.0000000000000000000 ) ) ;
#7871 = AXIS2_PLACEMENT_3D ( 'NONE', #5572, #7442, #1132 ) ;
#7872 = ORIENTED_EDGE ( 'NONE', *, *, #6358, .T. ) ;
#7873 = FACE_OUTER_BOUND ( 'NONE', #2476, .T. ) ;
#7874 = CARTESIAN_POINT ( 'NONE',  ( 3.951295846318339900, 0.4000000000000025200, 3.247926823190619300 ) ) ;
#7875 = CARTESIAN_POINT ( 'NONE',  ( 5.500000000000000000, 1.355252715606880500E-015, 2.449999999999999300 ) ) ;
#7876 = DIRECTION ( 'NONE',  ( -0.6907124771418921000, 0.0000000000000000000, 0.7231295001038965400 ) ) ;
#7877 = ORIENTED_EDGE ( 'NONE', *, *, #4809, .F. ) ;
#7878 = FACE_OUTER_BOUND ( 'NONE', #3359, .T. ) ;
#7880 = VECTOR ( 'NONE', #1574, 1000.000000000000000 ) ;
#7879 = CARTESIAN_POINT ( 'NONE',  ( -2.847265478254243000, 0.2499999999999998300, -3.962003905699266900 ) ) ;
#7881 = EDGE_CURVE ( 'NONE', #969, #479, #5815, .T. ) ;
#7882 = FACE_OUTER_BOUND ( 'NONE', #6343, .T. ) ;
#7883 = AXIS2_PLACEMENT_3D ( 'NONE', #5963, #5934, #4626 ) ;
#7884 = SURFACE_SIDE_STYLE ('',( #2608 ) ) ;
#7885 = VERTEX_POINT ( 'NONE', #6555 ) ;
#7886 = CARTESIAN_POINT ( 'NONE',  ( -3.891963098134026700, 0.04310923855607500000, 3.186957102127511800 ) ) ;
#7887 = LINE ( 'NONE', #1751, #1512 ) ;
#7888 = ADVANCED_FACE ( 'NONE', ( #5998 ), #4907, .T. ) ;
#7889 = EDGE_CURVE ( 'NONE', #6324, #7885, #4170, .T. ) ;
#7890 = VERTEX_POINT ( 'NONE', #4885 ) ;
#7891 = EDGE_LOOP ( 'NONE', ( #1800, #5845 ) ) ;
#7892 = FACE_OUTER_BOUND ( 'NONE', #3609, .T. ) ;
#7893 = DIRECTION ( 'NONE',  ( 0.0000000000000000000, 0.0000000000000000000, 1.000000000000000000 ) ) ;
#7894 = CARTESIAN_POINT ( 'NONE',  ( 2.738802264660508400, 0.2500000000000000000, 3.587330402084381900 ) ) ;
#7895 = AXIS2_PLACEMENT_3D ( 'NONE', #2408, #3560, #4331 ) ;
#7896 = ORIENTED_EDGE ( 'NONE', *, *, #2554, .T. ) ;
#7897 = ORIENTED_EDGE ( 'NONE', *, *, #6952, .T. ) ;
#7898 = CARTESIAN_POINT ( 'NONE',  ( 2.847265478254240800, 0.4000000000000009700, 3.962003905699266000 ) ) ;
#7899 = DIRECTION ( 'NONE',  ( -0.4994745683111422900, 0.7231295001038958700, -0.4770837260794877900 ) ) ;
#7900 = CARTESIAN_POINT ( 'NONE',  ( 3.119254674084823300, 0.3217020011855085700, -3.821364523832312200 ) ) ;
#7901 = EDGE_LOOP ( 'NONE', ( #4196, #5224, #487, #3711, #2410, #288, #5851, #4482, #3891 ) ) ;
#7902 = ORIENTED_EDGE ( 'NONE', *, *, #460, .T. ) ;
#7903 = DIRECTION ( 'NONE',  ( -0.0000000000000000000, -1.000000000000000000, 0.0000000000000000000 ) ) ;
#7904 = VECTOR ( 'NONE', #2569, 1000.000000000000000 ) ;
#7905 = EDGE_CURVE ( 'NONE', #1749, #286, #731, .T. ) ;
#7906 = CARTESIAN_POINT ( 'NONE',  ( 3.640380592212174800, -0.04393398281977543100, -2.450000000010273700 ) ) ;
#7907 = AXIS2_PLACEMENT_3D ( 'NONE', #8, #6264, #1899 ) ;
#7908 = DIRECTION ( 'NONE',  ( 0.0000000000000000000, 0.0000000000000000000, -1.000000000000000000 ) ) ;
#7909 = ADVANCED_FACE ( 'NONE', ( #2477 ), #4301, .T. ) ;
#7910 = PLANE ( 'NONE',  #2154 ) ;
#7911 = EDGE_LOOP ( 'NONE', ( #3796, #4194, #2619, #5284 ) ) ;
#7912 = ORIENTED_EDGE ( 'NONE', *, *, #7053, .F. ) ;
#7913 = EDGE_LOOP ( 'NONE', ( #4047, #7855, #3056, #2811 ) ) ;
#7914 = CARTESIAN_POINT ( 'NONE',  ( 2.381731783404402900, 0.6973362886642219300, -4.740508950146201900 ) ) ;
#7915 = EDGE_CURVE ( 'NONE', #689, #936, #5148, .T. ) ;
#7916 = PLANE ( 'NONE',  #7051 ) ;
#7917 = DIRECTION ( 'NONE',  ( 1.000000000000000000, 0.0000000000000000000, -0.0000000000000000000 ) ) ;
#7918 = ORIENTED_EDGE ( 'NONE', *, *, #7737, .F. ) ;
#7919 = ORIENTED_EDGE ( 'NONE', *, *, #864, .T. ) ;
#7920 = STYLED_ITEM ( 'NONE', ( #5421 ), #5467 ) ;
#7921 = ORIENTED_EDGE ( 'NONE', *, *, #5607, .T. ) ;
#7922 = ORIENTED_EDGE ( 'NONE', *, *, #5044, .F. ) ;
#7923 = PLANE ( 'NONE',  #6088 ) ;
#7924 = CARTESIAN_POINT ( 'NONE',  ( -3.038251868144764800, 0.0000000000000000000, -3.745358649331325600 ) ) ;
#7925 = DIRECTION ( 'NONE',  ( -0.6907124771418926600, -3.491481338843132600E-015, 0.7231295001038958700 ) ) ;
#7926 = ORIENTED_EDGE ( 'NONE', *, *, #1907, .T. ) ;
#7927 = ORIENTED_EDGE ( 'NONE', *, *, #4841, .F. ) ;
#7928 = PLANE ( 'NONE',  #856 ) ;
#7929 = ADVANCED_FACE ( 'NONE', ( #7063 ), #7862, .F. ) ;
#7930 = DIRECTION ( 'NONE',  ( -1.000000000000000000, -0.0000000000000000000, -0.0000000000000000000 ) ) ;
#7931 = EDGE_CURVE ( 'NONE', #1156, #570, #3878, .T. ) ;
#7932 = CARTESIAN_POINT ( 'NONE',  ( 3.131614392220829500, 0.3607300918301283300, -3.831914436298798700 ) ) ;
#7933 = CARTESIAN_POINT ( 'NONE',  ( 2.232323454269423000, 0.2500000000000000000, -4.491851733474584700 ) ) ;
#7934 = PLANE ( 'NONE',  #3819 ) ;
#7935 = VERTEX_POINT ( 'NONE', #7558 ) ;
#7936 = CARTESIAN_POINT ( 'NONE',  ( 4.242640687119284800, 0.0000000000000000000, 4.242640687119284800 ) ) ;
#7937 = AXIS2_PLACEMENT_3D ( 'NONE', #6300, #1851, #6873 ) ;
#7938 = CARTESIAN_POINT ( 'NONE',  ( -3.877851111921486000, 0.04310923855607483300, -3.168643545554900700 ) ) ;
#7939 = DIRECTION ( 'NONE',  ( 1.000000000000000000, -0.0000000000000000000, -0.0000000000000000000 ) ) ;
#7940 = EDGE_CURVE ( 'NONE', #1209, #6861, #6980, .T. ) ;
#7941 = LINE ( 'NONE', #5492, #6273 ) ;
#7942 = DIRECTION ( 'NONE',  ( -0.5130781995407742700, -0.08715574274766213500, 0.8539055203370574700 ) ) ;
#7943 = CYLINDRICAL_SURFACE ( 'NONE', #6565, 1.000000000000001800 ) ;
#7944 = DIRECTION ( 'NONE',  ( -1.000000000000000000, -0.0000000000000000000, -0.0000000000000000000 ) ) ;
#7945 = AXIS2_PLACEMENT_3D ( 'NONE', #7592, #3853, #1392 ) ;
#7946 = VECTOR ( 'NONE', #2652, 1000.000000000000000 ) ;
#7947 = ADVANCED_FACE ( 'NONE', ( #3468, #1775 ), #3793, .F. ) ;
#7948 = LINE ( 'NONE', #1296, #4561 ) ;
#7949 = EDGE_CURVE ( 'NONE', #5183, #4835, #7229, .T. ) ;
#7950 = ITEM_DEFINED_TRANSFORMATION ( 'NONE', 'NONE', #5813,  #3038 ) ;
#7951 = AXIS2_PLACEMENT_3D ( 'NONE', #40, #3083, #3138 ) ;
#7952 = ORIENTED_EDGE ( 'NONE', *, *, #1847, .T. ) ;
#7953 = FACE_OUTER_BOUND ( 'NONE', #28, .T. ) ;
#7954 = ORIENTED_EDGE ( 'NONE', *, *, #3232, .T. ) ;
#7955 = CARTESIAN_POINT ( 'NONE',  ( 0.0000000000000000000, 4.400000000000000400, -3.000000000000000000 ) ) ;
#7956 = CARTESIAN_POINT ( 'NONE',  ( 3.305486196285771800, 0.4000000000000012400, -4.011556637993667400 ) ) ;
#7957 = VECTOR ( 'NONE', #1026, 1000.000000000000000 ) ;
#7958 = PLANE ( 'NONE',  #4507 ) ;
#7959 = DIRECTION ( 'NONE',  ( 0.0000000000000000000, -1.000000000000000000, 0.0000000000000000000 ) ) ;
#7960 = CIRCLE ( 'NONE', #7195, 5.325000000000001100 ) ;
#7961 = AXIS2_PLACEMENT_3D ( 'NONE', #1377, #2626, #3317 ) ;
#7962 = PLANE ( 'NONE',  #6201 ) ;
#7963 = DIRECTION ( 'NONE',  ( 0.8571673007021130000, -8.511960079772419000E-017, 0.5150380749100530500 ) ) ;
#7964 = DIRECTION ( 'NONE',  ( 3.633292013170003700E-011, 0.0000000000000000000, -1.000000000000000000 ) ) ;
#7965 = DIRECTION ( 'NONE',  ( -0.8571673007021082300, 8.454845150946365700E-017, 0.5150380749100608200 ) ) ;
#7966 = CYLINDRICAL_SURFACE ( 'NONE', #1320, 0.3999999999999999100 ) ;
#7967 = DIRECTION ( 'NONE',  ( -1.000000000000000000, -0.0000000000000000000, -0.0000000000000000000 ) ) ;
#7968 = CIRCLE ( 'NONE', #15, 0.6500000000000000200 ) ;
#7969 = DIRECTION ( 'NONE',  ( -0.7071067811715978600, -0.7071067812014972800, 0.0000000000000000000 ) ) ;
#7970 = EDGE_CURVE ( 'NONE', #7793, #3313, #2781, .T. ) ;
#7971 = DIRECTION ( 'NONE',  ( 0.0000000000000000000, 1.000000000000000000, 0.0000000000000000000 ) ) ;
#7972 = DIRECTION ( 'NONE',  ( 0.0000000000000000000, -0.07478243328826662800, -0.9971998734814830900 ) ) ;
#7973 = ADVANCED_FACE ( 'NONE', ( #3279 ), #632, .F. ) ;
#7974 = ORIENTED_EDGE ( 'NONE', *, *, #5564, .T. ) ;
#7975 = VECTOR ( 'NONE', #1419, 1000.000000000000000 ) ;
#7976 = CARTESIAN_POINT ( 'NONE',  ( 3.000000000000000000, 4.400000000000000400, -6.000000000000000000 ) ) ;
#7977 = CIRCLE ( 'NONE', #7038, 0.1499999999999999700 ) ;
#7978 = B_SPLINE_CURVE_WITH_KNOTS ( 'NONE', 3,
 ( #6335, #8115, #3976, #4572, #5202, #5757 ),
 .UNSPECIFIED., .F., .F.,
 ( 4, 2, 4 ),
 ( 0.0000000000000000000, 0.5000000000000000000, 1.000000000000000000 ),
 .UNSPECIFIED. ) ;
#7979 = LINE ( 'NONE', #1783, #1222 ) ;
#7980 = EDGE_CURVE ( 'NONE', #2121, #3324, #1021, .T. ) ;
#7981 = AXIS2_PLACEMENT_3D ( 'NONE', #3265, #2704, #744 ) ;
#7982 = DIRECTION ( 'NONE',  ( 0.0000000000000000000, -1.000000000000000000, 0.0000000000000000000 ) ) ;
#7983 = CIRCLE ( 'NONE', #5137, 0.4000000000000005800 ) ;
#7984 = ORIENTED_EDGE ( 'NONE', *, *, #1020, .T. ) ;
#7985 = LINE ( 'NONE', #2360, #3000 ) ;
#7986 = AXIS2_PLACEMENT_3D ( 'NONE', #2252, #7870, #1091 ) ;
#7987 = CARTESIAN_POINT ( 'NONE',  ( 6.000000000000000000, 8.673617379884035500E-016, 0.5000000000000001100 ) ) ;
#7988 = DIRECTION ( 'NONE',  ( -0.0000000000000000000, 1.000000000000000000, -0.0000000000000000000 ) ) ;
#7989 = CARTESIAN_POINT ( 'NONE',  ( 1.850000000000001000, 0.0000000000000000000, 3.949719055553578200 ) ) ;
#7990 = CARTESIAN_POINT ( 'NONE',  ( 5.500000000000000000, 1.355252715606880500E-015, 2.449999999999999300 ) ) ;
#7991 = LINE ( 'NONE', #5701, #1796 ) ;
#7992 = EDGE_CURVE ( 'NONE', #7197, #3429, #8073, .T. ) ;
#7993 = ORIENTED_EDGE ( 'NONE', *, *, #1057, .T. ) ;
#7994 = ADVANCED_FACE ( 'NONE', ( #5229 ), #4386, .T. ) ;
#7995 = FACE_OUTER_BOUND ( 'NONE', #3577, .T. ) ;
#7996 = CARTESIAN_POINT ( 'NONE',  ( 2.847265478254240800, 0.2500000000000013300, 3.962003905699266000 ) ) ;
#7997 = DIRECTION ( 'NONE',  ( 0.8571673007021122200, -8.511960079772363500E-017, 0.5150380749100544900 ) ) ;
#7998 = ORIENTED_EDGE ( 'NONE', *, *, #5607, .F. ) ;
#7999 = EDGE_LOOP ( 'NONE', ( #7803, #7226, #7725, #5093 ) ) ;
#8000 = AXIS2_PLACEMENT_3D ( 'NONE', #7936, #4848, #4208 ) ;
#8001 = CARTESIAN_POINT ( 'NONE',  ( -6.000000000000000000, -2.168404344971008900E-016, -0.5000000000000000000 ) ) ;
#8002 = EDGE_LOOP ( 'NONE', ( #2979, #6051, #2578, #3141 ) ) ;
#8003 = VERTEX_POINT ( 'NONE', #5598 ) ;
#8005 = LINE ( 'NONE', #6481, #6811 ) ;
#8004 = CARTESIAN_POINT ( 'NONE',  ( 4.262132034355966300, -0.2499999999999989700, -2.450000000000001100 ) ) ;
#8006 = CARTESIAN_POINT ( 'NONE',  ( -2.232323454269456300, 0.0000000000000000000, -4.491851733474571300 ) ) ;
#8007 = EDGE_CURVE ( 'NONE', #945, #2282, #143, .T. ) ;
#8008 = ORIENTED_EDGE ( 'NONE', *, *, #5968, .F. ) ;
#8009 = ORIENTED_EDGE ( 'NONE', *, *, #106, .F. ) ;
#8010 = DIRECTION ( 'NONE',  ( -0.7231295001038968700, 3.491481338843133400E-015, -0.6907124771418917700 ) ) ;
#8011 = ORIENTED_EDGE ( 'NONE', *, *, #2127, .F. ) ;
#8012 = ORIENTED_EDGE ( 'NONE', *, *, #1583, .F. ) ;
#8013 = EDGE_CURVE ( 'NONE', #1236, #3376, #2274, .T. ) ;
#8014 = DIRECTION ( 'NONE',  ( 0.0000000000000000000, -0.0000000000000000000, -1.000000000000000000 ) ) ;
#8015 = ADVANCED_FACE ( 'NONE', ( #3764 ), #1207, .F. ) ;
#8016 = CARTESIAN_POINT ( 'NONE',  ( 4.262132034355966300, -0.2499999999999989700, 2.449999999999999300 ) ) ;
#8017 = DIRECTION ( 'NONE',  ( -0.5150380749100536000, 0.0000000000000000000, 0.8571673007021125600 ) ) ;
#8018 = CARTESIAN_POINT ( 'NONE',  ( -4.242640687119284800, 5.000000000000000000, 4.242640687119285700 ) ) ;
#8019 = ORIENTED_EDGE ( 'NONE', *, *, #2203, .F. ) ;
#8020 = CARTESIAN_POINT ( 'NONE',  ( -3.113047079054827500, 3.480383882375759000E-016, -3.819090036748163700 ) ) ;
#8021 = VERTEX_POINT ( 'NONE', #33 ) ;
#8022 = EDGE_LOOP ( 'NONE', ( #267, #7527, #6814, #2534, #7625, #3588, #6913, #1912, #6350, #6243, #222, #1331, #3914, #1135, #1300, #7402, #1322, #7376, #6527, #4275, #5678, #5288, #3146, #1452, #6947, #4253, #7811, #3543, #247, #5378 ) ) ;
#8023 = DIRECTION ( 'NONE',  ( 0.5150380749100598200, 0.0000000000000000000, 0.8571673007021088900 ) ) ;
#8024 = CARTESIAN_POINT ( 'NONE',  ( -3.982663422528962500, 0.1912053364946879600, -3.273322737776066700 ) ) ;
#8025 = AXIS2_PLACEMENT_3D ( 'NONE', #7990, #5020, #7531 ) ;
#8026 = VERTEX_POINT ( 'NONE', #1232 ) ;
#8027 = CARTESIAN_POINT ( 'NONE',  ( -2.809512942779034200, 0.2499999999999998900, 3.516619723965575900 ) ) ;
#8028 = ORIENTED_EDGE ( 'NONE', *, *, #4696, .F. ) ;
#8029 = VERTEX_POINT ( 'NONE', #4415 ) ;
#8030 = CARTESIAN_POINT ( 'NONE',  ( 4.005153813375542000, 3.491061948380444600, -3.343254275959457500 ) ) ;
#8031 = CARTESIAN_POINT ( 'NONE',  ( 3.022039096752202200, 0.2500000000000000000, -3.729145877938739900 ) ) ;
#8032 = CARTESIAN_POINT ( 'NONE',  ( -3.979289321885084900, -0.3828427124783568300, 2.449999999999999300 ) ) ;
#8033 = AXIS2_PLACEMENT_3D ( 'NONE', #6479, #914, #7824 ) ;
#8034 = CARTESIAN_POINT ( 'NONE',  ( -4.242640687119284800, 0.0000000000000000000, -4.242640687119284800 ) ) ;
#8035 = ADVANCED_FACE ( 'NONE', ( #5909 ), #2878, .F. ) ;
#8036 = CARTESIAN_POINT ( 'NONE',  ( 0.0000000000000000000, 0.0000000000000000000, 0.0000000000000000000 ) ) ;
#8037 = VECTOR ( 'NONE', #4563, 1000.000000000000100 ) ;
#8038 = LINE ( 'NONE', #2848, #2748 ) ;
#8039 = DIRECTION ( 'NONE',  ( 1.000000000000000000, 0.0000000000000000000, 0.0000000000000000000 ) ) ;
#8040 = EDGE_CURVE ( 'NONE', #570, #118, #4375, .T. ) ;
#8041 = CARTESIAN_POINT ( 'NONE',  ( 0.9500000000000005100, 0.0000000000000000000, -6.299999999999998900 ) ) ;
#8042 = CARTESIAN_POINT ( 'NONE',  ( 3.273322737776067600, 0.1912053364946895200, -3.982663422528963900 ) ) ;
#8043 = CARTESIAN_POINT ( 'NONE',  ( 3.979289321885084900, -0.3828427124783559400, 2.449999999999999300 ) ) ;
#8044 = DIRECTION ( 'NONE',  ( 0.0000000000000000000, 0.0000000000000000000, -1.000000000000000000 ) ) ;
#8045 = ORIENTED_EDGE ( 'NONE', *, *, #3526, .F. ) ;
#8046 = LINE ( 'NONE', #3896, #5506 ) ;
#8047 = CARTESIAN_POINT ( 'NONE',  ( -3.821364523832309500, 0.3217020011855081200, -3.119254674084823300 ) ) ;
#8048 = LINE ( 'NONE', #6179, #7247 ) ;
#8049 = ORIENTED_EDGE ( 'NONE', *, *, #975, .F. ) ;
#8050 = DIRECTION ( 'NONE',  ( 0.0000000000000000000, -0.0000000000000000000, -1.000000000000000000 ) ) ;
#8051 = ORIENTED_EDGE ( 'NONE', *, *, #3827, .T. ) ;
#8052 = EDGE_CURVE ( 'NONE', #5795, #1724, #4274, .T. ) ;
#8053 = LINE ( 'NONE', #6710, #6566 ) ;
#8054 = CARTESIAN_POINT ( 'NONE',  ( -5.499999999999996400, -0.5000000000000002200, -2.450000000000001100 ) ) ;
#8055 = ORIENTED_EDGE ( 'NONE', *, *, #2058, .F. ) ;
#8056 = ADVANCED_FACE ( 'NONE', ( #4747 ), #4068, .T. ) ;
#8057 = VECTOR ( 'NONE', #7127, 1000.000000000000000 ) ;
#8058 = SHAPE_REPRESENTATION ( '13008902', ( #3038 ), #4818 ) ;
#8059 = VECTOR ( 'NONE', #2736, 1000.000000000000200 ) ;
#8060 = DIRECTION ( 'NONE',  ( 0.5150380749100608200, 0.0000000000000000000, 0.8571673007021082300 ) ) ;
#8061 = CARTESIAN_POINT ( 'NONE',  ( 3.407986071760434200, 0.3999999999999984700, -3.567932165683040100 ) ) ;
#8062 = ORIENTED_EDGE ( 'NONE', *, *, #465, .T. ) ;
#8063 = EDGE_LOOP ( 'NONE', ( #4789, #3497, #6884, #1902 ) ) ;
#8064 = LINE ( 'NONE', #3663, #7854 ) ;
#8065 = VERTEX_POINT ( 'NONE', #7665 ) ;
#8066 = CARTESIAN_POINT ( 'NONE',  ( 0.0000000000000000000, 5.000000000000000000, 0.0000000000000000000 ) ) ;
#8067 = CIRCLE ( 'NONE', #4294, 5.325000000000001100 ) ;
#8068 = EDGE_CURVE ( 'NONE', #374, #6717, #5729, .T. ) ;
#8069 = CARTESIAN_POINT ( 'NONE',  ( -1.935716730070210900, 0.2500000000000000000, -3.998215248062575900 ) ) ;
#8070 = VECTOR ( 'NONE', #3250, 1000.000000000000000 ) ;
#8071 = DIRECTION ( 'NONE',  ( 1.000000000000000000, 0.0000000000000000000, -0.0000000000000000000 ) ) ;
#8072 = DIRECTION ( 'NONE',  ( 0.0000000000000000000, 0.0000000000000000000, 1.000000000000000000 ) ) ;
#8073 = LINE ( 'NONE', #2488, #925 ) ;
#8074 = DIRECTION ( 'NONE',  ( -0.8571673007021126700, 0.0000000000000000000, -0.5150380749100537100 ) ) ;
#8075 = EDGE_CURVE ( 'NONE', #5860, #1940, #7372, .T. ) ;
#8076 = DIRECTION ( 'NONE',  ( -0.7071067811865460200, 0.0000000000000000000, -0.7071067811865489100 ) ) ;
#8077 = CIRCLE ( 'NONE', #515, 1.000000000000001800 ) ;
#8079 = CYLINDRICAL_SURFACE ( 'NONE', #130, 0.4999999999999995600 ) ;
#8078 = CARTESIAN_POINT ( 'NONE',  ( -4.242640687119284800, 0.0000000000000000000, -3.242640687119283000 ) ) ;
#8080 = EDGE_CURVE ( 'NONE', #2479, #3486, #5900, .T. ) ;
#8081 = ADVANCED_FACE ( 'NONE', ( #1391 ), #1413, .F. ) ;
#8082 = CIRCLE ( 'NONE', #7693, 1.000000000000001800 ) ;
#8083 = CARTESIAN_POINT ( 'NONE',  ( 4.156066017177984400, -0.2060660171779816200, -2.450000000000001100 ) ) ;
#8084 = EDGE_LOOP ( 'NONE', ( #5481, #3664, #6779, #6428 ) ) ;
#8085 = DIRECTION ( 'NONE',  ( -0.0000000000000000000, 1.000000000000000000, -0.0000000000000000000 ) ) ;
#8086 = CYLINDRICAL_SURFACE ( 'NONE', #1839, 0.4999999999999998900 ) ;
#8087 = DIRECTION ( 'NONE',  ( -0.04488852596211356800, 0.9961946980917452100, 0.07470705275169990700 ) ) ;
#8088 = LINE ( 'NONE', #3233, #4585 ) ;
#8089 = DIRECTION ( 'NONE',  ( 0.0000000000000000000, 0.0000000000000000000, -1.000000000000000000 ) ) ;
#8090 = CARTESIAN_POINT ( 'NONE',  ( -3.103418553237960300, 2.702328844871626100, -3.894300576673963100 ) ) ;
#8091 = CARTESIAN_POINT ( 'NONE',  ( -5.750000000000000000, 0.0000000000000000000, -0.5000000000000000000 ) ) ;
#8092 = VECTOR ( 'NONE', #6941, 999.9999999999998900 ) ;
#8093 = EDGE_LOOP ( 'NONE', ( #5709, #3919, #6536, #1989 ) ) ;
#8094 = LINE ( 'NONE', #1442, #6408 ) ;
#8095 = EDGE_CURVE ( 'NONE', #1438, #1400, #7577, .T. ) ;
#8096 = CARTESIAN_POINT ( 'NONE',  ( 5.499999999999996400, -0.4999999999999989500, -2.450000000000001100 ) ) ;
#8097 = ORIENTED_EDGE ( 'NONE', *, *, #2180, .F. ) ;
#8098 = CARTESIAN_POINT ( 'NONE',  ( 4.156066017177984400, -0.2060660171779816200, 2.449999999999999300 ) ) ;
#8099 = CARTESIAN_POINT ( 'NONE',  ( -0.9499999999999995100, 0.0000000000000000000, -6.299999999999998900 ) ) ;
#8100 = ADVANCED_FACE ( 'NONE', ( #1672 ), #4055, .F. ) ;
#8101 = CARTESIAN_POINT ( 'NONE',  ( -3.000000000000000000, 4.400000000000000400, -4.399502812818740300 ) ) ;
#8102 = AXIS2_PLACEMENT_3D ( 'NONE', #6754, #3035, #2418 ) ;
#8103 = DIRECTION ( 'NONE',  ( 0.0000000000000000000, -1.000000000000000000, 0.0000000000000000000 ) ) ;
#8104 = ORIENTED_EDGE ( 'NONE', *, *, #2433, .T. ) ;
#8105 = ORIENTED_EDGE ( 'NONE', *, *, #6875, .F. ) ;
#8106 = LINE ( 'NONE', #7653, #6231 ) ;
#8107 = DIRECTION ( 'NONE',  ( 0.7071067811865490200, 0.0000000000000000000, -0.7071067811865461300 ) ) ;
#8108 = EDGE_LOOP ( 'NONE', ( #7921, #4201, #67, #4933 ) ) ;
#8109 = ORIENTED_EDGE ( 'NONE', *, *, #4344, .F. ) ;
#8110 = DIRECTION ( 'NONE',  ( 0.7071067811865462400, 0.0000000000000000000, 0.7071067811865489100 ) ) ;
#8111 = EDGE_CURVE ( 'NONE', #176, #939, #3270, .T. ) ;
#8112 = ORIENTED_EDGE ( 'NONE', *, *, #6158, .T. ) ;
#8113 = VERTEX_POINT ( 'NONE', #1931 ) ;
#8114 = ORIENTED_EDGE ( 'NONE', *, *, #2513, .T. ) ;
#8115 = CARTESIAN_POINT ( 'NONE',  ( -3.831914436298797400, 0.3607300918301283300, -3.131614392220829500 ) ) ;
#8116 = DIRECTION ( 'NONE',  ( -0.8571673007021084500, 8.454845150946368200E-017, 0.5150380749100610400 ) ) ;
#8117 = AXIS2_PLACEMENT_3D ( 'NONE', #3298, #4552, #180 ) ;
#8118 = DIRECTION ( 'NONE',  ( -8.031127203596331800E-017, -6.697973508958929100E-033, -1.000000000000000000 ) ) ;
#8119 = ORIENTED_EDGE ( 'NONE', *, *, #2180, .T. ) ;
#8120 = VERTEX_POINT ( 'NONE', #3240 ) ;
#8121 = ORIENTED_EDGE ( 'NONE', *, *, #7825, .T. ) ;
#8122 = CARTESIAN_POINT ( 'NONE',  ( -0.9499999999999988500, 0.2500000000000000000, 1.000000000000000000 ) ) ;
#8123 = EDGE_CURVE ( 'NONE', #2468, #5938, #5322, .T. ) ;
#8124 = AXIS2_PLACEMENT_3D ( 'NONE', #4614, #4027, #6455 ) ;
#8125 = DIRECTION ( 'NONE',  ( 0.8571673007021083400, 0.0000000000000000000, -0.5150380749100608200 ) ) ;
#8126 = ORIENTED_EDGE ( 'NONE', *, *, #2637, .F. ) ;
#8127 = ORIENTED_EDGE ( 'NONE', *, *, #686, .F. ) ;
#8128 = ORIENTED_EDGE ( 'NONE', *, *, #2365, .T. ) ;
#8129 = NEXT_ASSEMBLY_USAGE_OCCURRENCE ( 'NAUO1', ' ', ' ', #5146, #7325, $ ) ;
#8130 = NEXT_ASSEMBLY_USAGE_OCCURRENCE ( 'NAUO2', ' ', ' ', #5146, #5291, $ ) ;
#8131 = NEXT_ASSEMBLY_USAGE_OCCURRENCE ( 'NAUO3', ' ', ' ', #5146, #4717, $ ) ;
ENDSEC;
END-ISO-10303-21;
